match,code,series,date,teams,status,note
21463,apl_afg,2767,2018-10-05,Kabul Zwanan v Paktia Panthers,ok,unresolved name; 
21464,apl_afg,2767,2018-10-06,Kandahar Knights v Nangarhar Leopards,ok,
21465,apl_afg,2767,2018-10-06,Balkh Legends v Kabul Zwanan,ok,
21466,apl_afg,2767,2018-10-07,Nangarhar Leopards v Paktia Panthers,ok,
21467,apl_afg,2767,2018-10-07,Balkh Legends v Kandahar Knights,ok,inn1 off by -3; 
21468,apl_afg,2767,2018-10-09,Kabul Zwanan v Nangarhar Leopards,ok,"unparsed: legbyes, 1 run, clips the batsman's pads; "
21469,apl_afg,2767,2018-10-10,Balkh Legends v Paktia Panthers,ok,
21470,apl_afg,2767,2018-10-11,Kabul Zwanan v Kandahar Knights,ok,
21471,apl_afg,2767,2018-10-11,Balkh Legends v Nangarhar Leopards,ok,
21472,apl_afg,2767,2018-10-12,Kandahar Knights v Paktia Panthers,ok,
21473,apl_afg,2767,2018-10-12,Kabul Zwanan v Nangarhar Leopards,ok,
21474,apl_afg,2767,2018-10-13,Balkh Legends v Paktia Panthers,ok,
21475,apl_afg,2767,2018-10-14,Nangarhar Leopards v Paktia Panthers,ok,
21476,apl_afg,2767,2018-10-16,Kabul Zwanan v Kandahar Knights,ok,
21477,apl_afg,2767,2018-10-17,Balkh Legends v Nangarhar Leopards,ok,
21478,apl_afg,2767,2018-10-17,Kandahar Knights v Paktia Panthers,skip:inn1 runs 171/167 balls 120/120 wkts 7/7,
21479,apl_afg,2767,2018-10-18,Balkh Legends v Kandahar Knights,ok,
21480,apl_afg,2767,2018-10-18,Kabul Zwanan v Paktia Panthers,ok,
21481,apl_afg,2767,2018-10-19,Balkh Legends v Nangarhar Leopards,ok,
21482,apl_afg,2767,2018-10-20,Paktia Panthers v Kabul Zwanan,ok,inn1 off by -3; 
21483,apl_afg,2767,2018-10-21,Balkh Legends v Kabul Zwanan,ok,
21484,apl_afg,2767,2018-10-13,Kandahar Knights v Nangarhar Leopards,ok,inn1 off by 1; 
21485,apl_afg,2767,2018-10-14,Balkh Legends v Kabul Zwanan,ok,inn1 off by -3; 
130190,apl_andhra,10592,2025-08-08,Kakinada Kings v Amaravati Royals,ok,
130201,apl_andhra,10592,2025-08-09,Vijayawada Sunshiners v Royals of Rayalaseema,ok,
130206,apl_andhra,10592,2025-08-09,Tungabhadra Warriors v Simhadri Vizag Lions,ok,
130212,apl_andhra,10592,2025-08-10,Kakinada Kings v Vijayawada Sunshiners,ok,
130217,apl_andhra,10592,2025-08-10,Bhimavaram Bulls v Royals of Rayalaseema,ok,
130228,apl_andhra,10592,2025-08-11,Amaravati Royals v Tungabhadra Warriors,ok,
130239,apl_andhra,10592,2025-08-11,Simhadri Vizag Lions v Kakinada Kings,ok,
130245,apl_andhra,10592,2025-08-12,Bhimavaram Bulls v Amaravati Royals,ok,
130256,apl_andhra,10592,2025-08-12,Vijayawada Sunshiners v Simhadri Vizag Lions,ok,
130261,apl_andhra,10592,2025-08-13,Royals of Rayalaseema v Tungabhadra Warriors,ok,
130267,apl_andhra,10592,2025-08-13,Vijayawada Sunshiners v Bhimavaram Bulls,ok,
130278,apl_andhra,10592,,,skip:no-scorecard,
130283,apl_andhra,10592,2025-08-15,Bhimavaram Bulls v Tungabhadra Warriors,ok,
130294,apl_andhra,10592,2025-08-16,Amaravati Royals v Simhadri Vizag Lions,ok,
130300,apl_andhra,10592,2025-08-16,Tungabhadra Warriors v Kakinada Kings,ok,
130311,apl_andhra,10592,,,skip:no-scorecard,
130316,apl_andhra,10592,2025-08-17,Royals of Rayalaseema v Kakinada Kings,ok,
130327,apl_andhra,10592,2025-08-18,Tungabhadra Warriors v Vijayawada Sunshiners,ok,
130338,apl_andhra,10592,2025-08-18,Royals of Rayalaseema v Amaravati Royals,ok,
130349,apl_andhra,10592,2025-08-19,Kakinada Kings v Bhimavaram Bulls,ok,
130388,apl_andhra,10592,2025-08-19,Amaravati Royals v Vijayawada Sunshiners,ok,
130393,apl_andhra,10592,2025-08-21,Vijayawada Sunshiners v Bhimavaram Bulls,ok,
130399,apl_andhra,10592,2025-08-21,Amaravati Royals v Tungabhadra Warriors,ok,
130404,apl_andhra,10592,2025-08-22,Tungabhadra Warriors v Bhimavaram Bulls,ok,
130410,apl_andhra,10592,2025-08-23,Amaravati Royals v Tungabhadra Warriors,ok,
32113,bangabandhu_t20_cup,3348,2020-11-24,Beximco Dhaka v Minister Group Rajshahi,ok,
32117,bangabandhu_t20_cup,3348,2020-11-24,Fortune Barishal v Gemcon Khulna,ok,
32118,bangabandhu_t20_cup,3348,2020-11-26,Gemcon Khulna v Minister Group Rajshahi,ok,inn2 off by 1; 
32122,bangabandhu_t20_cup,3348,2020-11-26,Gazi Group Chattogram v Beximco Dhaka,ok,
32127,bangabandhu_t20_cup,3348,2020-11-28,Gemcon Khulna v Gazi Group Chattogram,ok,
32128,bangabandhu_t20_cup,3348,2020-11-28,Minister Group Rajshahi v Fortune Barishal,ok,
32132,bangabandhu_t20_cup,3348,2020-11-30,Fortune Barishal v Gazi Group Chattogram,ok,
32133,bangabandhu_t20_cup,3348,2020-11-30,Beximco Dhaka v Gemcon Khulna,ok,
32137,bangabandhu_t20_cup,3348,2020-12-02,Fortune Barishal v Beximco Dhaka,ok,
32142,bangabandhu_t20_cup,3348,2020-12-02,Minister Group Rajshahi v Gazi Group Chattogram,ok,
32143,bangabandhu_t20_cup,3348,2020-12-04,Fortune Barishal v Gemcon Khulna,ok,
32148,bangabandhu_t20_cup,3348,2020-12-04,Beximco Dhaka v Minister Group Rajshahi,ok,
32152,bangabandhu_t20_cup,3348,2020-12-06,Gazi Group Chattogram v Beximco Dhaka,ok,
32157,bangabandhu_t20_cup,3348,2020-12-06,Gemcon Khulna v Minister Group Rajshahi,ok,
32158,bangabandhu_t20_cup,3348,2020-12-08,Minister Group Rajshahi v Fortune Barishal,ok,
32163,bangabandhu_t20_cup,3348,2020-12-08,Gemcon Khulna v Gazi Group Chattogram,ok,
32167,bangabandhu_t20_cup,3348,2020-12-10,Beximco Dhaka v Gemcon Khulna,ok,
32168,bangabandhu_t20_cup,3348,2020-12-10,Fortune Barishal v Gazi Group Chattogram,ok,
32173,bangabandhu_t20_cup,3348,2020-12-12,Minister Group Rajshahi v Gazi Group Chattogram,ok,
32177,bangabandhu_t20_cup,3348,2020-12-12,Fortune Barishal v Beximco Dhaka,ok,
32182,bangabandhu_t20_cup,3348,2020-12-14,Beximco Dhaka v Fortune Barishal,ok,
32187,bangabandhu_t20_cup,3348,2020-12-14,Gazi Group Chattogram v Gemcon Khulna,ok,
32188,bangabandhu_t20_cup,3348,2020-12-15,Beximco Dhaka v Gazi Group Chattogram,ok,
32192,bangabandhu_t20_cup,3348,2020-12-18,Gemcon Khulna v Gazi Group Chattogram,ok,
101564,bbl,8535,2024-12-15,Perth Scorchers v Melbourne Stars,skip:already-in-db,
101570,bbl,8535,2024-12-16,Sydney Sixers v Melbourne Renegades,skip:already-in-db,
101571,bbl,8535,2024-12-17,Sydney Thunder v Adelaide Strikers,skip:already-in-db,
101577,bbl,8535,2024-12-18,Melbourne Stars v Brisbane Heat,skip:already-in-db,
101581,bbl,8535,2024-12-19,Melbourne Renegades v Hobart Hurricanes,skip:already-in-db,
101590,bbl,8535,2024-12-20,Adelaide Strikers v Melbourne Stars,skip:already-in-db,
101599,bbl,8535,2024-12-21,Hobart Hurricanes v Perth Scorchers,skip:already-in-db,
101608,bbl,8535,2024-12-21,Sydney Sixers v Sydney Thunder,skip:already-in-db,
101613,bbl,8535,2024-12-22,Brisbane Heat v Adelaide Strikers,skip:already-in-db,
101617,bbl,8535,2024-12-23,Melbourne Renegades v Perth Scorchers,skip:already-in-db,
101626,bbl,8535,2024-12-26,Sydney Sixers v Melbourne Stars,skip:already-in-db,
101635,bbl,8535,2024-12-26,Perth Scorchers v Brisbane Heat,skip:already-in-db,
101640,bbl,8535,2024-12-27,Adelaide Strikers v Hobart Hurricanes,skip:already-in-db,
101644,bbl,8535,2024-12-28,Melbourne Stars v Sydney Thunder,skip:already-in-db,
101653,bbl,8535,2024-12-29,Brisbane Heat v Sydney Sixers,skip:already-in-db,
101662,bbl,8535,2024-12-30,Sydney Thunder v Melbourne Renegades,skip:already-in-db,
101671,bbl,8535,2024-12-31,Adelaide Strikers v Perth Scorchers,skip:already-in-db,
101680,bbl,8535,2025-01-01,Hobart Hurricanes v Sydney Sixers,skip:already-in-db,
101685,bbl,8535,2025-01-01,Brisbane Heat v Melbourne Stars,skip:already-in-db,
101694,bbl,8535,2025-01-02,Melbourne Renegades v Adelaide Strikers,skip:already-in-db,
101698,bbl,8535,,,skip:no-scorecard,
101703,bbl,8535,2025-01-03,Perth Scorchers v Sydney Thunder,skip:already-in-db,
101712,bbl,8535,2025-01-04,Melbourne Renegades v Melbourne Stars,skip:already-in-db,
101716,bbl,8535,2025-01-05,Hobart Hurricanes v Adelaide Strikers,skip:already-in-db,
101725,bbl,8535,2025-01-06,Brisbane Heat v Sydney Thunder,skip:already-in-db,
101734,bbl,8535,2025-01-07,Perth Scorchers v Melbourne Renegades,skip:already-in-db,
101743,bbl,8535,,,skip:no-scorecard,
101748,bbl,8535,2025-01-09,Melbourne Stars v Sydney Sixers,skip:already-in-db,
101752,bbl,8535,2025-01-10,Hobart Hurricanes v Sydney Thunder,skip:already-in-db,
101757,bbl,8535,2025-01-11,Sydney Sixers v Perth Scorchers,skip:already-in-db,
101761,bbl,8535,2025-01-11,Adelaide Strikers v Brisbane Heat,skip:already-in-db,
101766,bbl,8535,2025-01-12,Melbourne Renegades v Melbourne Stars,skip:already-in-db,
101775,bbl,8535,2025-01-13,Sydney Thunder v Perth Scorchers,skip:already-in-db,
101784,bbl,8535,2025-01-14,Hobart Hurricanes v Melbourne Renegades,skip:already-in-db,
101788,bbl,8535,2025-01-15,Adelaide Strikers v Sydney Sixers,skip:already-in-db,
101793,bbl,8535,2025-01-16,Brisbane Heat v Hobart Hurricanes,skip:already-in-db,
101797,bbl,8535,2025-01-17,Sydney Sixers v Sydney Thunder,skip:already-in-db,
101806,bbl,8535,2025-01-18,Melbourne Renegades v Brisbane Heat,skip:already-in-db,
101815,bbl,8535,2025-01-18,Perth Scorchers v Adelaide Strikers,skip:already-in-db,
101820,bbl,8535,2025-01-19,Melbourne Stars v Hobart Hurricanes,skip:already-in-db,
101829,bbl,8535,2025-01-21,Hobart Hurricanes v Sydney Sixers,skip:already-in-db,
101833,bbl,8535,2025-01-22,Sydney Thunder v Melbourne Stars,skip:already-in-db,
11082,bbl,2108,2011-12-16,Sydney Sixers v Brisbane Heat,skip:already-in-db,
11083,bbl,2108,2011-12-17,Melbourne Stars v Sydney Thunder,skip:already-in-db,
11084,bbl,2108,2011-12-18,Adelaide Strikers v Melbourne Renegades,skip:already-in-db,
11085,bbl,2108,2011-12-18,Perth Scorchers v Hobart Hurricanes,skip:already-in-db,
11086,bbl,2108,2011-12-20,Brisbane Heat v Melbourne Stars,skip:already-in-db,
11087,bbl,2108,2011-12-21,Hobart Hurricanes v Sydney Sixers,skip:already-in-db,
11088,bbl,2108,2011-12-22,Melbourne Renegades v Perth Scorchers,skip:already-in-db,
11089,bbl,2108,2011-12-23,Sydney Thunder v Adelaide Strikers,skip:already-in-db,
11090,bbl,2108,2011-12-27,Sydney Sixers v Melbourne Stars,skip:already-in-db,
11091,bbl,2108,2011-12-28,Adelaide Strikers v Hobart Hurricanes,skip:already-in-db,
11092,bbl,2108,2011-12-29,Perth Scorchers v Brisbane Heat,skip:already-in-db,
11093,bbl,2108,2011-12-30,Sydney Thunder v Melbourne Renegades,skip:already-in-db,
11094,bbl,2108,2012-01-01,Hobart Hurricanes v Sydney Thunder,skip:already-in-db,
11095,bbl,2108,2012-01-02,Melbourne Renegades v Sydney Sixers,skip:already-in-db,
11096,bbl,2108,2012-01-03,Brisbane Heat v Adelaide Strikers,skip:inn1 no commentary | inn2 no commentary,
11097,bbl,2108,2012-01-04,Melbourne Stars v Perth Scorchers,skip:already-in-db,
11098,bbl,2108,2012-01-06,Brisbane Heat v Hobart Hurricanes,skip:inn1 no commentary | inn2 no commentary,
11099,bbl,2108,2012-01-07,Melbourne Stars v Melbourne Renegades,skip:inn1 no commentary | inn2 no commentary,
11100,bbl,2108,2012-01-08,Sydney Thunder v Sydney Sixers,skip:already-in-db,
11101,bbl,2108,2012-01-08,Perth Scorchers v Adelaide Strikers,skip:already-in-db,
11102,bbl,2108,2012-01-09,Hobart Hurricanes v Melbourne Stars,skip:already-in-db,
11103,bbl,2108,2012-01-10,Adelaide Strikers v Sydney Sixers,skip:already-in-db,
11104,bbl,2108,2012-01-11,Sydney Thunder v Perth Scorchers,skip:inn1 no commentary | inn2 no commentary,
11105,bbl,2108,2012-01-12,Melbourne Renegades v Brisbane Heat,skip:already-in-db,
11106,bbl,2108,2012-01-17,Brisbane Heat v Sydney Thunder,skip:already-in-db,
11107,bbl,2108,2012-01-18,Hobart Hurricanes v Melbourne Renegades,skip:already-in-db,
11108,bbl,2108,2012-01-18,Sydney Sixers v Perth Scorchers,skip:already-in-db,
11109,bbl,2108,2012-01-19,Melbourne Stars v Adelaide Strikers,skip:already-in-db,
11110,bbl,2108,2012-01-21,Perth Scorchers v Melbourne Stars,skip:already-in-db,
11111,bbl,2108,2012-01-22,Hobart Hurricanes v Sydney Sixers,skip:already-in-db,
11112,bbl,2108,2012-01-28,Perth Scorchers v Sydney Sixers,skip:already-in-db,
12766,bbl,2215,2013-12-20,Melbourne Stars v Melbourne Renegades,skip:already-in-db,
12767,bbl,2215,2013-12-21,Sydney Sixers v Sydney Thunder,skip:already-in-db,
12768,bbl,2215,2013-12-22,Hobart Hurricanes v Adelaide Strikers,skip:already-in-db,
12769,bbl,2215,2013-12-22,Brisbane Heat v Perth Scorchers,skip:already-in-db,
12770,bbl,2215,2013-12-26,Perth Scorchers v Melbourne Renegades,skip:already-in-db,
12771,bbl,2215,2013-12-27,Sydney Thunder v Adelaide Strikers,skip:already-in-db,
12772,bbl,2215,2013-12-28,Brisbane Heat v Hobart Hurricanes,skip:already-in-db,
12773,bbl,2215,2013-12-29,Sydney Sixers v Melbourne Stars,skip:already-in-db,
12774,bbl,2215,2013-12-30,Melbourne Renegades v Brisbane Heat,skip:already-in-db,
12775,bbl,2215,2013-12-31,Adelaide Strikers v Perth Scorchers,skip:inn1 no commentary | inn2 no commentary,
12776,bbl,2215,2014-01-01,Hobart Hurricanes v Melbourne Renegades,skip:already-in-db,
12777,bbl,2215,2014-01-01,Sydney Thunder v Melbourne Stars,skip:already-in-db,
12778,bbl,2215,2014-01-02,Brisbane Heat v Sydney Sixers,skip:already-in-db,
12779,bbl,2215,2014-01-03,Perth Scorchers v Sydney Thunder,skip:already-in-db,
12780,bbl,2215,2014-01-04,Melbourne Renegades v Melbourne Stars,skip:already-in-db,
12781,bbl,2215,2014-01-05,Adelaide Strikers v Sydney Sixers,skip:already-in-db,
12782,bbl,2215,2014-01-07,Perth Scorchers v Hobart Hurricanes,skip:already-in-db,
12783,bbl,2215,2014-01-08,Sydney Thunder v Brisbane Heat,skip:already-in-db,
12784,bbl,2215,2014-01-09,Melbourne Stars v Adelaide Strikers,skip:already-in-db,
12785,bbl,2215,2014-01-10,Sydney Sixers v Perth Scorchers,skip:already-in-db,
12786,bbl,2215,2014-01-11,Hobart Hurricanes v Sydney Thunder,skip:already-in-db,
12787,bbl,2215,2014-01-11,Brisbane Heat v Melbourne Stars,skip:already-in-db,
12788,bbl,2215,2014-01-14,Melbourne Renegades v Sydney Thunder,skip:already-in-db,
12789,bbl,2215,2014-01-15,Sydney Sixers v Hobart Hurricanes,skip:already-in-db,
12790,bbl,2215,2014-01-16,Perth Scorchers v Adelaide Strikers,skip:already-in-db,
12791,bbl,2215,2014-01-18,Adelaide Strikers v Brisbane Heat,skip:already-in-db,
12792,bbl,2215,2014-01-18,Melbourne Renegades v Sydney Sixers,skip:already-in-db,
12793,bbl,2215,2014-01-21,Melbourne Stars v Hobart Hurricanes,skip:already-in-db,
12794,bbl,2215,2014-01-22,Adelaide Strikers v Melbourne Renegades,skip:already-in-db,
12795,bbl,2215,2014-01-23,Hobart Hurricanes v Brisbane Heat,skip:already-in-db,
12796,bbl,2215,2014-01-25,Sydney Thunder v Sydney Sixers,skip:already-in-db,
12797,bbl,2215,2014-01-27,Melbourne Stars v Perth Scorchers,skip:already-in-db,
12798,bbl,2215,2014-02-04,Melbourne Stars v Hobart Hurricanes,skip:already-in-db,
12799,bbl,2215,2014-02-05,Sydney Sixers v Perth Scorchers,skip:already-in-db,
12800,bbl,2215,2014-02-07,Perth Scorchers v Hobart Hurricanes,skip:already-in-db,
16725,bbl,2471,2016-12-20,Sydney Thunder v Sydney Sixers,skip:already-in-db,
16726,bbl,2471,2016-12-21,Adelaide Strikers v Brisbane Heat,skip:already-in-db,
16727,bbl,2471,2016-12-22,Melbourne Renegades v Sydney Thunder,skip:already-in-db,
16728,bbl,2471,2016-12-23,Sydney Sixers v Hobart Hurricanes,skip:already-in-db,
16729,bbl,2471,2016-12-23,Perth Scorchers v Adelaide Strikers,skip:already-in-db,
16730,bbl,2471,2016-12-26,Hobart Hurricanes v Melbourne Stars,skip:already-in-db,
16731,bbl,2471,2016-12-27,Sydney Sixers v Perth Scorchers,skip:already-in-db,
16732,bbl,2471,2016-12-28,Sydney Thunder v Brisbane Heat,skip:already-in-db,
16733,bbl,2471,2016-12-29,Melbourne Renegades v Perth Scorchers,skip:already-in-db,
16734,bbl,2471,2016-12-30,Brisbane Heat v Hobart Hurricanes,skip:already-in-db,
16735,bbl,2471,2016-12-31,Adelaide Strikers v Sydney Sixers,skip:already-in-db,
16736,bbl,2471,2017-01-01,Melbourne Stars v Melbourne Renegades,skip:already-in-db,
16737,bbl,2471,2017-01-01,Perth Scorchers v Sydney Thunder,skip:already-in-db,
16738,bbl,2471,2017-01-02,Hobart Hurricanes v Adelaide Strikers,skip:already-in-db,
16739,bbl,2471,2017-01-03,Brisbane Heat v Sydney Sixers,skip:already-in-db,
16740,bbl,2471,2017-01-04,Sydney Thunder v Melbourne Stars,skip:already-in-db,
16741,bbl,2471,2017-01-05,Perth Scorchers v Brisbane Heat,skip:already-in-db,
16742,bbl,2471,2017-01-06,Adelaide Strikers v Hobart Hurricanes,skip:already-in-db,
16743,bbl,2471,2017-01-07,Melbourne Renegades v Melbourne Stars,skip:already-in-db,
16744,bbl,2471,2017-01-08,Hobart Hurricanes v Sydney Thunder,skip:already-in-db,
16745,bbl,2471,2017-01-09,Sydney Sixers v Melbourne Renegades,skip:already-in-db,
16746,bbl,2471,2017-01-10,Melbourne Stars v Adelaide Strikers,skip:already-in-db,
16747,bbl,2471,2017-01-11,Brisbane Heat v Perth Scorchers,skip:already-in-db,
16748,bbl,2471,2017-01-12,Melbourne Renegades v Hobart Hurricanes,skip:already-in-db,
16749,bbl,2471,2017-01-14,Sydney Thunder v Sydney Sixers,skip:already-in-db,
16750,bbl,2471,2017-01-14,Perth Scorchers v Melbourne Stars,skip:already-in-db,
16751,bbl,2471,2017-01-16,Adelaide Strikers v Melbourne Renegades,skip:already-in-db,
16752,bbl,2471,2017-01-17,Melbourne Stars v Brisbane Heat,skip:already-in-db,
16753,bbl,2471,2017-01-18,Sydney Thunder v Adelaide Strikers,skip:already-in-db,
16754,bbl,2471,2017-01-20,Brisbane Heat v Melbourne Renegades,skip:already-in-db,
16755,bbl,2471,2017-01-21,Hobart Hurricanes v Perth Scorchers,skip:already-in-db,
16756,bbl,2471,2017-01-21,Melbourne Stars v Sydney Sixers,skip:already-in-db,
16757,bbl,2471,2017-01-24,Perth Scorchers v Melbourne Stars,skip:already-in-db,
16758,bbl,2471,2017-01-25,Brisbane Heat v Sydney Sixers,skip:already-in-db,
16759,bbl,2471,2017-01-28,Perth Scorchers v Sydney Sixers,skip:already-in-db,
18492,bbl,2600,2017-12-19,Sydney Thunder v Sydney Sixers,skip:already-in-db,
18493,bbl,2600,2017-12-20,Brisbane Heat v Melbourne Stars,skip:already-in-db,
18494,bbl,2600,2017-12-21,Hobart Hurricanes v Melbourne Renegades,skip:already-in-db,
18495,bbl,2600,2017-12-22,Adelaide Strikers v Sydney Thunder,skip:already-in-db,
18496,bbl,2600,2017-12-23,Sydney Sixers v Perth Scorchers,skip:already-in-db,
18497,bbl,2600,2017-12-23,Melbourne Renegades v Brisbane Heat,skip:already-in-db,
18498,bbl,2600,2017-12-26,Perth Scorchers v Melbourne Stars,skip:already-in-db,
18499,bbl,2600,2017-12-27,Brisbane Heat v Sydney Thunder,skip:already-in-db,
18500,bbl,2600,2017-12-28,Sydney Sixers v Adelaide Strikers,skip:already-in-db,
18501,bbl,2600,2017-12-29,Melbourne Renegades v Perth Scorchers,skip:already-in-db,
18502,bbl,2600,2017-12-30,Hobart Hurricanes v Sydney Thunder,skip:already-in-db,
18503,bbl,2600,2017-12-31,Adelaide Strikers v Brisbane Heat,skip:already-in-db,
18504,bbl,2600,2018-01-01,Sydney Thunder v Hobart Hurricanes,skip:already-in-db,
18505,bbl,2600,2018-01-01,Perth Scorchers v Sydney Sixers,skip:already-in-db,
18506,bbl,2600,2018-01-02,Melbourne Stars v Brisbane Heat,skip:already-in-db,
18507,bbl,2600,2018-01-03,Melbourne Renegades v Sydney Sixers,skip:already-in-db,
18508,bbl,2600,2018-01-04,Hobart Hurricanes v Adelaide Strikers,skip:already-in-db,
18509,bbl,2600,2018-01-05,Brisbane Heat v Perth Scorchers,skip:already-in-db,
18510,bbl,2600,2018-01-06,Melbourne Stars v Melbourne Renegades,skip:already-in-db,
18511,bbl,2600,2018-01-07,Sydney Thunder v Adelaide Strikers,skip:already-in-db,
18512,bbl,2600,2018-01-08,Hobart Hurricanes v Sydney Sixers,skip:already-in-db,
18513,bbl,2600,2018-01-08,Perth Scorchers v Melbourne Renegades,skip:already-in-db,
18514,bbl,2600,2018-01-09,Adelaide Strikers v Melbourne Stars,skip:already-in-db,
18515,bbl,2600,2018-01-10,Brisbane Heat v Hobart Hurricanes,skip:already-in-db,
18516,bbl,2600,2018-01-11,Sydney Thunder v Perth Scorchers,skip:already-in-db,
18517,bbl,2600,2018-01-12,Melbourne Renegades v Melbourne Stars,skip:already-in-db,
18518,bbl,2600,2018-01-13,Adelaide Strikers v Perth Scorchers,skip:already-in-db,
18519,bbl,2600,2018-01-13,Sydney Sixers v Sydney Thunder,skip:already-in-db,
18520,bbl,2600,2018-01-15,Hobart Hurricanes v Brisbane Heat,skip:already-in-db,
18521,bbl,2600,2018-01-16,Melbourne Stars v Sydney Sixers,skip:already-in-db,
20642,bbl,2727,2018-12-19,Brisbane Heat v Adelaide Strikers,skip:already-in-db,
20643,bbl,2727,2018-12-20,Melbourne Renegades v Perth Scorchers,skip:already-in-db,
20644,bbl,2727,2018-12-21,Sydney Thunder v Melbourne Stars,skip:already-in-db,
20645,bbl,2727,2018-12-22,Sydney Sixers v Perth Scorchers,skip:already-in-db,
20646,bbl,2727,2018-12-22,Brisbane Heat v Hobart Hurricanes,skip:already-in-db,
20647,bbl,2727,2018-12-23,Adelaide Strikers v Melbourne Renegades,skip:already-in-db,
20648,bbl,2727,2018-12-24,Hobart Hurricanes v Melbourne Stars,skip:already-in-db,
20649,bbl,2727,2018-12-24,Sydney Thunder v Sydney Sixers,skip:already-in-db,
20650,bbl,2727,2018-12-26,Perth Scorchers v Adelaide Strikers,skip:already-in-db,
20651,bbl,2727,2018-12-27,Sydney Sixers v Melbourne Stars,skip:already-in-db,
20652,bbl,2727,2018-12-28,Hobart Hurricanes v Sydney Thunder,skip:already-in-db,
20653,bbl,2727,2018-12-29,Melbourne Renegades v Sydney Sixers,skip:already-in-db,
20654,bbl,2727,2018-12-30,Hobart Hurricanes v Perth Scorchers,skip:already-in-db,
20655,bbl,2727,2018-12-31,Adelaide Strikers v Sydney Thunder,skip:already-in-db,
20656,bbl,2727,2019-01-01,Brisbane Heat v Sydney Sixers,skip:already-in-db,
20657,bbl,2727,2019-01-01,Melbourne Stars v Melbourne Renegades,skip:already-in-db,
20658,bbl,2727,2019-01-02,Sydney Thunder v Perth Scorchers,skip:already-in-db,
20659,bbl,2727,2019-01-03,Melbourne Renegades v Adelaide Strikers,skip:already-in-db,
20660,bbl,2727,2019-01-04,Hobart Hurricanes v Sydney Sixers,skip:already-in-db,
20661,bbl,2727,2019-01-05,Melbourne Stars v Sydney Thunder,skip:already-in-db,
20662,bbl,2727,2019-01-05,Perth Scorchers v Brisbane Heat,skip:already-in-db,
20663,bbl,2727,2019-01-06,Adelaide Strikers v Sydney Sixers,skip:already-in-db,
20664,bbl,2727,2019-01-07,Melbourne Renegades v Hobart Hurricanes,skip:already-in-db,
20665,bbl,2727,2019-01-08,Sydney Thunder v Brisbane Heat,skip:already-in-db,
20666,bbl,2727,2019-01-09,Melbourne Stars v Perth Scorchers,skip:already-in-db,
20667,bbl,2727,2019-01-10,Brisbane Heat v Melbourne Renegades,skip:already-in-db,
20668,bbl,2727,2019-01-11,Adelaide Strikers v Melbourne Stars,skip:already-in-db,
20669,bbl,2727,2019-01-13,Sydney Thunder v Adelaide Strikers,skip:already-in-db,
20670,bbl,2727,2019-01-13,Melbourne Renegades v Brisbane Heat,skip:already-in-db,
20671,bbl,2727,2019-01-13,Perth Scorchers v Sydney Sixers,skip:already-in-db,
20672,bbl,2727,2019-01-14,Melbourne Stars v Hobart Hurricanes,skip:already-in-db,
20673,bbl,2727,2019-01-16,Sydney Sixers v Melbourne Renegades,skip:already-in-db,
20674,bbl,2727,2019-01-17,Brisbane Heat v Sydney Thunder,skip:already-in-db,
20675,bbl,2727,2019-01-18,Perth Scorchers v Hobart Hurricanes,skip:already-in-db,
20676,bbl,2727,2019-01-19,Melbourne Renegades v Melbourne Stars,skip:already-in-db,
20677,bbl,2727,2019-01-20,Sydney Sixers v Brisbane Heat,skip:already-in-db,
20678,bbl,2727,2019-01-21,Adelaide Strikers v Hobart Hurricanes,skip:already-in-db,
20679,bbl,2727,2019-01-22,Sydney Thunder v Melbourne Renegades,skip:already-in-db,
20680,bbl,2727,2019-01-23,Melbourne Stars v Adelaide Strikers,skip:already-in-db,
20681,bbl,2727,2019-01-23,Sydney Sixers v Hobart Hurricanes,skip:already-in-db,
20682,bbl,2727,2019-01-24,Perth Scorchers v Sydney Thunder,skip:already-in-db,
20683,bbl,2727,2019-01-27,Melbourne Stars v Brisbane Heat,skip:already-in-db,
20684,bbl,2727,2019-01-28,Perth Scorchers v Melbourne Renegades,skip:already-in-db,
11260,bpl,2117,2012-02-10,Barisal Burners v Sylhet Royals,skip:inn1 no commentary | inn2 no commentary,
11261,bpl,2117,2012-02-10,Chittagong Kings v Duronto Rajshahi,skip:inn1 no commentary | inn2 no commentary,
11262,bpl,2117,2012-02-11,Dhaka Gladiators v Khulna Royal Bengals,skip:inn1 no commentary | inn2 no commentary,
11263,bpl,2117,2012-02-11,Barisal Burners v Duronto Rajshahi,skip:already-in-db,
11264,bpl,2117,2012-02-12,Chittagong Kings v Khulna Royal Bengals,skip:already-in-db,
11265,bpl,2117,2012-02-12,Dhaka Gladiators v Sylhet Royals,skip:inn1 no commentary | inn2 no commentary,
11266,bpl,2117,2012-02-13,Barisal Burners v Khulna Royal Bengals,skip:inn1 no commentary | inn2 no commentary,
11267,bpl,2117,2012-02-13,Chittagong Kings v Dhaka Gladiators,skip:inn1 no commentary | inn2 no commentary,
11268,bpl,2117,2012-02-14,Duronto Rajshahi v Sylhet Royals,skip:already-in-db,
11269,bpl,2117,2012-02-14,Barisal Burners v Dhaka Gladiators,skip:already-in-db,
11270,bpl,2117,2012-02-15,Chittagong Kings v Sylhet Royals,skip:inn1 no commentary | inn2 no commentary,
11271,bpl,2117,2012-02-15,Duronto Rajshahi v Khulna Royal Bengals,skip:inn1 no commentary | inn2 no commentary,
11272,bpl,2117,2012-02-16,Barisal Burners v Chittagong Kings,skip:already-in-db,
11273,bpl,2117,2012-02-16,Dhaka Gladiators v Duronto Rajshahi,skip:inn1 no commentary | inn2 no commentary,
11274,bpl,2117,2012-02-18,Khulna Royal Bengals v Sylhet Royals,skip:already-in-db,
11275,bpl,2117,2012-02-18,Chittagong Kings v Duronto Rajshahi,skip:already-in-db,
11276,bpl,2117,2012-02-19,Dhaka Gladiators v Khulna Royal Bengals,skip:already-in-db,
11277,bpl,2117,,,skip:no-scorecard,
11278,bpl,2117,2012-02-20,Barisal Burners v Duronto Rajshahi,skip:already-in-db,
11279,bpl,2117,2012-02-20,Chittagong Kings v Khulna Royal Bengals,skip:inn1 no commentary | inn2 no commentary,
11280,bpl,2117,2012-02-22,Dhaka Gladiators v Sylhet Royals,skip:inn1 no commentary | inn2 no commentary,
11281,bpl,2117,2012-02-22,Barisal Burners v Khulna Royal Bengals,skip:already-in-db,
11282,bpl,2117,2012-02-24,Chittagong Kings v Dhaka Gladiators,skip:already-in-db,
11283,bpl,2117,2012-02-24,Duronto Rajshahi v Sylhet Royals,skip:already-in-db,
11284,bpl,2117,2012-02-25,Barisal Burners v Dhaka Gladiators,skip:inn1 no commentary | inn2 no commentary,
11285,bpl,2117,2012-02-25,Chittagong Kings v Sylhet Royals,skip:already-in-db,
11286,bpl,2117,2012-02-26,Duronto Rajshahi v Khulna Royal Bengals,skip:already-in-db,
11287,bpl,2117,2012-02-26,Barisal Burners v Chittagong Kings,skip:inn1 no commentary | inn2 no commentary,
11288,bpl,2117,2012-02-27,Dhaka Gladiators v Duronto Rajshahi,skip:already-in-db,
11289,bpl,2117,2012-02-27,Khulna Royal Bengals v Sylhet Royals,skip:inn1 no commentary | inn2 no commentary,
11290,bpl,2117,2012-02-28,Barisal Burners v Duronto Rajshahi,skip:inn1 no commentary | inn2 no commentary,
11291,bpl,2117,2012-02-28,Khulna Royal Bengals v Dhaka Gladiators,skip:inn1 no commentary | inn2 no commentary,
11292,bpl,2117,2012-02-29,Barisal Burners v Dhaka Gladiators,skip:already-in-db,
11946,bpl,2172,2013-01-18,Dhaka Gladiators v Khulna Royal Bengals,skip:already-in-db,
11947,bpl,2172,2013-01-18,Barisal Burners v Sylhet Royals,skip:already-in-db,
11948,bpl,2172,2013-01-19,Chittagong Kings v Duronto Rajshahi,skip:already-in-db,
11949,bpl,2172,2013-01-19,Dhaka Gladiators v Rangpur Riders,skip:inn1 no commentary | inn2 no commentary,
11950,bpl,2172,2013-01-20,Barisal Burners v Khulna Royal Bengals,skip:already-in-db,
11951,bpl,2172,2013-01-20,Duronto Rajshahi v Sylhet Royals,skip:already-in-db,
11952,bpl,2172,2013-01-22,Chittagong Kings v Rangpur Riders,skip:inn1 no commentary | inn2 no commentary,
11953,bpl,2172,2013-01-22,Dhaka Gladiators v Duronto Rajshahi,skip:already-in-db,
11954,bpl,2172,2013-01-23,Barisal Burners v Rangpur Riders,skip:already-in-db,
11955,bpl,2172,2013-01-23,Khulna Royal Bengals v Sylhet Royals,skip:already-in-db,
11956,bpl,2172,2013-01-24,Barisal Burners v Chittagong Kings,skip:already-in-db,
11957,bpl,2172,2013-01-24,Khulna Royal Bengals v Duronto Rajshahi,skip:already-in-db,
11958,bpl,2172,2013-01-25,Dhaka Gladiators v Sylhet Royals,skip:already-in-db,
11959,bpl,2172,2013-01-25,Khulna Royal Bengals v Rangpur Riders,skip:already-in-db,
11960,bpl,2172,2013-01-28,Chittagong Kings v Sylhet Royals,skip:inn1 no commentary | inn2 no commentary,
11961,bpl,2172,2013-01-28,Barisal Burners v Duronto Rajshahi,skip:already-in-db,
11962,bpl,2172,2013-01-29,Dhaka Gladiators v Sylhet Royals,skip:inn1 no commentary | inn2 no commentary,
11963,bpl,2172,2013-01-29,Khulna Royal Bengals v Rangpur Riders,skip:already-in-db,
11964,bpl,2172,2013-01-31,Sylhet Royals v Rangpur Riders,skip:already-in-db,
11965,bpl,2172,2013-01-31,Barisal Burners v Chittagong Kings,skip:already-in-db,
11966,bpl,2172,2013-02-01,Dhaka Gladiators v Duronto Rajshahi,skip:already-in-db,
11967,bpl,2172,2013-02-01,Chittagong Kings v Khulna Royal Bengals,skip:inn1 no commentary | inn2 no commentary,
11968,bpl,2172,2013-02-02,Barisal Burners v Duronto Rajshahi,skip:already-in-db,
11969,bpl,2172,2013-02-02,Dhaka Gladiators v Chittagong Kings,skip:already-in-db,
11970,bpl,2172,2013-02-04,Duronto Rajshahi v Rangpur Riders,skip:already-in-db,
11971,bpl,2172,2013-02-04,Barisal Burners v Khulna Royal Bengals,skip:already-in-db,
11972,bpl,2172,2013-02-05,Duronto Rajshahi v Sylhet Royals,skip:inn1 no commentary | inn2 no commentary,
11973,bpl,2172,2013-02-05,Dhaka Gladiators v Rangpur Riders,skip:already-in-db,
11974,bpl,2172,2013-02-07,Chittagong Kings v Khulna Royal Bengals,skip:already-in-db,
11975,bpl,2172,2013-02-07,Sylhet Royals v Rangpur Riders,skip:already-in-db,
11976,bpl,2172,2013-02-08,Khulna Royal Bengals v Duronto Rajshahi,skip:already-in-db,
11977,bpl,2172,2013-02-08,Chittagong Kings v Sylhet Royals,skip:inn1 no commentary | inn2 no commentary,
11978,bpl,2172,2013-02-09,Chittagong Kings v Rangpur Riders,skip:already-in-db,
11979,bpl,2172,2013-02-09,Dhaka Gladiators v Barisal Burners,skip:already-in-db,
11980,bpl,2172,2013-02-11,Dhaka Gladiators v Khulna Royal Bengals,skip:already-in-db,
11981,bpl,2172,2013-02-11,Duronto Rajshahi v Rangpur Riders,skip:already-in-db,
11982,bpl,2172,2013-02-12,Khulna Royal Bengals v Sylhet Royals,skip:already-in-db,
11983,bpl,2172,2013-02-12,Dhaka Gladiators v Barisal Burners,skip:already-in-db,
11984,bpl,2172,2013-02-13,Chittagong Kings v Duronto Rajshahi,skip:already-in-db,
11985,bpl,2172,2013-02-13,Barisal Burners v Sylhet Royals,skip:already-in-db,
11986,bpl,2172,2013-02-14,Barisal Burners v Rangpur Riders,skip:already-in-db,
11987,bpl,2172,2013-02-14,Dhaka Gladiators v Chittagong Kings,skip:already-in-db,
11988,bpl,2172,2013-02-15,Dhaka Gladiators v Sylhet Royals,skip:already-in-db,
11989,bpl,2172,2013-02-16,Chittagong Kings v Duronto Rajshahi,skip:inn1 no commentary | inn2 no commentary,
11990,bpl,2172,,,skip:no-scorecard,
11991,bpl,2172,2013-02-19,Dhaka Gladiators v Chittagong Kings,skip:already-in-db,
12028,bpl,2172,2013-02-18,Chittagong Kings v Sylhet Royals,skip:already-in-db,
121147,chhattisgarh_cricket_premier_league,10069,2025-06-06,Raipur Rhinos v Bilaspur Bulls,ok,
121153,chhattisgarh_cricket_premier_league,10069,2025-06-07,Rajnandgaon Panthers v Raigarh Lions,ok,
121158,chhattisgarh_cricket_premier_league,10069,2025-06-07,Bastar Bisons v Surguja Tigers,ok,inn1 off by -1; 
121169,chhattisgarh_cricket_premier_league,10069,2025-06-08,Bilaspur Bulls v Raigarh Lions,ok,
121180,chhattisgarh_cricket_premier_league,10069,2025-06-08,Surguja Tigers v Raipur Rhinos,ok,
121191,chhattisgarh_cricket_premier_league,10069,2025-06-09,Raipur Rhinos v Rajnandgaon Panthers,ok,
121197,chhattisgarh_cricket_premier_league,10069,2025-06-09,Bastar Bisons v Bilaspur Bulls,ok,
121202,chhattisgarh_cricket_premier_league,10069,2025-06-10,Raigarh Lions v Bastar Bisons,ok,
121208,chhattisgarh_cricket_premier_league,10069,2025-06-10,Rajnandgaon Panthers v Surguja Tigers,ok,
121219,chhattisgarh_cricket_premier_league,10069,2025-06-11,Bilaspur Bulls v Surguja Tigers,ok,
121224,chhattisgarh_cricket_premier_league,10069,2025-06-11,Raigarh Lions v Raipur Rhinos,ok,
121235,chhattisgarh_cricket_premier_league,10069,2025-06-12,Raipur Rhinos v Bastar Bisons,ok,
121241,chhattisgarh_cricket_premier_league,10069,2025-06-12,Rajnandgaon Panthers v Bilaspur Bulls,ok,
121252,chhattisgarh_cricket_premier_league,10069,2025-06-13,Bastar Bisons v Rajnandgaon Panthers,ok,
121257,chhattisgarh_cricket_premier_league,10069,2025-06-13,Surguja Tigers v Raigarh Lions,ok,
121263,chhattisgarh_cricket_premier_league,10069,2025-06-14,Bilaspur Bulls v Raipur Rhinos,ok,
121268,chhattisgarh_cricket_premier_league,10069,2025-06-14,Rajnandgaon Panthers v Bastar Bisons,ok,
121274,chhattisgarh_cricket_premier_league,10069,,,skip:no-scorecard,
154337,cpl,12123,2026-08-09,Antigua and Barbuda Falcons v Saint Lucia Kings,skip:already-in-db,
154359,cpl,12123,2026-08-12,Saint Lucia Kings v St Kitts and Nevis Patriots,skip:already-in-db,
154381,cpl,12123,2026-08-14,Saint Lucia Kings v Antigua and Barbuda Falcons,skip:already-in-db,
154399,cpl,12123,2026-08-16,Saint Lucia Kings v Barbados Tridents,skip:already-in-db,
154421,cpl,12123,2026-08-19,Saint Lucia Kings v Guyana Amazon Warriors,skip:already-in-db,
154441,cpl,12123,2026-08-21,Saint Lucia Kings v Jamaica Kingsmen,skip:already-in-db,
154485,cpl,12123,2026-08-26,Trinbago Knight Riders v Saint Lucia Kings,skip:already-in-db,
154524,cpl,12123,,,skip:no-scorecard,
154562,cpl,12123,2026-09-03,St Kitts and Nevis Patriots v Saint Lucia Kings,skip:already-in-db,
154605,cpl,12123,2026-09-06,Barbados Tridents v Saint Lucia Kings,skip:already-in-db,
154627,cpl,12123,2026-09-09,Guyana Amazon Warriors v Saint Lucia Kings,skip:already-in-db,
154689,cpl,12123,2026-09-17,Guyana Amazon Warriors v Antigua and Barbuda Falcons,ok,"unparsed: bye, 1 run, tossed up and spinning back ; "
154700,cpl,12123,2026-09-18,Jamaica Kingsmen v Guyana Amazon Warriors,ok,
154711,cpl,12123,2026-09-20,Antigua and Barbuda Falcons v Jamaica Kingsmen,ok,
16636,cpl,2442,2016-07-03,St Kitts and Nevis Patriots v Saint Lucia Kings,skip:already-in-db,
16637,cpl,2442,2016-07-05,St Kitts and Nevis Patriots v Barbados Royals,skip:inn1 no commentary | inn2 no commentary,
16638,cpl,2442,2016-07-07,Guyana Amazon Warriors v Jamaica  Tallawahs,skip:inn1 no commentary | inn2 no commentary,
16639,cpl,2442,2016-07-09,Guyana Amazon Warriors v St Kitts and Nevis Patriots,skip:inn1 no commentary | inn2 no commentary,
16642,cpl,2442,2016-07-12,Guyana Amazon Warriors v Saint Lucia Kings,skip:inn1 no commentary | inn2 no commentary,
16647,cpl,2442,2016-07-17,Barbados Royals v Saint Lucia Kings,skip:already-in-db,
16650,cpl,2442,2016-07-21,Saint Lucia Kings v St Kitts and Nevis Patriots,skip:already-in-db,
16651,cpl,2442,2016-07-23,Saint Lucia Kings v Barbados Royals,skip:inn1 no commentary | inn2 no commentary,
16652,cpl,2442,2016-07-24,Saint Lucia Kings v Guyana Amazon Warriors,skip:already-in-db,
16653,cpl,2442,2016-07-26,Saint Lucia Kings v Trinbago Knight Riders,skip:already-in-db,
16656,cpl,2442,2016-07-30,Jamaica  Tallawahs v Saint Lucia Kings,skip:already-in-db,
16659,cpl,2442,2016-07-31,Jamaica  Tallawahs v Saint Lucia Kings,skip:already-in-db,
16795,cpl,2442,2016-06-30,Trinbago Knight Riders v Saint Lucia Kings,skip:already-in-db,
16800,cpl,2442,2016-08-04,Saint Lucia Kings v Trinbago Knight Riders,skip:already-in-db,
38672,csa_provincial_t20,3698,2021-09-24,Western Province v Lions,ok,
38673,csa_provincial_t20,3698,2021-09-24,Northern Cape v South Western Districts,ok,
38677,csa_provincial_t20,3698,2021-09-25,South Western Districts v Western Province,ok,
38678,csa_provincial_t20,3698,2021-09-25,Northern Cape v Lions,ok,
38682,csa_provincial_t20,3698,2021-09-26,South Western Districts v Lions,ok,
38687,csa_provincial_t20,3698,2021-09-26,Northern Cape v Western Province,ok,
38688,csa_provincial_t20,3698,2021-09-28,Knights v Titans,ok,
38693,csa_provincial_t20,3698,2021-09-28,Mpumalanga Rhinos v Tuskers,ok,
38697,csa_provincial_t20,3698,2021-09-29,Tuskers v Knights,ok,
38702,csa_provincial_t20,3698,2021-09-29,Mpumalanga Rhinos v Titans,ok,
38703,csa_provincial_t20,3698,2021-09-30,Tuskers v Titans,ok,
38707,csa_provincial_t20,3698,,,skip:no-scorecard,
38708,csa_provincial_t20,3698,2021-10-04,Rocks v Warriors,ok,
38712,csa_provincial_t20,3698,2021-10-04,Eastern Cape v Limpopo,ok,
38717,csa_provincial_t20,3698,2021-10-05,Limpopo v Warriors,ok,
38722,csa_provincial_t20,3698,2021-10-05,Eastern Cape v Rocks,ok,
38723,csa_provincial_t20,3698,2021-10-06,Limpopo v Rocks,ok,
38728,csa_provincial_t20,3698,2021-10-06,Eastern Cape v Warriors,ok,
38733,csa_provincial_t20,3698,2021-10-08,Dolphins v North West,ok,
38738,csa_provincial_t20,3698,2021-10-08,Eastern Storm v South Africa U19,ok,
38742,csa_provincial_t20,3698,2021-10-09,South Africa U19 v North West,ok,
38747,csa_provincial_t20,3698,2021-10-09,Eastern Storm v Dolphins,ok,
38752,csa_provincial_t20,3698,2021-10-10,South Africa U19 v Dolphins,ok,
38757,csa_provincial_t20,3698,2021-10-10,Eastern Storm v North West,ok,inn1 off by 1; 
38762,csa_provincial_t20,3698,2021-10-19,South Western Districts v Titans,ok,
38763,csa_provincial_t20,3698,2021-10-19,Knights v Western Province,ok,
38767,csa_provincial_t20,3698,2021-10-20,Dolphins v Warriors,ok,
38768,csa_provincial_t20,3698,2021-10-20,Rocks v North West,ok,
38772,csa_provincial_t20,3698,2021-10-21,Titans v Dolphins,ok,
38773,csa_provincial_t20,3698,2021-10-21,Knights v North West,ok,
38778,csa_provincial_t20,3698,2021-10-22,Dolphins v Knights,ok,
53751,csa_provincial_t20,4742,2022-09-30,Eastern Storm v South Africa U19,ok,
53758,csa_provincial_t20,4742,,,skip:no-scorecard,
53765,csa_provincial_t20,4742,2022-09-30,Tuskers v Mpumalanga Rhinos,ok,
53772,csa_provincial_t20,4742,,,skip:no-scorecard,
53779,csa_provincial_t20,4742,2022-10-01,Tuskers v South Africa U19,ok,
53786,csa_provincial_t20,4742,,,skip:no-scorecard,
53793,csa_provincial_t20,4742,2022-10-01,Eastern Storm v Mpumalanga Rhinos,ok,inn2 off by 1; 
53798,csa_provincial_t20,4742,,,skip:no-scorecard,
53805,csa_provincial_t20,4742,2022-10-02,Mpumalanga Rhinos v South Africa U19,ok,inn1 off by -1; 
53812,csa_provincial_t20,4742,2022-10-02,Limpopo v Northern Cape,ok,
53814,csa_provincial_t20,4742,2022-10-02,Tuskers v Eastern Storm,ok,
53819,csa_provincial_t20,4742,2022-10-02,Eastern Cape v Garden Route Badgers,ok,inn1 off by 1; 
53821,csa_provincial_t20,4742,2022-10-08,Northern Cape v Tuskers,ok,
53826,csa_provincial_t20,4742,2022-10-08,South Africa U19 v Eastern Cape,ok,
53833,csa_provincial_t20,4742,2022-10-09,Northern Cape v South Africa U19,ok,
90288,csa_provincial_t20,7658,2024-03-06,Northern Cape v South Western Districts,ok,
90295,csa_provincial_t20,7658,2024-03-06,Limpopo v Border,skip:inn1 runs 0/178 balls 0/120 wkts 0/5 | inn2 runs 0/171 balls 0/120 wkts 0/8,
90298,csa_provincial_t20,7658,2024-03-06,Mpumalanga Rhinos v Eastern Storm,skip:inn1 runs 0/202 balls 0/120 wkts 0/5 | inn2 runs 0/180 balls 0/120 wkts 0/7,
90305,csa_provincial_t20,7658,2024-03-09,Knights v South Western Districts,skip:inn1 runs 0/166 balls 0/120 wkts 0/5 | inn2 runs 0/167 balls 0/105 wkts 0/6,
90312,csa_provincial_t20,7658,2024-03-09,Eastern Storm v Border,skip:inn1 runs 0/187 balls 0/120 wkts 0/4 | inn2 runs 0/93 balls 0/55 wkts 0/2,
90319,csa_provincial_t20,7658,2024-03-10,Limpopo v Northern Cape,ok,
90323,csa_provincial_t20,7658,2024-03-12,South Western Districts v Eastern Storm,skip:inn1 no commentary | inn2 runs 0/163 balls 0/120 wkts 0/9,
90326,csa_provincial_t20,7658,2024-03-12,Border v Knights,skip:inn1 runs 0/229 balls 0/120 wkts 0/4 | inn2 runs 0/198 balls 0/120 wkts 0/5,
90330,csa_provincial_t20,7658,2024-03-14,Mpumalanga Rhinos v Limpopo,skip:inn1 runs 0/92 balls 0/72 wkts 0/4,
90337,csa_provincial_t20,7658,2024-03-15,Eastern Storm v Northern Cape,skip:inn1 runs 0/174 balls 0/120 wkts 0/7 | inn2 runs 0/117 balls 0/120 wkts 0/10,
90344,csa_provincial_t20,7658,2024-03-16,South Western Districts v Border,skip:inn1 runs 0/148 balls 0/120 wkts 0/9 | inn2 runs 0/149 balls 0/119 wkts 0/8,
90351,csa_provincial_t20,7658,2024-03-17,Knights v Limpopo,ok,
90354,csa_provincial_t20,7658,2024-03-18,Northern Cape v Mpumalanga Rhinos,skip:inn1 runs 0/156 balls 0/120 wkts 0/4 | inn2 runs 0/77 balls 0/94 wkts 0/10,
90361,csa_provincial_t20,7658,2024-03-20,Knights v Eastern Storm,skip:inn1 runs 0/122 balls 0/115 wkts 0/10 | inn2 runs 0/123 balls 0/93 wkts 0/4,
90365,csa_provincial_t20,7658,2024-03-21,South Western Districts v Mpumalanga Rhinos,skip:inn1 runs 0/176 balls 0/120 wkts 0/3 | inn2 runs 0/177 balls 0/114 wkts 0/3,
90372,csa_provincial_t20,7658,2024-03-24,Border v Northern Cape,skip:inn1 runs 0/187 balls 0/120 wkts 0/3 | inn2 no commentary,
90379,csa_provincial_t20,7658,2024-03-24,Eastern Storm v Limpopo,skip:inn1 runs 0/140 balls 0/120 wkts 0/6 | inn2 runs 0/124 balls 0/117 wkts 0/10,
90386,csa_provincial_t20,7658,2024-03-24,Mpumalanga Rhinos v Knights,skip:inn1 runs 0/168 balls 0/120 wkts 0/7 | inn2 runs 0/97 balls 0/96 wkts 0/10,
90389,csa_provincial_t20,7658,2024-03-27,Border v Mpumalanga Rhinos,skip:inn1 runs 0/109 balls 0/84 wkts 0/6 | inn2 runs 0/115 balls 0/78 wkts 0/4,
90393,csa_provincial_t20,7658,,,skip:no-scorecard,
90400,csa_provincial_t20,7658,2024-03-27,Limpopo v South Western Districts,skip:inn1 runs 0/136 balls 0/120 wkts 0/9 | inn2 runs 0/100 balls 0/109 wkts 0/10,
90407,csa_provincial_t20,7658,2024-04-03,Limpopo v Border,ok,inn1 off by 2; 
90414,csa_provincial_t20,7658,2024-04-04,Knights v Northern Cape,skip:inn1 runs 0/186 balls 0/120 wkts 0/5 | inn2 runs 0/182 balls 0/120 wkts 0/9,
90417,csa_provincial_t20,7658,2024-04-07,Limpopo v Northern Cape,ok,
136269,csa_t20c,11032,2025-10-29,KwaZulu-Natal Inland - Tuskers v Titans,skip:inn1 runs 0/151 balls 0/120 wkts 0/7 | inn2 runs 0/142 balls 0/117 wkts 0/10,
136280,csa_t20c,11032,,,skip:no-scorecard,
136291,csa_t20c,11032,2025-10-31,Boland v North West - Eastvaal Renault Dragons,skip:inn1 runs 0/148 balls 0/120 wkts 0/9 | inn2 runs 0/139 balls 0/120 wkts 0/9,
136293,csa_t20c,11032,2025-11-01,Dolphins v KwaZulu-Natal Inland - Tuskers,skip:inn1 runs 0/178 balls 0/120 wkts 0/5 | inn2 runs 0/164 balls 0/120 wkts 0/7,
136304,csa_t20c,11032,2025-11-01,Titans v Warriors,skip:inn1 runs 0/193 balls 0/120 wkts 0/3 | inn2 runs 0/107 balls 0/103 wkts 0/10,
136315,csa_t20c,11032,2025-11-02,Western Province v North West - Eastvaal Renault Dragons,skip:inn1 runs 0/186 balls 0/120 wkts 0/5 | inn2 runs 0/188 balls 0/101 wkts 0/6,
136326,csa_t20c,11032,2025-11-02,Lions v Boland,skip:inn1 runs 0/138 balls 0/108 wkts 0/10 | inn2 runs 0/130 balls 0/120 wkts 0/6,
136337,csa_t20c,11032,2025-11-04,Boland v Western Province,skip:inn1 runs 0/173 balls 0/120 wkts 0/5 | inn2 runs 0/108 balls 0/96 wkts 0/10,
136348,csa_t20c,11032,2025-11-06,Boland v Titans,skip:inn1 runs 0/128 balls 0/120 wkts 0/8 | inn2 runs 0/129 balls 0/82 wkts 0/3,
136359,csa_t20c,11032,2025-11-07,Warriors v Western Province,skip:inn1 runs 0/134 balls 0/120 wkts 0/9 | inn2 runs 0/135 balls 0/93 wkts 0/4,
136370,csa_t20c,11032,2025-11-07,Dolphins v North West - Eastvaal Renault Dragons,skip:inn1 runs 0/155 balls 0/102 wkts 0/9 | inn2 runs 0/124 balls 0/102 wkts 0/10,
136381,csa_t20c,11032,2025-11-08,Lions v KwaZulu-Natal Inland - Tuskers,skip:inn1 runs 0/161 balls 0/120 wkts 0/5 | inn2 runs 0/159 balls 0/120 wkts 0/5,
136392,csa_t20c,11032,2025-11-09,Western Province v Titans,skip:inn1 runs 0/225 balls 0/120 wkts 0/6 | inn2 runs 0/142 balls 0/106 wkts 0/10,
136403,csa_t20c,11032,2025-11-09,Dolphins v Warriors,skip:inn1 runs 0/94 balls 0/115 wkts 0/10 | inn2 runs 0/100 balls 0/86 wkts 0/3,
136414,csa_t20c,11032,2025-11-11,Warriors v Lions,skip:inn1 runs 0/146 balls 0/120 wkts 0/7 | inn2 runs 0/151 balls 0/106 wkts 0/2,
136422,csa_t20c,11032,2025-11-11,North West - Eastvaal Renault Dragons v KwaZulu-Natal Inland - Tuskers,skip:inn1 runs 0/173 balls 0/120 wkts 0/5 | inn2 runs 0/148 balls 0/120 wkts 0/8,
136431,csa_t20c,11032,2025-11-13,KwaZulu-Natal Inland - Tuskers v Western Province,skip:inn1 runs 0/107 balls 0/118 wkts 0/10 | inn2 runs 0/109 balls 0/93 wkts 0/1,
136442,csa_t20c,11032,2025-11-14,Boland v Dolphins,skip:inn1 runs 0/134 balls 0/120 wkts 0/8 | inn2 runs 0/134 balls 0/120 wkts 0/10,
136453,csa_t20c,11032,2025-11-14,North West - Eastvaal Renault Dragons v Titans,skip:inn1 runs 0/196 balls 0/120 wkts 0/6 | inn2 runs 0/189 balls 0/120 wkts 0/6,
136464,csa_t20c,11032,2025-11-15,KwaZulu-Natal Inland - Tuskers v Warriors,skip:inn1 runs 0/181 balls 0/120 wkts 0/7 | inn2 runs 0/127 balls 0/108 wkts 0/10,
136475,csa_t20c,11032,2025-11-16,Western Province v Dolphins,skip:inn1 runs 0/138 balls 0/120 wkts 0/7 | inn2 runs 0/139 balls 0/109 wkts 0/5,
136486,csa_t20c,11032,,,skip:no-scorecard,
136497,csa_t20c,11032,2025-11-19,Warriors v Boland,skip:inn1 runs 0/209 balls 0/120 wkts 0/5 | inn2 runs 0/111 balls 0/95 wkts 0/10,
136508,csa_t20c,11032,2025-11-19,Lions v North West - Eastvaal Renault Dragons,skip:inn1 runs 0/181 balls 0/120 wkts 0/6 | inn2 runs 0/181 balls 0/120 wkts 0/7,
136519,csa_t20c,11032,2025-11-21,Western Province v Lions,skip:inn1 runs 0/201 balls 0/120 wkts 0/2 | inn2 runs 0/183 balls 0/120 wkts 0/6,
136530,csa_t20c,11032,2025-11-21,Titans v Dolphins,skip:inn1 runs 0/248 balls 0/120 wkts 0/3 | inn2 runs 0/104 balls 0/42 wkts 0/3,
136541,csa_t20c,11032,2025-11-22,KwaZulu-Natal Inland - Tuskers v Boland,skip:inn1 runs 0/168 balls 0/120 wkts 0/6 | inn2 runs 0/121 balls 0/120 wkts 0/10,
136544,csa_t20c,11032,2025-11-23,Dolphins v Lions,skip:inn1 runs 0/194 balls 0/120 wkts 0/2 | inn2 runs 0/195 balls 0/118 wkts 0/8,
136555,csa_t20c,11032,2025-11-25,Boland v Warriors,skip:inn1 runs 0/176 balls 0/120 wkts 0/3 | inn2 runs 0/171 balls 0/120 wkts 0/6,
136566,csa_t20c,11032,2025-11-26,Dolphins v Western Province,skip:inn1 runs 0/141 balls 0/120 wkts 0/8 | inn2 runs 0/126 balls 0/120 wkts 0/9,
136577,csa_t20c,11032,2025-11-28,Warriors v Dolphins,skip:inn1 runs 0/64 balls 0/33 wkts 0/0,
136588,csa_t20c,11032,2025-11-30,Boland v Warriors,skip:inn1 runs 0/142 balls 0/120 wkts 0/6 | inn2 runs 0/142 balls 0/120 wkts 0/5,
14827,csa_t20c,2346,2015-11-01,Warriors v Knights,skip:inn1 no commentary | inn2 no commentary,
14829,csa_t20c,2346,2015-11-01,Cape Cobras v Lions,skip:inn1 no commentary | inn2 no commentary,
14830,csa_t20c,2346,2015-11-04,Dolphins v Lions,skip:inn1 no commentary | inn2 no commentary,
14833,csa_t20c,2346,2015-11-06,Lions v Titans,skip:inn1 no commentary | inn2 no commentary,
14837,csa_t20c,2346,2015-11-13,Knights v Titans,skip:inn1 no commentary | inn2 no commentary,
14843,csa_t20c,2346,2015-11-20,Cape Cobras v Titans,skip:inn1 no commentary | inn2 no commentary,
14846,csa_t20c,2346,2015-11-22,Lions v Dolphins,skip:inn1 no commentary | inn2 no commentary,
14856,csa_t20c,2346,2015-12-06,Lions v Warriors,skip:inn1 no commentary | inn2 no commentary,
16579,csa_t20c,2453,2016-11-16,Dolphins v Lions,ok,inn1 off by -1; 
16580,csa_t20c,2453,2016-11-18,Cape Cobras v Warriors,ok,
16585,csa_t20c,2453,,,skip:no-scorecard,
16601,csa_t20c,2453,,,skip:no-scorecard,
16602,csa_t20c,2453,2016-12-11,Cape Cobras v Lions,ok,inn1 off by 3; 
172981,csa_t20c,13180,2026-09-25,Warriors v North West - Eastvaal Renault Dragons,skip:inn1 runs 0/128 balls 0/120 wkts 0/6 | inn2 runs 0/131 balls 0/93 wkts 0/3,
172991,csa_t20c,13180,2026-09-25,Titans v Western Province,skip:inn1 runs 0/186 balls 0/120 wkts 0/4 | inn2 runs 0/190 balls 0/89 wkts 0/5,
173010,csa_t20c,13180,2026-09-27,Dolphins v Lions,skip:inn1 runs 0/202 balls 0/120 wkts 0/4 | inn2 runs 0/194 balls 0/120 wkts 0/6,
173017,csa_t20c,13180,2026-09-27,Western Province v Knights,skip:inn1 runs 0/168 balls 0/120 wkts 0/7 | inn2 runs 0/169 balls 0/118 wkts 0/5,
173027,csa_t20c,13180,2026-09-27,Mpumalanga Rhinos v Titans,skip:inn1 runs 0/75 balls 0/36 wkts 0/2 | inn2 runs 0/79 balls 0/30 wkts 0/1,
173031,csa_t20c,13180,2026-09-28,Border v North West - Eastvaal Renault Dragons,skip:inn1 runs 0/151 balls 0/120 wkts 0/4 | inn2 runs 0/138 balls 0/120 wkts 0/9,
173133,csa_t20c,13180,2026-09-29,Warriors v Limpopo,skip:inn1 runs 0/175 balls 0/120 wkts 0/4 | inn2 runs 0/140 balls 0/120 wkts 0/8,
173143,csa_t20c,13180,2026-09-29,Boland v Knights,skip:inn1 runs 0/160 balls 0/120 wkts 0/5 | inn2 runs 0/161 balls 0/120 wkts 0/5,
173153,csa_t20c,13180,2026-09-30,Dolphins v Northern Cape,skip:inn1 runs 0/239 balls 0/120 wkts 0/5 | inn2 runs 0/135 balls 0/100 wkts 0/10,
19223,csa_t20c,2641,2017-11-12,Titans v Lions,ok,inn1 off by -2; 
19226,csa_t20c,2641,,,skip:no-scorecard,
19230,csa_t20c,2641,,,skip:no-scorecard,
19233,csa_t20c,2641,,,skip:no-scorecard,
19237,csa_t20c,2641,,,skip:no-scorecard,
19243,csa_t20c,2641,,,skip:no-scorecard,
19245,csa_t20c,2641,2017-12-08,Cape Cobras v Titans,ok,inn1 off by -3; 
19252,csa_t20c,2641,,,skip:no-scorecard,
21213,csa_t20c,2753,2019-04-05,Titans v Warriors,skip:already-in-db,
21214,csa_t20c,2753,2019-04-06,Dolphins v Knights,skip:already-in-db,
21215,csa_t20c,2753,2019-04-07,Lions v Cape Cobras,skip:already-in-db,
21216,csa_t20c,2753,2019-04-10,Dolphins v Lions,skip:already-in-db,
21217,csa_t20c,2753,,,skip:no-scorecard,
21221,csa_t20c,2753,,,skip:no-scorecard,
21224,csa_t20c,2753,2019-04-14,Knights v Titans,skip:inn1 runs 0/136 balls 0/102 wkts 0/4,
21226,csa_t20c,2753,,,skip:no-scorecard,
21228,csa_t20c,2753,2019-04-20,Warriors v Cape Cobras,skip:inn1 runs 0/189 balls 0/119 wkts 0/10 | inn2 runs 0/179 balls 0/120 wkts 0/7,
21230,csa_t20c,2753,,,skip:no-scorecard,
21231,csa_t20c,2753,,,skip:no-scorecard,
21232,csa_t20c,2753,,,skip:no-scorecard,
21233,csa_t20c,2753,,,skip:no-scorecard,
21235,csa_t20c,2753,,,skip:no-scorecard,
21240,csa_t20c,2753,2019-04-28,Warriors v Knights,skip:inn1 runs 0/96 balls 0/120 wkts 0/7 | inn2 runs 0/99 balls 0/103 wkts 0/6,
90424,csa_t20c,7663,2024-03-08,Warriors v KwaZulu-Natal Inland,skip:already-in-db,
90438,csa_t20c,7663,2024-03-08,Titans v North West,skip:already-in-db,
90442,csa_t20c,7663,2024-03-10,Boland v Titans,skip:inn1 runs 0/126 balls 0/120 wkts 0/9 | inn2 runs 0/127 balls 0/115 wkts 0/6,
90445,csa_t20c,7663,2024-03-10,Western Province v KwaZulu-Natal Inland,skip:inn1 runs 0/115 balls 0/120 wkts 0/7 | inn2 runs 0/116 balls 0/75 wkts 0/3,
90449,csa_t20c,7663,2024-03-10,Dolphins v Warriors,skip:inn1 runs 0/121 balls 0/120 wkts 0/8 | inn2 runs 0/123 balls 0/85 wkts 0/3,
90452,csa_t20c,7663,2024-03-10,North West v Lions,skip:inn1 runs 0/103 balls 0/110 wkts 0/10 | inn2 runs 0/104 balls 0/64 wkts 0/1,
90459,csa_t20c,7663,2024-03-13,Western Province v North West,skip:inn1 runs 0/188 balls 0/120 wkts 0/7 | inn2 runs 0/184 balls 0/120 wkts 0/6,
90463,csa_t20c,7663,2024-03-13,Dolphins v Lions,skip:inn1 runs 0/155 balls 0/120 wkts 0/5 | inn2 runs 0/159 balls 0/115 wkts 0/6,
90470,csa_t20c,7663,2024-03-13,Titans v Warriors,skip:inn1 runs 0/185 balls 0/120 wkts 0/5 | inn2 runs 0/183 balls 0/120 wkts 0/7,
90473,csa_t20c,7663,2024-03-15,KwaZulu-Natal Inland v North West,skip:inn1 no commentary | inn2 runs 0/82 balls 0/89 wkts 0/10,
90480,csa_t20c,7663,2024-03-15,Boland v Dolphins,skip:inn1 runs 0/125 balls 0/120 wkts 0/8 | inn2 runs 0/129 balls 0/87 wkts 0/1,
90484,csa_t20c,7663,2024-03-15,Lions v Titans,skip:inn1 runs 0/183 balls 0/120 wkts 0/5 | inn2 runs 0/182 balls 0/120 wkts 0/6,
90487,csa_t20c,7663,2024-03-17,Warriors v Boland,ok,
90494,csa_t20c,7663,2024-03-17,Dolphins v North West,skip:inn1 runs 0/79 balls 0/80 wkts 0/4,
90501,csa_t20c,7663,2024-03-17,Lions v Western Province,skip:inn1 runs 0/127 balls 0/120 wkts 0/9 | inn2 runs 0/51 balls 0/42 wkts 0/3,
90505,csa_t20c,7663,2024-03-20,Titans v Dolphins,skip:inn1 runs 0/183 balls 0/84 wkts 0/1 | inn2 runs 0/152 balls 0/84 wkts 0/5,
90508,csa_t20c,7663,2024-03-21,Warriors v Western Province,ok,
90512,csa_t20c,7663,2024-03-21,North West v Boland,ok,
90515,csa_t20c,7663,2024-03-23,Titans v Western Province,skip:inn1 runs 0/147 balls 0/120 wkts 0/7 | inn2 runs 0/138 balls 0/114 wkts 0/6,
90522,csa_t20c,7663,2024-03-23,Lions v KwaZulu-Natal Inland,skip:inn1 no commentary | inn2 runs 0/94 balls 0/70 wkts 0/2,
90529,csa_t20c,7663,2024-03-24,Dolphins v Boland,ok,
90533,csa_t20c,7663,2024-03-24,Warriors v North West,skip:inn1 runs 0/186 balls 0/120 wkts 0/5 | inn2 runs 0/162 balls 0/120 wkts 0/9,
90540,csa_t20c,7663,2024-03-27,KwaZulu-Natal Inland v Western Province,skip:inn1 runs 0/208 balls 0/120 wkts 0/6 | inn2 runs 0/160 balls 0/120 wkts 0/7,
90543,csa_t20c,7663,2024-03-27,Lions v Warriors,skip:inn1 runs 0/173 balls 0/120 wkts 0/4 | inn2 runs 0/171 balls 0/120 wkts 0/7,
90547,csa_t20c,7663,2024-03-31,Western Province v Warriors,skip:inn1 runs 0/142 balls 0/120 wkts 0/7 | inn2 runs 0/145 balls 0/99 wkts 0/1,
90554,csa_t20c,7663,2024-03-31,Boland v Lions,skip:inn1 runs 0/116 balls 0/120 wkts 0/8 | inn2 runs 0/120 balls 0/104 wkts 0/1,
90561,csa_t20c,7663,2024-04-01,KwaZulu-Natal Inland v Dolphins,skip:inn1 runs 0/151 balls 0/120 wkts 0/7 | inn2 runs 0/132 balls 0/120 wkts 0/5,
90568,csa_t20c,7663,2024-04-01,North West v Titans,skip:inn1 runs 0/139 balls 0/103 wkts 0/4,
90575,csa_t20c,7663,2024-04-03,Western Province v Lions,skip:inn1 runs 0/213 balls 0/120 wkts 0/2 | inn2 runs 0/81 balls 0/87 wkts 0/10,
90578,csa_t20c,7663,,,skip:no-scorecard,
90585,csa_t20c,7663,2024-04-05,Boland v KwaZulu-Natal Inland,skip:inn1 runs 0/94 balls 0/120 wkts 0/10 | inn2 runs 0/97 balls 0/93 wkts 0/6,
90592,csa_t20c,7663,2024-04-05,Warriors v Titans,skip:inn1 runs 0/168 balls 0/120 wkts 0/9 | inn2 runs 0/156 balls 0/120 wkts 0/7,
90596,csa_t20c,7663,2024-04-05,Lions v Dolphins,skip:inn1 runs 0/98 balls 0/54 wkts 0/6 | inn2 runs 0/99 balls 0/50 wkts 0/3,
90603,csa_t20c,7663,2024-04-07,KwaZulu-Natal Inland v Titans,skip:inn1 runs 0/165 balls 0/120 wkts 0/6 | inn2 runs 0/166 balls 0/106 wkts 0/4,
90610,csa_t20c,7663,2024-04-07,Western Province v Boland,skip:inn1 runs 0/86 balls 0/56 wkts 0/1,
90617,csa_t20c,7663,2024-04-07,North West v Dolphins,skip:inn1 runs 0/173 balls 0/120 wkts 0/8 | inn2 runs 0/154 balls 0/120 wkts 0/9,
90620,csa_t20c,7663,2024-04-10,Dolphins v Titans,ok,
90624,csa_t20c,7663,2024-04-12,KwaZulu-Natal Inland v Warriors,ok,
90631,csa_t20c,7663,2024-04-12,Titans v Boland,ok,
90634,csa_t20c,7663,2024-04-12,North West v Western Province,skip:inn1 runs 0/155 balls 0/120 wkts 0/8 | inn2 runs 0/144 balls 0/120 wkts 0/6,
90641,csa_t20c,7663,2024-04-14,Western Province v Dolphins,skip:inn1 runs 0/96 balls 0/102 wkts 0/10 | inn2 runs 0/99 balls 0/67 wkts 0/2,
90645,csa_t20c,7663,2024-04-14,Lions v North West,skip:inn1 runs 0/85 balls 0/110 wkts 0/10 | inn2 runs 0/86 balls 0/56 wkts 0/0,
90652,csa_t20c,7663,2024-04-14,Titans v KwaZulu-Natal Inland,skip:inn1 runs 0/141 balls 0/118 wkts 0/10 | inn2 runs 0/142 balls 0/75 wkts 0/2,
90659,csa_t20c,7663,2024-04-14,Boland v Warriors,skip:inn1 runs 0/127 balls 0/120 wkts 0/8 | inn2 runs 0/128 balls 0/102 wkts 0/5,
90666,csa_t20c,7663,2024-04-17,KwaZulu-Natal Inland v Boland,skip:inn1 runs 0/119 balls 0/120 wkts 0/9 | inn2 runs 0/121 balls 0/106 wkts 0/3,
90669,csa_t20c,7663,2024-04-17,Warriors v Lions,skip:inn1 runs 0/152 balls 0/120 wkts 0/9 | inn2 runs 0/109 balls 0/115 wkts 0/10,
90673,csa_t20c,7663,2024-04-19,Boland v Western Province,skip:inn1 runs 0/173 balls 0/120 wkts 0/4 | inn2 runs 0/110 balls 0/106 wkts 0/10,
90680,csa_t20c,7663,2024-04-19,Dolphins v KwaZulu-Natal Inland,skip:inn1 runs 0/108 balls 0/111 wkts 0/10 | inn2 runs 0/112 balls 0/85 wkts 0/2,
90683,csa_t20c,7663,2024-04-19,Titans v Lions,skip:inn1 runs 0/154 balls 0/120 wkts 0/8 | inn2 runs 0/155 balls 0/120 wkts 0/8,
90687,csa_t20c,7663,2024-04-19,North West v Warriors,skip:inn1 no commentary | inn2 runs 0/146 balls 0/111 wkts 0/4,
90690,csa_t20c,7663,2024-04-21,KwaZulu-Natal Inland v Lions,skip:inn1 runs 0/132 balls 0/120 wkts 0/9 | inn2 runs 0/136 balls 0/105 wkts 0/3,
90697,csa_t20c,7663,2024-04-21,Western Province v Titans,skip:inn1 runs 0/113 balls 0/120 wkts 0/9 | inn2 runs 0/114 balls 0/80 wkts 0/4,
90704,csa_t20c,7663,2024-04-21,Warriors v Dolphins,skip:inn1 runs 0/130 balls 0/120 wkts 0/8 | inn2 runs 0/131 balls 0/104 wkts 0/3,
90708,csa_t20c,7663,2024-04-21,Boland v North West,skip:inn1 runs 0/143 balls 0/120 wkts 0/5 | inn2 runs 0/149 balls 0/119 wkts 0/4,
90715,csa_t20c,7663,2024-04-24,Lions v Titans,skip:inn1 runs 0/131 balls 0/108 wkts 0/9 | inn2 runs 0/134 balls 0/88 wkts 0/2,
90722,csa_t20c,7663,2024-04-25,Dolphins v Warriors,skip:inn1 runs 0/161 balls 0/120 wkts 0/4 | inn2 no commentary,
90729,csa_t20c,7663,2024-04-28,Lions v Dolphins,skip:inn1 runs 0/165 balls 0/120 wkts 0/8 | inn2 runs 0/168 balls 0/106 wkts 0/3,
129656,dpl,10581,2025-08-02,South Delhi Superstarz v East Delhi Riders,ok,
129667,dpl,10581,2025-08-03,North Delhi Strikers v Central Delhi Kings,ok,
129673,dpl,10581,2025-08-03,Outer Delhi Warriors v New Delhi Tigers,ok,
129684,dpl,10581,2025-08-04,East Delhi Riders v West Delhi Lions,ok,
129689,dpl,10581,2025-08-04,Central Delhi Kings v New Delhi Tigers,ok,
129695,dpl,10581,2025-08-05,Outer Delhi Warriors v Purani Dilli 6,ok,
129700,dpl,10581,2025-08-05,West Delhi Lions v South Delhi Superstarz,ok,unparsed: 1 run (short run); 
129711,dpl,10581,2025-08-06,New Delhi Tigers v East Delhi Riders,ok,
129717,dpl,10581,2025-08-06,North Delhi Strikers v Outer Delhi Warriors,ok,
129722,dpl,10581,2025-08-07,Purani Dilli 6 v West Delhi Lions,ok,
129728,dpl,10581,2025-08-07,Central Delhi Kings v South Delhi Superstarz,ok,
129739,dpl,10581,2025-08-08,East Delhi Riders v Outer Delhi Warriors,ok,
129744,dpl,10581,2025-08-08,New Delhi Tigers v Purani Dilli 6,ok,
129750,dpl,10581,,,skip:no-scorecard,
129755,dpl,10581,,,skip:no-scorecard,
129761,dpl,10581,2025-08-10,Purani Dilli 6 v North Delhi Strikers,ok,
129772,dpl,10581,2025-08-10,West Delhi Lions v East Delhi Riders,ok,
129783,dpl,10581,2025-08-11,South Delhi Superstarz v New Delhi Tigers,ok,
129794,dpl,10581,2025-08-11,North Delhi Strikers v West Delhi Lions,ok,
129805,dpl,10581,2025-08-12,Outer Delhi Warriors v Central Delhi Kings,ok,
129810,dpl,10581,2025-08-12,Purani Dilli 6 v East Delhi Riders,ok,
129821,dpl,10581,2025-08-15,Outer Delhi Warriors v South Delhi Superstarz,ok,
129827,dpl,10581,2025-08-16,West Delhi Lions v New Delhi Tigers,ok,
129838,dpl,10581,2025-08-16,Central Delhi Kings v North Delhi Strikers,ok,
129849,dpl,10581,2025-08-17,South Delhi Superstarz v Purani Dilli 6,ok,
129854,dpl,10581,2025-08-18,New Delhi Tigers v North Delhi Strikers,ok,
129865,dpl,10581,2025-08-19,East Delhi Riders v Purani Dilli 6,ok,
129876,dpl,10581,2025-08-20,Outer Delhi Warriors v North Delhi Strikers,ok,inn1 off by 1; 
129882,dpl,10581,2025-08-21,Central Delhi Kings v West Delhi Lions,ok,
129887,dpl,10581,2025-08-22,New Delhi Tigers v Outer Delhi Warriors,ok,"unparsed: Leg byes, 1 run, to deep mid-wicket; "
129893,dpl,10581,2025-08-23,North Delhi Strikers v East Delhi Riders,ok,
129898,dpl,10581,,,skip:no-scorecard,
129904,dpl,10581,2025-08-24,New Delhi Tigers v Central Delhi Kings,ok,
129909,dpl,10581,2025-08-25,South Delhi Superstarz v West Delhi Lions,ok,
129920,dpl,10581,2025-08-25,Purani Dilli 6 v Central Delhi Kings,ok,
129926,dpl,10581,2025-08-26,South Delhi Superstarz v North Delhi Strikers,ok,
129931,dpl,10581,,,skip:no-scorecard,
129937,dpl,10581,2025-08-27,Purani Dilli 6 v South Delhi Superstarz,ok,
129948,dpl,10581,2025-08-27,East Delhi Riders v Central Delhi Kings,ok,
129959,dpl,10581,2025-08-28,North Delhi Strikers v New Delhi Tigers,ok,
129964,dpl,10581,2025-08-29,Central Delhi Kings v East Delhi Riders,ok,
129975,dpl,10581,2025-08-29,West Delhi Lions v South Delhi Superstarz,ok,
129986,dpl,10581,2025-08-30,East Delhi Riders v West Delhi Lions,ok,
129997,dpl,10581,2025-08-31,Central Delhi Kings v West Delhi Lions,ok,
168901,dpl,12851,2026-07-31,Central Delhi Kings v Purani Dilli 6,ok,
168903,dpl,12851,2026-08-01,South Delhi Superstarz v East Delhi Riders,ok,
168913,dpl,12851,2026-08-01,West Delhi Lions v New Delhi Tigers,ok,
168921,dpl,12851,2026-08-02,Outer Delhi Warriors v Central Delhi Kings,ok,
168923,dpl,12851,2026-08-02,East Delhi Riders v New Delhi Tigers,ok,
168931,dpl,12851,2026-08-03,West Delhi Lions v Purani Dilli 6,ok,
168941,dpl,12851,2026-08-03,Central Delhi Kings v North Delhi Strikers,ok,
168943,dpl,12851,2026-08-04,New Delhi Tigers v Outer Delhi Warriors,ok,
168953,dpl,12851,2026-08-04,South Delhi Superstarz v West Delhi Lions,ok,
168961,dpl,12851,2026-08-05,Purani Dilli 6 v Central Delhi Kings,ok,
168971,dpl,12851,2026-08-05,East Delhi Riders v North Delhi Strikers,ok,
168973,dpl,12851,2026-08-06,South Delhi Superstarz v Outer Delhi Warriors,ok,
168983,dpl,12851,2026-08-06,New Delhi Tigers v Purani Dilli 6,ok,
168993,dpl,12851,,,skip:no-scorecard,
169001,dpl,12851,,,skip:no-scorecard,
169011,dpl,12851,,,skip:no-scorecard,
169021,dpl,12851,2026-08-08,Central Delhi Kings v Outer Delhi Warriors,ok,
169031,dpl,12851,2026-08-09,North Delhi Strikers v New Delhi Tigers,ok,
169037,dpl,12851,2026-08-09,South Delhi Superstarz v Central Delhi Kings,ok,
169041,dpl,12851,2026-08-10,West Delhi Lions v East Delhi Riders,ok,
169051,dpl,12851,2026-08-10,Purani Dilli 6 v Outer Delhi Warriors,ok,
169057,dpl,12851,2026-08-11,Central Delhi Kings v New Delhi Tigers,ok,
169061,dpl,12851,2026-08-11,West Delhi Lions v North Delhi Strikers,ok,
169071,dpl,12851,2026-08-12,East Delhi Riders v South Delhi Superstarz,ok,
169073,dpl,12851,2026-08-13,Outer Delhi Warriors v West Delhi Lions,ok,
169081,dpl,12851,2026-08-13,North Delhi Strikers v Purani Dilli 6,ok,
169091,dpl,12851,2026-08-15,New Delhi Tigers v South Delhi Superstarz,ok,
169101,dpl,12851,2026-08-16,North Delhi Strikers v Central Delhi Kings,ok,
169111,dpl,12851,2026-08-16,Outer Delhi Warriors v Purani Dilli 6,ok,
169121,dpl,12851,2026-08-17,New Delhi Tigers v East Delhi Riders,ok,
169131,dpl,12851,2026-08-17,West Delhi Lions v South Delhi Superstarz,ok,
169141,dpl,12851,2026-08-18,Purani Dilli 6 v North Delhi Strikers,ok,
169151,dpl,12851,2026-08-18,East Delhi Riders v Central Delhi Kings,ok,
169157,dpl,12851,2026-08-19,North Delhi Strikers v South Delhi Superstarz,ok,
169161,dpl,12851,2026-08-19,New Delhi Tigers v West Delhi Lions,ok,
169171,dpl,12851,2026-08-21,Outer Delhi Warriors v East Delhi Riders,ok,
169177,dpl,12851,2026-08-22,Central Delhi Kings v West Delhi Lions,ok,
169183,dpl,12851,2026-08-23,North Delhi Strikers v Outer Delhi Warriors,ok,
169193,dpl,12851,2026-08-24,South Delhi Superstarz v New Delhi Tigers,ok,
169203,dpl,12851,2026-08-25,Purani Dilli 6 v East Delhi Riders,ok,
169213,dpl,12851,2026-08-26,Central Delhi Kings v South Delhi Superstarz,ok,
169217,dpl,12851,2026-08-26,Purani Dilli 6 v Outer Delhi Warriors,ok,
169221,dpl,12851,2026-08-28,Central Delhi Kings v Purani Dilli 6,ok,
169231,dpl,12851,2026-08-30,South Delhi Superstarz v Central Delhi Kings,ok,
18244,emirates_t20_trophy,2575,2017-03-23,Lancashire v Birmingham Bears,ok,
18245,emirates_t20_trophy,2575,2017-03-23,Durham v Peshawar Zalmi,ok,
18246,emirates_t20_trophy,2575,2017-03-23,Lahore Qalandars v Birmingham Bears,ok,
18247,emirates_t20_trophy,2575,2017-03-24,Durham v MCC World XI,ok,
18248,emirates_t20_trophy,2575,2017-03-24,Lahore Qalandars v Lancashire,ok,
18249,emirates_t20_trophy,2575,2017-03-24,MCC World XI v Peshawar Zalmi,ok,inn1 off by -3; unparsed: SIX. Takes on the short pepper. Head on.; 
18250,emirates_t20_trophy,2575,2017-03-24,Lancashire v MCC World XI,ok,
109660,global_super_league,9196,2024-11-26,Guyana Amazon Warriors v Lahore Qalandars,ok,
109668,global_super_league,9196,2024-11-27,Hampshire v Rangpur Riders,ok,
109673,global_super_league,9196,2024-11-29,Guyana Amazon Warriors v Victoria,ok,
109676,global_super_league,9196,2024-11-30,Hampshire v Lahore Qalandars,ok,
109681,global_super_league,9196,2024-12-01,Rangpur Riders v Victoria,ok,
109689,global_super_league,9196,2024-12-01,Guyana Amazon Warriors v Hampshire,ok,
109697,global_super_league,9196,2024-12-03,Victoria v Lahore Qalandars,ok,
109705,global_super_league,9196,2024-12-04,Guyana Amazon Warriors v Rangpur Riders,ok,
109713,global_super_league,9196,2024-12-05,Lahore Qalandars v Rangpur Riders,ok,
109721,global_super_league,9196,2024-12-05,Hampshire v Victoria,ok,
109729,global_super_league,9196,2024-12-06,Victoria v Rangpur Riders,ok,"unparsed: leg byes 1 run, to short fine leg; unparsed: legbyes 1 run, to backward square leg; "
119459,global_super_league,9884,2025-07-10,Central Districts v Dubai Capitals,ok,
119465,global_super_league,9884,2025-07-10,Guyana Amazon Warriors v Rangpur Riders,ok,
119468,global_super_league,9884,2025-07-11,Dubai Capitals v Hobart Hurricanes,ok,
119477,global_super_league,9884,2025-07-11,Guyana Amazon Warriors v Central Districts,ok,
119483,global_super_league,9884,2025-07-13,Hobart Hurricanes v Rangpur Riders,ok,
119486,global_super_league,9884,2025-07-13,Guyana Amazon Warriors v Dubai Capitals,ok,
119495,global_super_league,9884,2025-07-15,Central Districts v Hobart Hurricanes,ok,
119504,global_super_league,9884,2025-07-16,Dubai Capitals v Rangpur Riders,ok,
119513,global_super_league,9884,2025-07-16,Guyana Amazon Warriors v Hobart Hurricanes,ok,
119522,global_super_league,9884,2025-07-17,Central Districts v Rangpur Riders,ok,
119531,global_super_league,9884,2025-07-18,Guyana Amazon Warriors v Rangpur Riders,ok,
153836,global_super_league,12012,2026-07-23,Lahore Qalandars v Perth Scorchers XI,ok,
153847,global_super_league,12012,2026-07-23,Guyana Amazon Warriors v San Francisco Unicorns,ok,
153849,global_super_league,12012,2026-07-24,Lahore Qalandars v Desert Vipers,ok,
153860,global_super_league,12012,2026-07-25,Guyana Amazon Warriors v Desert Vipers,ok,
153871,global_super_league,12012,2026-07-26,San Francisco Unicorns v Perth Scorchers XI,ok,
153882,global_super_league,12012,2026-07-26,Guyana Amazon Warriors v Lahore Qalandars,ok,
153893,global_super_league,12012,2026-07-27,San Francisco Unicorns v Desert Vipers,ok,
153904,global_super_league,12012,2026-07-28,Desert Vipers v Perth Scorchers XI,ok,
153915,global_super_league,12012,2026-07-29,Lahore Qalandars v San Francisco Unicorns,ok,
153926,global_super_league,12012,2026-07-29,Guyana Amazon Warriors v Perth Scorchers XI,ok,
153937,global_super_league,12012,2026-07-31,Desert Vipers v San Francisco Unicorns,ok,
153948,global_super_league,12012,2026-08-01,Guyana Amazon Warriors v San Francisco Unicorns,ok,
101088,gt20_canada,8518,2024-07-25,Vancouver Knights v Toronto Nationals,ok,
101094,gt20_canada,8518,2024-07-26,Bangla Tigers Mississauga v Montreal Tigers,ok,
101103,gt20_canada,8518,2024-07-26,Brampton Wolves v Surrey Jaguars,ok,inn2 off by 1; 
101112,gt20_canada,8518,2024-07-27,Vancouver Knights v Bangla Tigers Mississauga,ok,
101121,gt20_canada,8518,2024-07-27,Brampton Wolves v Toronto Nationals,ok,inn1 off by 1; 
101130,gt20_canada,8518,2024-07-28,Vancouver Knights v Montreal Tigers,ok,
101132,gt20_canada,8518,2024-07-28,Toronto Nationals v Surrey Jaguars,ok,
101135,gt20_canada,8518,2024-07-30,Toronto Nationals v Bangla Tigers Mississauga,ok,
101142,gt20_canada,8518,2024-07-30,Brampton Wolves v Montreal Tigers,ok,
101143,gt20_canada,8518,2024-07-31,Bangla Tigers Mississauga v Surrey Jaguars,ok,
101145,gt20_canada,8518,2024-07-31,Brampton Wolves v Vancouver Knights,ok,
101148,gt20_canada,8518,2024-08-02,Toronto Nationals v Montreal Tigers,ok,
101156,gt20_canada,8518,2024-08-02,Vancouver Knights v Surrey Jaguars,ok,
101164,gt20_canada,8518,2024-08-03,Brampton Wolves v Bangla Tigers Mississauga,ok,
101173,gt20_canada,8518,2024-08-03,Toronto Nationals v Vancouver Knights,ok,inn2 off by 2; 
101180,gt20_canada,8518,2024-08-04,Brampton Wolves v Surrey Jaguars,ok,
101187,gt20_canada,8518,2024-08-04,Montreal Tigers v Vancouver Knights,ok,
101188,gt20_canada,8518,2024-08-05,Surrey Jaguars v Bangla Tigers Mississauga,ok,
101194,gt20_canada,8518,2024-08-05,Toronto Nationals v Montreal Tigers,ok,
101195,gt20_canada,8518,,,skip:no-scorecard,
101198,gt20_canada,8518,2024-08-06,Surrey Jaguars v Montreal Tigers,ok,
101200,gt20_canada,8518,,,skip:no-scorecard,
101208,gt20_canada,8518,,,skip:no-scorecard,
101217,gt20_canada,8518,2024-08-10,Brampton Wolves v Toronto Nationals,ok,
101223,gt20_canada,8518,2024-08-11,Montreal Tigers v Toronto Nationals,ok,
20447,gt20_canada,2715,2018-06-28,Toronto Nationals v Vancouver Knights,ok,
20448,gt20_canada,2715,2018-06-29,Montreal Tigers v Winnipeg Hawks,skip:inn1 runs 203/203 balls 120/120 wkts 5/4,inn2 off by -3; 
20449,gt20_canada,2715,2018-06-30,Toronto Nationals v Edmonton Royals,ok,
20450,gt20_canada,2715,2018-06-30,Montreal Tigers v CWI B Team,ok,
20451,gt20_canada,2715,2018-07-01,Vancouver Knights v Winnipeg Hawks,ok,
20452,gt20_canada,2715,2018-07-01,Edmonton Royals v CWI B Team,ok,unparsed: ahh! Carnage. Pitched on a full length a; 
20453,gt20_canada,2715,2018-07-02,Toronto Nationals v Winnipeg Hawks,ok,inn1 off by -1; 
20454,gt20_canada,2715,2018-07-02,Montreal Tigers v Vancouver Knights,ok,
20455,gt20_canada,2715,2018-07-04,Montreal Tigers v Edmonton Royals,ok,inn2 off by -1; 
20456,gt20_canada,2715,2018-07-05,Winnipeg Hawks v CWI B Team,ok,"inn1 off by 1; unparsed: free hit, FOUR, short and into the body,; "
20457,gt20_canada,2715,,,skip:no-scorecard,
20458,gt20_canada,2715,2018-07-07,Toronto Nationals v CWI B Team,ok,"unparsed: legbyes, 1 run, past the glance, off the; "
20459,gt20_canada,2715,2018-07-07,Winnipeg Hawks v Edmonton Royals,ok,
20460,gt20_canada,2715,2018-07-08,Vancouver Knights v CWI B Team,ok,inn2 off by 1; 
20461,gt20_canada,2715,2018-07-08,Toronto Nationals v Montreal Tigers,ok,
20462,gt20_canada,2715,2018-07-10,CWI B Team v Montreal Tigers,ok,"unparsed: legbyes, 1 run, a glove in his half-pull; unparsed: legbyes, 1 run, on the hop, helping the ; "
20463,gt20_canada,2715,2018-07-10,Vancouver Knights v Toronto Nationals,skip:inn2 runs 104/104 balls 75/75 wkts 3/2,
20464,gt20_canada,2715,2018-07-11,Edmonton Royals v Winnipeg Hawks,ok,
20465,gt20_canada,2715,2018-07-12,Vancouver Knights v CWI B Team,ok,
20466,gt20_canada,2715,2018-07-12,Winnipeg Hawks v Edmonton Royals,ok,
20467,gt20_canada,2715,2018-07-14,Vancouver Knights v Winnipeg Hawks,ok,
20468,gt20_canada,2715,2018-07-15,CWI B Team v Vancouver Knights,ok,
22888,gt20_canada,2861,2019-07-25,Toronto Nationals v Vancouver Knights,ok,
22889,gt20_canada,2861,2019-07-26,Montreal Tigers v Winnipeg Hawks,ok,inn1 off by -1; 
22890,gt20_canada,2861,2019-07-27,Toronto Nationals v Edmonton Royals,ok,
22891,gt20_canada,2861,2019-07-27,Montreal Tigers v Brampton Wolves,ok,
22892,gt20_canada,2861,2019-07-28,Vancouver Knights v Winnipeg Hawks,ok,
22893,gt20_canada,2861,2019-07-28,Edmonton Royals v Brampton Wolves,ok,
22894,gt20_canada,2861,2019-07-29,Toronto Nationals v Winnipeg Hawks,ok,
22895,gt20_canada,2861,2019-07-29,Montreal Tigers v Vancouver Knights,ok,
22896,gt20_canada,2861,2019-07-31,Montreal Tigers v Edmonton Royals,ok,
22897,gt20_canada,2861,2019-08-01,Winnipeg Hawks v Brampton Wolves,ok,
22898,gt20_canada,2861,2019-08-02,Vancouver Knights v Edmonton Royals,ok,inn1 off by -3; 
22899,gt20_canada,2861,2019-08-03,Toronto Nationals v Brampton Wolves,ok,
22900,gt20_canada,2861,2019-08-03,Winnipeg Hawks v Edmonton Royals,skip:inn1 runs 191/195 balls 119/120 wkts 6/6,
22901,gt20_canada,2861,2019-08-04,Vancouver Knights v Brampton Wolves,ok,inn2 off by -1; 
22902,gt20_canada,2861,2019-08-04,Toronto Nationals v Montreal Tigers,ok,
22903,gt20_canada,2861,,,skip:no-scorecard,
22904,gt20_canada,2861,,,skip:no-scorecard,
22905,gt20_canada,2861,2019-08-07,Montreal Tigers v Toronto Nationals,ok,
22906,gt20_canada,2861,2019-08-08,Brampton Wolves v Vancouver Knights,ok,
22907,gt20_canada,2861,2019-08-08,Toronto Nationals v Winnipeg Hawks,ok,
22908,gt20_canada,2861,2019-08-10,Brampton Wolves v Winnipeg Hawks,ok,
22909,gt20_canada,2861,2019-08-11,Vancouver Knights v Winnipeg Hawks,ok,
77067,gt20_canada,6829,2023-07-20,Brampton Wolves v Mississauga Panthers,ok,
77074,gt20_canada,6829,2023-07-21,Vancouver Knights v Toronto Nationals,ok,
77081,gt20_canada,6829,2023-07-21,Surrey Jaguars v Montreal Tigers,ok,
77088,gt20_canada,6829,2023-07-22,Vancouver Knights v Mississauga Panthers,ok,
77095,gt20_canada,6829,2023-07-22,Brampton Wolves v Toronto Nationals,ok,
77102,gt20_canada,6829,2023-07-23,Mississauga Panthers v Montreal Tigers,ok,
77109,gt20_canada,6829,2023-07-23,Brampton Wolves v Surrey Jaguars,ok,
77116,gt20_canada,6829,2023-07-25,Toronto Nationals v Surrey Jaguars,ok,
77123,gt20_canada,6829,2023-07-25,Vancouver Knights v Montreal Tigers,ok,
77130,gt20_canada,6829,2023-07-26,Toronto Nationals v Mississauga Panthers,ok,
77137,gt20_canada,6829,2023-07-26,Brampton Wolves v Montreal Tigers,ok,
77144,gt20_canada,6829,2023-07-28,Brampton Wolves v Vancouver Knights,ok,
77151,gt20_canada,6829,2023-07-28,Mississauga Panthers v Surrey Jaguars,ok,
77158,gt20_canada,6829,,,skip:no-scorecard,
77165,gt20_canada,6829,,,skip:no-scorecard,
77172,gt20_canada,6829,,,skip:no-scorecard,
77179,gt20_canada,6829,2023-07-30,Toronto Nationals v Montreal Tigers,ok,unparsed: 1 run & out Retired Out!! Smit retd out ; 
77186,gt20_canada,6829,2023-08-01,Brampton Wolves v Surrey Jaguars,ok,
77193,gt20_canada,6829,2023-08-01,Montreal Tigers v Vancouver Knights,ok,
77200,gt20_canada,6829,2023-08-02,Surrey Jaguars v Mississauga Panthers,ok,
77207,gt20_canada,6829,2023-08-02,Toronto Nationals v Vancouver Knights,ok,
77214,gt20_canada,6829,2023-08-04,Surrey Jaguars v Vancouver Knights,ok,
77221,gt20_canada,6829,2023-08-04,Montreal Tigers v Brampton Wolves,ok,
77228,gt20_canada,6829,2023-08-05,Vancouver Knights v Montreal Tigers,ok,
77235,gt20_canada,6829,2023-08-06,Surrey Jaguars v Montreal Tigers,ok,
18010,haryana_premier_league,2558,2017-02-04,Panchkula Kings v Sirsa Warriors,ok,inn1 off by -3; 
18011,haryana_premier_league,2558,2017-02-05,Kurukshetra Tigers v Hisar Bulls,ok,
18012,haryana_premier_league,2558,2017-02-05,Rohtak Blasters v Gurugram Gladiators,ok,
18013,haryana_premier_league,2558,2017-02-06,Panchkula Kings v Hisar Bulls,ok,inn1 off by -3; 
18014,haryana_premier_league,2558,2017-02-06,Sirsa Warriors v Gurugram Gladiators,ok,inn1 off by -3; 
18015,haryana_premier_league,2558,2017-02-07,Panchkula Kings v Gurugram Gladiators,ok,unresolved name; 
18016,haryana_premier_league,2558,2017-02-07,Rohtak Blasters v Kurukshetra Tigers,ok,inn1 off by -3; 
18017,haryana_premier_league,2558,2017-02-08,Sirsa Warriors v Hisar Bulls,ok,
18018,haryana_premier_league,2558,2017-02-08,Panchkula Kings v Kurukshetra Tigers,ok,inn2 off by -3; 
18019,haryana_premier_league,2558,2017-02-09,Rohtak Blasters v Sirsa Warriors,ok,"unparsed: 1 ru, short of length delivery on the st; "
18020,haryana_premier_league,2558,2017-02-09,Hisar Bulls v Gurugram Gladiators,skip:inn2 runs 156/150 balls 120/120 wkts 9/9,
18021,haryana_premier_league,2558,2017-02-10,Panchkula Kings v Rohtak Blasters,ok,
18022,haryana_premier_league,2558,2017-02-10,Gurugram Gladiators v Kurukshetra Tigers,ok,
18023,haryana_premier_league,2558,2017-02-11,Rohtak Blasters v Hisar Bulls,ok,
18024,haryana_premier_league,2558,2017-02-11,Sirsa Warriors v Kurukshetra Tigers,ok,
18025,haryana_premier_league,2558,2017-02-12,Gurugram Gladiators v Rohtak Blasters,ok,
18026,haryana_premier_league,2558,2017-02-12,Kurukshetra Tigers v Sirsa Warriors,ok,
18027,haryana_premier_league,2558,2017-02-13,Gurugram Gladiators v Sirsa Warriors,skip:inn1 runs 125/87 balls 116/84 wkts 10/5 | inn2 runs 107/106 balls 113/114 wkts 9/10,
16625,hk_t20_blitz,2458,2016-05-27,Hung Hom JD Jaguars v Lantau Galaxy Riders,skip:inn1 no commentary | inn2 no commentary,
16626,hk_t20_blitz,2458,2016-05-28,Lantau Galaxy Riders v Island Warriors,skip:inn1 no commentary | inn2 no commentary,
16627,hk_t20_blitz,2458,2016-05-28,Hung Hom JD Jaguars v Kowloon Cantons,skip:inn1 no commentary | inn2 no commentary,
16628,hk_t20_blitz,2458,2016-05-28,Island Warriors v Kowloon Cantons,skip:inn1 no commentary,
16629,hk_t20_blitz,2458,,,skip:no-scorecard,
16630,hk_t20_blitz,2458,,,skip:no-scorecard,
16631,hk_t20_blitz,2458,,,skip:no-scorecard,
18190,hk_t20_blitz,2570,2017-03-08,Hung Hom JD Jaguars v Galaxy Gladiators Lantau,ok,
18191,hk_t20_blitz,2570,2017-03-08,City Kaitak v Kowloon Cantons,skip:inn2 runs 197/204 balls 83/87 wkts 2/2,inn1 off by 1; 
18192,hk_t20_blitz,2570,2017-03-09,Hung Hom JD Jaguars v HKI United,skip:inn1 runs 208/216 balls 117/120 wkts 6/6,inn2 off by -1; 
18193,hk_t20_blitz,2570,2017-03-09,Galaxy Gladiators Lantau v City Kaitak,skip:inn1 runs 155/155 balls 120/120 wkts 10/9 | inn2 runs 154/158 balls 90/92 wkts 4/4,
18194,hk_t20_blitz,2570,2017-03-10,HKI United v Galaxy Gladiators Lantau,skip:inn1 runs 171/177 balls 118/120 wkts 8/7 | inn2 runs 175/178 balls 111/114 wkts 2/2,"unparsed: 2 rus, floater outside off, clipped away; unresolved name; "
18195,hk_t20_blitz,2570,2017-03-10,Kowloon Cantons v Hung Hom JD Jaguars,ok,"inn1 off by 2; unparsed: 1 leg bye, slower ball. Jonathan Foo get; "
18196,hk_t20_blitz,2570,2017-03-10,Kowloon Cantons v HKI United,ok,inn2 off by -3; 
18197,hk_t20_blitz,2570,2017-03-11,City Kaitak v Hung Hom JD Jaguars,skip:inn1 runs 193/193 balls 120/120 wkts 5/4,
18198,hk_t20_blitz,2570,2017-03-11,Galaxy Gladiators Lantau v Kowloon Cantons,ok,inn2 off by -3; 
18199,hk_t20_blitz,2570,2017-03-12,HKI United v City Kaitak,ok,
18200,hk_t20_blitz,2570,2017-03-12,Kowloon Cantons v City Kaitak,ok,
19393,hk_t20_blitz,2657,2018-02-06,City Kaitak v Hung Hom JD Jaguars,ok,
19394,hk_t20_blitz,2657,2018-02-07,City Kaitak v Hong Kong Island United,ok,
19395,hk_t20_blitz,2657,2018-02-07,Kowloon Cantons v Galaxy Gladiators Lantau,ok,
19396,hk_t20_blitz,2657,2018-02-08,Hung Hom JD Jaguars v Kowloon Cantons,ok,
19397,hk_t20_blitz,2657,2018-02-08,Hong Kong Island United v Galaxy Gladiators Lantau,ok,inn1 off by -3; 
19398,hk_t20_blitz,2657,2018-02-09,Galaxy Gladiators Lantau v Hung Hom JD Jaguars,ok,
19399,hk_t20_blitz,2657,2018-02-09,Kowloon Cantons v City Kaitak,ok,inn1 off by -3; 
19400,hk_t20_blitz,2657,2018-02-10,Galaxy Gladiators Lantau v City Kaitak,skip:inn2 runs 148/139 balls 110/110 wkts 5/5,
19401,hk_t20_blitz,2657,2018-02-10,Hung Hom JD Jaguars v Hong Kong Island United,ok,
19402,hk_t20_blitz,2657,2018-02-11,Hong Kong Island United v Kowloon Cantons,ok,unparsed: cover; 
19403,hk_t20_blitz,2657,2018-02-11,Galaxy Gladiators Lantau v Hung Hom JD Jaguars,ok,
130542,kerala_cricket_league,10620,2025-08-21,Aries Kollam Sailors v Calicut Globstars,ok,
130553,kerala_cricket_league,10620,2025-08-21,Adani Trivandrum Royals v Kochi Blue Tigers,ok,
130558,kerala_cricket_league,10620,2025-08-22,Alleppey Ripples v Thrissur Titans,ok,
130569,kerala_cricket_league,10620,2025-08-22,Aries Kollam Sailors v Adani Trivandrum Royals,ok,
130575,kerala_cricket_league,10620,2025-08-23,Kochi Blue Tigers v Alleppey Ripples,ok,
130580,kerala_cricket_league,10620,2025-08-23,Thrissur Titans v Calicut Globstars,ok,
130591,kerala_cricket_league,10620,2025-08-24,Calicut Globstars v Adani Trivandrum Royals,ok,
130597,kerala_cricket_league,10620,2025-08-24,Kochi Blue Tigers v Aries Kollam Sailors,ok,
130602,kerala_cricket_league,10620,2025-08-25,Aries Kollam Sailors v Thrissur Titans,ok,inn1 off by 1; 
130608,kerala_cricket_league,10620,2025-08-25,Alleppey Ripples v Adani Trivandrum Royals,ok,inn1 off by 3; 
130619,kerala_cricket_league,10620,2025-08-26,Thrissur Titans v Kochi Blue Tigers,ok,
130630,kerala_cricket_league,10620,2025-08-26,Alleppey Ripples v Calicut Globstars,ok,
130641,kerala_cricket_league,10620,2025-08-27,Calicut Globstars v Kochi Blue Tigers,ok,
130652,kerala_cricket_league,10620,2025-08-27,Adani Trivandrum Royals v Thrissur Titans,ok,
130657,kerala_cricket_league,10620,2025-08-28,Kochi Blue Tigers v Adani Trivandrum Royals,ok,
130668,kerala_cricket_league,10620,2025-08-28,Aries Kollam Sailors v Alleppey Ripples,ok,
130674,kerala_cricket_league,10620,2025-08-29,Thrissur Titans v Aries Kollam Sailors,ok,
130679,kerala_cricket_league,10620,2025-08-29,Calicut Globstars v Alleppey Ripples,ok,
130685,kerala_cricket_league,10620,2025-08-30,Adani Trivandrum Royals v Calicut Globstars,ok,
130696,kerala_cricket_league,10620,2025-08-30,Kochi Blue Tigers v Thrissur Titans,ok,
130707,kerala_cricket_league,10620,2025-08-31,Adani Trivandrum Royals v Aries Kollam Sailors,ok,
130718,kerala_cricket_league,10620,2025-08-31,Alleppey Ripples v Kochi Blue Tigers,ok,
130729,kerala_cricket_league,10620,2025-09-01,Thrissur Titans v Alleppey Ripples,ok,
130734,kerala_cricket_league,10620,2025-09-01,Calicut Globstars v Aries Kollam Sailors,ok,
130740,kerala_cricket_league,10620,2025-09-02,Kochi Blue Tigers v Calicut Globstars,ok,
130751,kerala_cricket_league,10620,2025-09-02,Thrissur Titans v Adani Trivandrum Royals,ok,
130756,kerala_cricket_league,10620,2025-09-03,Adani Trivandrum Royals v Alleppey Ripples,ok,
130762,kerala_cricket_league,10620,2025-09-03,Aries Kollam Sailors v Kochi Blue Tigers,ok,
130773,kerala_cricket_league,10620,2025-09-04,Alleppey Ripples v Aries Kollam Sailors,skip:inn2 runs 139/139 balls 100/102 wkts 5/6,
130778,kerala_cricket_league,10620,2025-09-04,Calicut Globstars v Thrissur Titans,ok,
130784,kerala_cricket_league,10620,2025-09-05,Thrissur Titans v Aries Kollam Sailors,ok,
130795,kerala_cricket_league,10620,2025-09-05,Kochi Blue Tigers v Calicut Globstars,skip:inn1 runs 186/186 balls 120/120 wkts 7/8,
130806,kerala_cricket_league,10620,2025-09-07,Aries Kollam Sailors v Kochi Blue Tigers,ok,
15303,kpl,2367,2015-09-03,Mangalore United v Belagavi Panthers,skip:inn1 no commentary | inn2 no commentary,
15305,kpl,2367,2015-09-03,Mysore Warriors v Shivamogga Strikers,skip:inn1 no commentary | inn2 no commentary,
15306,kpl,2367,2015-09-04,Bijapur Bulls v Bellary Tuskers,skip:inn1 no commentary | inn2 no commentary,
15307,kpl,2367,2015-09-04,Hubli Tigers v Rock Stars,skip:inn1 no commentary | inn2 no commentary,
15308,kpl,2367,2015-09-05,Mysore Warriors v Mangalore United,skip:inn1 no commentary | inn2 no commentary,
15309,kpl,2367,2015-09-05,Belagavi Panthers v Rock Stars,skip:inn1 no commentary,
15310,kpl,2367,2015-09-06,Hubli Tigers v Bijapur Bulls,skip:inn1 no commentary | inn2 no commentary,
15311,kpl,2367,2015-09-06,Bellary Tuskers v Shivamogga Strikers,skip:inn1 no commentary | inn2 no commentary,
15312,kpl,2367,2015-09-07,Mysore Warriors v Bellary Tuskers,skip:inn1 no commentary | inn2 no commentary,
15313,kpl,2367,,,skip:no-scorecard,
15314,kpl,2367,2015-09-08,Rock Stars v Shivamogga Strikers,skip:inn1 no commentary | inn2 no commentary,
15315,kpl,2367,2015-09-08,Hubli Tigers v Belagavi Panthers,skip:inn1 no commentary | inn2 no commentary,
15316,kpl,2367,2015-09-09,Bijapur Bulls v Shivamogga Strikers,skip:inn1 no commentary | inn2 no commentary,
15317,kpl,2367,2015-09-09,Mysore Warriors v Belagavi Panthers,skip:inn1 no commentary | inn2 no commentary,
15318,kpl,2367,2015-09-10,Hubli Tigers v Mangalore United,skip:inn1 no commentary,
15319,kpl,2367,2015-09-10,Bellary Tuskers v Rock Stars,skip:inn1 no commentary | inn2 no commentary,
15320,kpl,2367,2015-09-12,Belagavi Panthers v Shivamogga Strikers,skip:inn1 no commentary | inn2 no commentary,
15321,kpl,2367,2015-09-12,Mangalore United v Bellary Tuskers,skip:inn1 no commentary | inn2 no commentary,
15322,kpl,2367,2015-09-13,Bijapur Bulls v Rock Stars,skip:inn1 no commentary | inn2 no commentary,
15323,kpl,2367,2015-09-13,Hubli Tigers v Shivamogga Strikers,skip:inn1 no commentary | inn2 no commentary,
15324,kpl,2367,2015-09-14,Belagavi Panthers v Bellary Tuskers,skip:inn1 no commentary | inn2 no commentary,
15325,kpl,2367,2015-09-14,Mysore Warriors v Bijapur Bulls,skip:inn1 no commentary | inn2 no commentary,
15326,kpl,2367,2015-09-15,Mysore Warriors v Hubli Tigers,skip:inn1 no commentary | inn2 no commentary,
15327,kpl,2367,2015-09-15,Mangalore United v Rock Stars,skip:inn1 no commentary | inn2 no commentary,
15328,kpl,2367,2015-09-16,Hubli Tigers v Bellary Tuskers,skip:inn1 no commentary | inn2 no commentary,
15329,kpl,2367,2015-09-16,Bijapur Bulls v Belagavi Panthers,skip:inn1 no commentary | inn2 no commentary,
15330,kpl,2367,2015-09-17,Mangalore United v Shivamogga Strikers,skip:inn1 no commentary | inn2 no commentary,
15331,kpl,2367,2015-09-17,Mysore Warriors v Rock Stars,skip:inn1 no commentary | inn2 no commentary,
15332,kpl,2367,2015-09-18,Hubli Tigers v Mangalore United,skip:inn1 no commentary | inn2 no commentary,
15333,kpl,2367,2015-09-18,Belagavi Panthers v Bijapur Bulls,skip:inn1 no commentary | inn2 no commentary,
15334,kpl,2367,2015-09-19,Belagavi Panthers v Hubli Tigers,skip:inn1 no commentary | inn2 no commentary,
15335,kpl,2367,2015-09-20,Bijapur Bulls v Hubli Tigers,skip:inn1 no commentary | inn2 no commentary,
17017,kpl,2506,2016-09-17,Shivamogga Strikers v Hubli Tigers,skip:inn1 no commentary | inn2 no commentary,
17018,kpl,2506,2016-09-17,Mysore Warriors v Mangalore United,skip:inn1 no commentary | inn2 no commentary,
17019,kpl,2506,2016-09-17,Bijapur Bulls v Belagavi Panthers,skip:inn1 no commentary | inn2 no commentary,
17020,kpl,2506,2016-09-18,Mysore Warriors v Rock Stars,skip:inn1 no commentary | inn2 no commentary,
17021,kpl,2506,2016-09-18,Bellary Tuskers v Shivamogga Strikers,skip:inn1 no commentary | inn2 no commentary,
17022,kpl,2506,2016-09-19,Hubli Tigers v Bijapur Bulls,skip:inn1 no commentary | inn2 no commentary,
17023,kpl,2506,2016-09-19,Mangalore United v Rock Stars,skip:inn1 no commentary | inn2 no commentary,
17024,kpl,2506,2016-09-20,Shivamogga Strikers v Belagavi Panthers,skip:inn1 no commentary | inn2 no commentary,
17025,kpl,2506,2016-09-20,Bellary Tuskers v Hubli Tigers,skip:inn1 no commentary | inn2 no commentary,
17026,kpl,2506,2016-09-21,Bijapur Bulls v Mangalore United,skip:inn1 no commentary,
17027,kpl,2506,2016-09-21,Bellary Tuskers v Mysore Warriors,skip:inn1 no commentary | inn2 no commentary,
17028,kpl,2506,2016-09-22,Belagavi Panthers v Hubli Tigers,skip:inn1 no commentary | inn2 no commentary,
17029,kpl,2506,2016-09-22,Shivamogga Strikers v Mangalore United,skip:inn1 no commentary | inn2 no commentary,
17030,kpl,2506,2016-09-23,Rock Stars v Bellary Tuskers,skip:inn1 no commentary | inn2 no commentary,
17031,kpl,2506,2016-09-23,Mysore Warriors v Bijapur Bulls,skip:inn1 no commentary | inn2 no commentary,
17032,kpl,2506,2016-09-24,Mangalore United v Bellary Tuskers,skip:inn1 no commentary | inn2 no commentary,
17033,kpl,2506,2016-09-24,Shivamogga Strikers v Bijapur Bulls,skip:inn1 no commentary | inn2 no commentary,
17034,kpl,2506,2016-09-24,Mysore Warriors v Belagavi Panthers,skip:inn1 no commentary | inn2 no commentary,
17035,kpl,2506,2016-09-25,Hubli Tigers v Mangalore United,skip:inn1 no commentary | inn2 no commentary,
17036,kpl,2506,2016-09-25,Shivamogga Strikers v Rock Stars,skip:inn1 no commentary | inn2 no commentary,
17037,kpl,2506,2016-09-26,Bellary Tuskers v Belagavi Panthers,skip:inn1 no commentary | inn2 no commentary,
17038,kpl,2506,2016-09-26,Bijapur Bulls v Rock Stars,skip:inn1 no commentary | inn2 no commentary,
17039,kpl,2506,2016-09-28,Rock Stars v Belagavi Panthers,skip:inn1 no commentary | inn2 no commentary,
17040,kpl,2506,2016-09-28,Hubli Tigers v Mysore Warriors,skip:inn1 no commentary | inn2 no commentary,
17041,kpl,2506,2016-09-29,Bijapur Bulls v Bellary Tuskers,skip:inn1 no commentary | inn2 no commentary,
17042,kpl,2506,2016-09-29,Mangalore United v Belagavi Panthers,skip:inn1 no commentary | inn2 no commentary,
17043,kpl,2506,2016-09-30,Mysore Warriors v Shivamogga Strikers,skip:inn1 no commentary | inn2 no commentary,
17044,kpl,2506,2016-09-30,Hubli Tigers v Rock Stars,skip:inn1 no commentary | inn2 no commentary,
17045,kpl,2506,2016-10-01,Hubli Tigers v Belagavi Panthers,skip:inn1 no commentary | inn2 no commentary,
17046,kpl,2506,2016-10-01,Mysore Warriors v Bellary Tuskers,skip:inn1 no commentary | inn2 no commentary,
17047,kpl,2506,2016-10-02,Hubli Tigers v Bellary Tuskers,skip:inn1 no commentary | inn2 no commentary,
18653,kpl,2606,2017-09-01,Hubli Tigers v Belagavi Panthers,ok,
18654,kpl,2606,2017-09-02,Bengaluru Blasters v Mysore Warriors,ok,
18655,kpl,2606,2017-09-04,Mysore Warriors v Bijapur Bulls,ok,
18656,kpl,2606,,,skip:no-scorecard,
18657,kpl,2606,2017-09-06,Bengaluru Blasters v Hubli Tigers,ok,
18658,kpl,2606,2017-09-07,Shivamogga Strikers v Bijapur Bulls,ok,
18659,kpl,2606,2017-09-08,Belagavi Panthers v Bengaluru Blasters,skip:inn2 runs 169/169 balls 116/117 wkts 9/10,
18660,kpl,2606,2017-09-08,Hubli Tigers v Shivamogga Strikers,ok,inn2 off by -1; 
18661,kpl,2606,2017-09-09,Bellary Tuskers v Bijapur Bulls,ok,inn2 off by 1; 
18662,kpl,2606,2017-09-09,Mysore Warriors v Belagavi Panthers,ok,
18663,kpl,2606,2017-09-10,Bijapur Bulls v Hubli Tigers,ok,
18664,kpl,2606,2017-09-10,Mysore Warriors v Bellary Tuskers,ok,
18665,kpl,2606,2017-09-11,Bengaluru Blasters v Shivamogga Strikers,ok,inn2 off by -3; 
18666,kpl,2606,2017-09-12,Belagavi Panthers v Bellary Tuskers,ok,inn1 off by -2; inn2 off by -2; 
18667,kpl,2606,2017-09-14,Hubli Tigers v Mysore Warriors,ok,
18668,kpl,2606,2017-09-15,Bijapur Bulls v Bengaluru Blasters,ok,
18669,kpl,2606,2017-09-16,Belagavi Panthers v Shivamogga Strikers,ok,
18670,kpl,2606,2017-09-16,Bengaluru Blasters v Bellary Tuskers,ok,
18671,kpl,2606,2017-09-18,Belagavi Panthers v Bijapur Bulls,ok,unparsed: 1 run. Slower short of length delivery o; inn2 off by -3; 
18672,kpl,2606,2017-09-19,Shivamogga Strikers v Mysore Warriors,ok,"unparsed: 1 rum, shortish and on the off stump, Jo; "
18673,kpl,2606,2017-09-19,Hubli Tigers v Bellary Tuskers,ok,
18674,kpl,2606,2017-09-20,Hubli Tigers v Belagavi Panthers,ok,inn2 off by -3; 
18675,kpl,2606,2017-09-22,Bijapur Bulls v Shivamogga Strikers,ok,
18676,kpl,2606,2017-09-23,Belagavi Panthers v Bijapur Bulls,ok,inn1 off by -3; inn2 off by -3; 
20803,kpl,2743,2018-08-15,Bengaluru Blasters v Belagavi Panthers,ok,
20804,kpl,2743,2018-08-16,Hubli Tigers v Bijapur Bulls,ok,
20805,kpl,2743,2018-08-17,Bengaluru Blasters v Bellary Tuskers,ok,inn1 off by -1; unparsed: He was late on the yorker and inside hal; 
20806,kpl,2743,2018-08-19,Hubli Tigers v Shivamogga Strikers,ok,
20807,kpl,2743,2018-08-20,Bellary Tuskers v Mysore Warriors,ok,
20808,kpl,2743,,,skip:no-scorecard,
20809,kpl,2743,,,skip:no-scorecard,
20810,kpl,2743,,,skip:no-scorecard,
20811,kpl,2743,,,skip:no-scorecard,
20812,kpl,2743,,,skip:no-scorecard,
20813,kpl,2743,2018-08-25,Belagavi Panthers v Bellary Tuskers,ok,
20814,kpl,2743,2018-08-25,Shivamogga Strikers v Bengaluru Blasters,ok,
20815,kpl,2743,2018-08-26,Mysore Warriors v Hubli Tigers,ok,
20816,kpl,2743,2018-08-26,Bijapur Bulls v Bellary Tuskers,ok,
20817,kpl,2743,2018-08-28,Mysore Warriors v Shivamogga Strikers,skip:inn2 runs 143/147 balls 104/104 wkts 4/4,inn1 off by -3; 
20818,kpl,2743,2018-08-29,Shivamogga Strikers v Belagavi Panthers,ok,
20819,kpl,2743,2018-08-31,Mysore Warriors v Belagavi Panthers,ok,
20820,kpl,2743,2018-08-31,Hubli Tigers v Bengaluru Blasters,ok,"unparsed: no run short and outside off, Deshpande ; "
20821,kpl,2743,2018-09-02,Shivamogga Strikers v Bijapur Bulls,ok,unparsed: FOUR good start for Shivamogga. It was o; 
20822,kpl,2743,2018-09-02,Bengaluru Blasters v Mysore Warriors,ok,
20823,kpl,2743,2018-09-03,Bellary Tuskers v Shivamogga Strikers,ok,"unparsed: FOUR ample width on this ball, Sharath m; unparsed: no run back of a length and at the stump; "
20824,kpl,2743,2018-09-04,Bengaluru Blasters v Mysore Warriors,ok,inn2 off by -3; 
20825,kpl,2743,2018-09-05,Hubli Tigers v Bijapur Bulls,ok,inn1 off by -2; 
20826,kpl,2743,2018-09-06,Bengaluru Blasters v Bijapur Bulls,ok,unparsed: FOUR. Do.Not.Pitch.It.Up.To.Uthappa. He ; unparsed: dropped first ball. What a horrid start ; 
20868,kpl,2743,2018-09-01,Hubli Tigers v Belagavi Panthers,ok,
20869,kpl,2743,2018-09-01,Bijapur Bulls v Mysore Warriors,ok,
23108,kpl,2876,2019-08-16,Bengaluru Blasters v Mysore Warriors,ok,
23109,kpl,2876,2019-08-17,Hubli Tigers v Shivamogga Strikers,ok,inn2 off by -2; 
23110,kpl,2876,2019-08-17,Bellary Tuskers v Belagavi Panthers,ok,inn1 off by 1; 
23111,kpl,2876,2019-08-18,Mysore Warriors v Shivamogga Strikers,ok,inn1 off by -3; 
23112,kpl,2876,2019-08-18,Bengaluru Blasters v Bijapur Bulls,ok,
23113,kpl,2876,2019-08-19,Hubli Tigers v Bellary Tuskers,ok,
23114,kpl,2876,2019-08-19,Mysore Warriors v Belagavi Panthers,ok,
23115,kpl,2876,2019-08-20,Bellary Tuskers v Bijapur Bulls,ok,unparsed: 2 runs .. and Prasidh puts down an absol; 
23116,kpl,2876,2019-08-20,Bengaluru Blasters v Shivamogga Strikers,ok,
23117,kpl,2876,2019-08-21,Bijapur Bulls v Mysore Warriors,ok,
23118,kpl,2876,2019-08-21,Hubli Tigers v Belagavi Panthers,ok,
23119,kpl,2876,2019-08-22,Bellary Tuskers v Bengaluru Blasters,ok,
23120,kpl,2876,2019-08-22,Hubli Tigers v Bijapur Bulls,ok,inn2 off by -1; 
23121,kpl,2876,2019-08-23,Belagavi Panthers v Bengaluru Blasters,ok,
23122,kpl,2876,2019-08-23,Shivamogga Strikers v Bellary Tuskers,ok,inn2 off by 1; 
23123,kpl,2876,2019-08-25,Belagavi Panthers v Shivamogga Strikers,ok,
23124,kpl,2876,2019-08-25,Mysore Warriors v Hubli Tigers,skip:inn1 runs 151/151 balls 120/120 wkts 9/8,
23125,kpl,2876,2019-08-26,Belagavi Panthers v Bijapur Bulls,ok,
23126,kpl,2876,2019-08-26,Mysore Warriors v Bellary Tuskers,ok,
23127,kpl,2876,2019-08-27,Hubli Tigers v Bengaluru Blasters,ok,"unparsed: Byes, FOUR, outside edge on the attempte; "
23128,kpl,2876,2019-08-27,Shivamogga Strikers v Bijapur Bulls,ok,
23129,kpl,2876,2019-08-28,Bellary Tuskers v Belagavi Panthers,ok,
23130,kpl,2876,2019-08-29,Hubli Tigers v Shivamogga Strikers,ok,inn1 off by -2; 
23131,kpl,2876,2019-08-30,Belagavi Panthers v Hubli Tigers,skip:inn1 runs 158/154 balls 120/120 wkts 10/10,
23132,kpl,2876,2019-08-31,Bellary Tuskers v Hubli Tigers,skip:inn2 runs 144/144 balls 120/120 wkts 11/10,
9793,kpl,1626,2010-09-29,Provident Bangalore v Malnad Gladiators,skip:inn1 no commentary | inn2 no commentary,
115462,legends_asian_legends_league,9442,2025-03-10,Afghanistan Pathans v Asian Stars,ok,
115473,legends_asian_legends_league,9442,,,skip:no-scorecard,
115482,legends_asian_legends_league,9442,,,skip:no-scorecard,
115489,legends_asian_legends_league,9442,2025-03-11,Indian Royals v Sri Lankan Lions,ok,
115491,legends_asian_legends_league,9442,2025-03-12,Sri Lankan Lions v Afghanistan Pathans,ok,inn1 off by -1; 
115500,legends_asian_legends_league,9442,,,skip:no-scorecard,
115509,legends_asian_legends_league,9442,2025-03-13,Asian Stars v Sri Lankan Lions,ok,
115518,legends_asian_legends_league,9442,2025-03-13,Indian Royals v Afghanistan Pathans,ok,
115527,legends_asian_legends_league,9442,,,skip:no-scorecard,
115536,legends_asian_legends_league,9442,2025-03-14,Indian Royals v Asian Stars,ok,
115543,legends_asian_legends_league,9442,2025-03-15,Sri Lankan Lions v Afghanistan Pathans,ok,
115545,legends_asian_legends_league,9442,2025-03-16,Indian Royals v Asian Stars,ok,
115561,legends_asian_legends_league,9442,2025-03-17,Sri Lankan Lions v Indian Royals,ok,
115563,legends_asian_legends_league,9442,2025-03-18,Asian Stars v Indian Royals,ok,
114816,legends_international_masters_league_t20,9435,2025-02-22,India Masters v Sri Lanka Masters,skip:inn2 runs 224/218 balls 120/120 wkts 9/9,
114825,legends_international_masters_league_t20,9435,2025-02-24,West Indies Masters v Australia Masters,ok,
114834,legends_international_masters_league_t20,9435,2025-02-25,India Masters v England Masters,ok,
114843,legends_international_masters_league_t20,9435,2025-02-26,South Africa Masters v Sri Lanka Masters,ok,
114852,legends_international_masters_league_t20,9435,2025-02-27,West Indies Masters v England Masters,ok,
114861,legends_international_masters_league_t20,9435,2025-02-28,Sri Lanka Masters v Australia Masters,ok,
114870,legends_international_masters_league_t20,9435,2025-03-01,India Masters v South Africa Masters,ok,
114877,legends_international_masters_league_t20,9435,2025-03-03,South Africa Masters v England Masters,ok,
114886,legends_international_masters_league_t20,9435,2025-03-05,India Masters v Australia Masters,ok,
114888,legends_international_masters_league_t20,9435,2025-03-06,Sri Lanka Masters v West Indies Masters,ok,inn2 off by 1; 
114895,legends_international_masters_league_t20,9435,2025-03-07,Australia Masters v South Africa Masters,skip:inn2 runs 123/123 balls 102/102 wkts 9/10,
114904,legends_international_masters_league_t20,9435,2025-03-08,India Masters v West Indies Masters,ok,
114913,legends_international_masters_league_t20,9435,2025-03-10,Sri Lanka Masters v England Masters,ok,
114915,legends_international_masters_league_t20,9435,2025-03-11,West Indies Masters v South Africa Masters,ok,
114924,legends_international_masters_league_t20,9435,2025-03-12,England Masters v Australia Masters,ok,
114931,legends_international_masters_league_t20,9435,2025-03-13,India Masters v Australia Masters,ok,
114933,legends_international_masters_league_t20,9435,2025-03-14,Sri Lanka Masters v West Indies Masters,ok,
114940,legends_international_masters_league_t20,9435,2025-03-16,India Masters v West Indies Masters,ok,
90111,legends_legends_cricket_trophy,7651,2024-03-08,Dubai Giants v Ny Strikers,ok,inn2 off by 1; 
90118,legends_legends_cricket_trophy,7651,2024-03-09,Rajasthan Kings v Kandy Samp Army,ok,
90125,legends_legends_cricket_trophy,7651,2024-03-09,Dubai Giants v Delhi Devils,ok,inn2 off by 1; 
90132,legends_legends_cricket_trophy,7651,2024-03-10,Punjab Royals v Rajasthan Kings,ok,
90139,legends_legends_cricket_trophy,7651,2024-03-10,Colombo Lions v Dubai Giants,ok,
90146,legends_legends_cricket_trophy,7651,2024-03-11,Delhi Devils v New York Superstar Strikers,ok,
90153,legends_legends_cricket_trophy,7651,2024-03-11,Kandy Samp Army v Colombo Lions,ok,
90160,legends_legends_cricket_trophy,7651,2024-03-12,New York Superstar Strikers v Punjab Royals,ok,
90167,legends_legends_cricket_trophy,7651,2024-03-12,Rajasthan Kings v Colombo Lions,ok,
90174,legends_legends_cricket_trophy,7651,2024-03-13,Delhi Devils v Punjab Royals,ok,inn1 off by -1; 
90181,legends_legends_cricket_trophy,7651,2024-03-13,Kandy Samp Army v New York Superstar Strikers,ok,
90188,legends_legends_cricket_trophy,7651,2024-03-14,Dubai Giants v Punjab Royals,ok,
90195,legends_legends_cricket_trophy,7651,2024-03-14,Delhi Devils v Rajasthan Kings,ok,
90202,legends_legends_cricket_trophy,7651,2024-03-15,Punjab Royals v Colombo Lions,ok,
90209,legends_legends_cricket_trophy,7651,2024-03-15,Kandy Samp Army v Dubai Giants,ok,inn1 off by 2; 
90216,legends_legends_cricket_trophy,7651,2024-03-16,Rajasthan Kings v New York Superstar Strikers,ok,
90223,legends_legends_cricket_trophy,7651,2024-03-16,Punjab Royals v Kandy Samp Army,ok,
90230,legends_legends_cricket_trophy,7651,2024-03-17,Colombo Lions v Delhi Devils,ok,
90237,legends_legends_cricket_trophy,7651,2024-03-17,Dubai Giants v Rajasthan Kings,ok,
90244,legends_legends_cricket_trophy,7651,2024-03-18,Kandy Samp Army v Delhi Devils,ok,
90251,legends_legends_cricket_trophy,7651,2024-03-18,New York Superstar Strikers v Colombo Lions,skip:inn2 runs 71/71 balls 70/70 wkts 9/10,
90258,legends_legends_cricket_trophy,7651,2024-03-19,New York Superstar Strikers v Rajasthan Kings,ok,
107060,legends_llc,8913,2024-09-20,Konark Suryas Odisha v Manipal Tigers,ok,inn2 off by -2; 
107068,legends_llc,8913,2024-09-21,India Capitals v Toyam Hyderabad,ok,
107073,legends_llc,8913,2024-09-22,Toyam Hyderabad v Gujarat Greats,ok,
107081,legends_llc,8913,2024-09-23,Southern Super Stars v Gujarat Greats,ok,
107084,legends_llc,8913,2024-09-25,India Capitals v Southern Super Stars,ok,
107089,legends_llc,8913,2024-09-26,Southern Super Stars v Gujarat Greats,ok,
107092,legends_llc,8913,,,skip:no-scorecard,
107100,legends_llc,8913,,,skip:no-scorecard,
107108,legends_llc,8913,,,skip:no-scorecard,
107116,legends_llc,8913,,,skip:no-scorecard,
107121,legends_llc,8913,2024-10-01,Manipal Tigers v Southern Super Stars,ok,
107129,legends_llc,8913,2024-10-02,Konark Suryas Odisha v Southern Super Stars,ok,
107137,legends_llc,8913,2024-10-03,Manipal Tigers v Toyam Hyderabad,ok,
107140,legends_llc,8913,2024-10-04,India Capitals v Konark Suryas Odisha,ok,
107148,legends_llc,8913,2024-10-05,Manipal Tigers v Gujarat Greats,ok,
107156,legends_llc,8913,2024-10-05,Toyam Hyderabad v Southern Super Stars,ok,
107161,legends_llc,8913,2024-10-06,Konark Suryas Odisha v Toyam Hyderabad,ok,
107164,legends_llc,8913,2024-10-07,India Capitals v Gujarat Greats,ok,
107169,legends_llc,8913,2024-10-09,Toyam Hyderabad v Southern Super Stars,ok,
107177,legends_llc,8913,2024-10-10,India Capitals v Manipal Tigers,ok,
107180,legends_llc,8913,2024-10-11,Konark Suryas Odisha v Gujarat Greats,ok,
107188,legends_llc,8913,2024-10-12,Southern Super Stars v Konark Suryas Odisha,ok,inn1 off by 2; 
107196,legends_llc,8913,2024-10-13,India Capitals v Toyam Hyderabad,ok,
107204,legends_llc,8913,2024-10-14,Konark Suryas Odisha v Toyam Hyderabad,ok,
107212,legends_llc,8913,2024-10-16,Southern Super Stars v Konark Suryas Odisha,ok,
148514,legends_llc,11671,2026-03-11,Mumbai Spartans v India Captains,ok,
148525,legends_llc,11671,2026-03-12,Royal Riders Punjab v India Tigers,ok,
148536,legends_llc,11671,2026-03-13,Konark Suryas Odisha v India Captains,ok,
148547,legends_llc,11671,2026-03-14,Mumbai Spartans v India Tigers,ok,
148558,legends_llc,11671,2026-03-15,Konark Suryas Odisha v Royal Riders Punjab,ok,
148569,legends_llc,11671,2026-03-16,India Captains v Southern Super Stars,ok,
148591,legends_llc,11671,2026-03-17,Royal Riders Punjab v Southern Super Stars,ok,
148602,legends_llc,11671,2026-03-18,India Captains v India Tigers,ok,inn2 off by 1; 
148613,legends_llc,11671,2026-03-19,Mumbai Spartans v Royal Riders Punjab,ok,
148624,legends_llc,11671,,,skip:no-scorecard,
148635,legends_llc,11671,,,skip:no-scorecard,
148646,legends_llc,11671,,,skip:no-scorecard,
148657,legends_llc,11671,2026-03-23,India Captains v Royal Riders Punjab,skip:inn2 runs 0/133 balls 0/84 wkts 0/5,
148666,legends_llc,11671,2026-03-24,Mumbai Spartans v Konark Suryas Odisha,skip:inn2 runs 146/146 balls 115/115 wkts 6/7,
148677,legends_llc,11671,,,skip:no-scorecard,
148705,legends_llc,11671,,,skip:no-scorecard,
148716,legends_llc,11671,,,skip:no-scorecard,
151195,legends_llc,11671,,,skip:no-scorecard,
151448,legends_llc,11671,,,skip:no-scorecard,
151459,legends_llc,11671,2026-03-27,Konark Suryas Odisha v Royal Riders Punjab,skip:inn2 runs 9/147 balls 8/120 wkts 1/8,
151526,legends_llc,11671,,,skip:no-scorecard,
152274,legends_llc,11671,2026-03-27,India Tigers v Konark Suryas Odisha,ok,
152285,legends_llc,11671,,,skip:no-scorecard,
42951,legends_llc,3956,2022-01-20,India Maharajas v Asia Lions,ok,
42956,legends_llc,3956,2022-01-21,World Giants v Asia Lions,ok,
42961,legends_llc,3956,2022-01-22,World Giants v India Maharajas,ok,
42966,legends_llc,3956,2022-01-24,Asia Lions v India Maharajas,ok,
42971,legends_llc,3956,2022-01-27,India Maharajas v World Giants,ok,
42976,legends_llc,3956,2022-01-26,Asia Lions v World Giants,ok,
42981,legends_llc,3956,2022-01-29,World Giants v Asia Lions,ok,
52405,legends_llc,4574,2022-09-16,India Maharajas v World Giants,ok,unparsed: no run (penalty 5 runs); inn2 off by 1; 
52412,legends_llc,4574,2022-09-17,India Capitals v Gujarat Giants,ok,
52419,legends_llc,4574,2022-09-18,Manipal Tigers v Bhilwara Kings,ok,
52421,legends_llc,4574,2022-09-19,Gujarat Giants v Manipal Tigers,ok,inn1 off by -1; 
52426,legends_llc,4574,2022-09-21,India Capitals v Bhilwara Kings,ok,
52428,legends_llc,4574,,,skip:no-scorecard,
52433,legends_llc,4574,,,skip:no-scorecard,
52440,legends_llc,4574,2022-09-25,India Capitals v Gujarat Giants,ok,
52447,legends_llc,4574,2022-09-26,Manipal Tigers v Bhilwara Kings,ok,
52454,legends_llc,4574,2022-09-27,Gujarat Giants v Bhilwara Kings,ok,
52461,legends_llc,4574,2022-09-29,India Capitals v Manipal Tigers,ok,
52468,legends_llc,4574,2022-09-30,Gujarat Giants v Bhilwara Kings,ok,
52475,legends_llc,4574,2022-10-01,India Capitals v Manipal Tigers,ok,
52477,legends_llc,4574,2022-10-02,India Capitals v Bhilwara Kings,ok,
52482,legends_llc,4574,2022-10-03,Gujarat Giants v Bhilwara Kings,ok,inn1 off by 1; 
52484,legends_llc,4574,2022-10-05,India Capitals v Bhilwara Kings,ok,
66838,legends_llc,5969,2023-03-10,India Maharajas v Asia Lions,ok,
66841,legends_llc,5969,2023-03-11,World Giants v India Maharajas,ok,
66845,legends_llc,5969,2023-03-13,Asia Lions v World Giants,ok,
66848,legends_llc,5969,2023-03-14,Asia Lions v India Maharajas,ok,
66855,legends_llc,5969,2023-03-15,India Maharajas v World Giants,ok,
66859,legends_llc,5969,2023-03-16,World Giants v Asia Lions,ok,
66866,legends_llc,5969,2023-03-18,Asia Lions v India Maharajas,ok,inn1 off by 1; unparsed: to short third man; unparsed: to third man; 
66869,legends_llc,5969,2023-03-20,World Giants v Asia Lions,ok,
82588,legends_llc,7243,2023-11-18,India Capitals v Bhilwara Kings,ok,
82591,legends_llc,7243,2023-11-20,Manipal Tigers v Gujarat Giants,ok,
82598,legends_llc,7243,2023-11-21,Southern Super Stars v Urbanrisers Hyderabad,ok,
82602,legends_llc,7243,2023-11-22,Bhilwara Kings v Gujarat Giants,ok,inn1 off by -1; 
82609,legends_llc,7243,2023-11-23,India Capitals v Urbanrisers Hyderabad,ok,
82612,legends_llc,7243,2023-11-24,Manipal Tigers v Bhilwara Kings,ok,
82616,legends_llc,7243,2023-11-25,India Capitals v Southern Super Stars,ok,
82623,legends_llc,7243,2023-11-26,Gujarat Giants v Urbanrisers Hyderabad,ok,
82626,legends_llc,7243,2023-11-27,Manipal Tigers v Southern Super Stars,ok,
82630,legends_llc,7243,2023-11-29,Bhilwara Kings v Southern Super Stars,ok,
82637,legends_llc,7243,,,skip:no-scorecard,
82644,legends_llc,7243,2023-12-01,Urbanrisers Hyderabad v Bhilwara Kings,ok,
82651,legends_llc,7243,2023-12-02,India Capitals v Manipal Tigers,ok,
82654,legends_llc,7243,2023-12-03,Southern Super Stars v Gujarat Giants,ok,
82661,legends_llc,7243,,,skip:no-scorecard,
82668,legends_llc,7243,2023-12-05,Manipal Tigers v Urbanrisers Hyderabad,skip:inn1 runs 247/253 balls 118/120 wkts 6/6,
82672,legends_llc,7243,2023-12-06,Gujarat Giants v India Capitals,ok,
82675,legends_llc,7243,2023-12-07,Manipal Tigers v India Capitals,ok,
82682,legends_llc,7243,2023-12-09,Urbanrisers Hyderabad v Manipal Tigers,ok,
28359,legends_road_safety,3177,2020-03-07,India Legends v West Indies Legends,skip:inn1 runs 150/150 balls 119/120 wkts 7/8,"unparsed: legbyes, 1 run, Sehwag is rubbing his th; "
28368,legends_road_safety,3177,2020-03-08,Australia Legends v Sri Lanka Legends,ok,
28377,legends_road_safety,3177,2020-03-10,India Legends v Sri Lanka Legends,ok,inn2 off by -3; 
28386,legends_road_safety,3177,2020-03-11,West Indies Legends v South Africa Legends,ok,
35488,legends_road_safety,3177,2021-03-05,India Legends v Bangladesh Legends,ok,
35497,legends_road_safety,3177,2021-03-07,England Legends v Bangladesh Legends,ok,
35502,legends_road_safety,3177,2021-03-08,South Africa Legends v Sri Lanka Legends,ok,
35507,legends_road_safety,3177,2021-03-09,India Legends v England Legends,ok,unparsed: SIX? Six! Charges down the wicket to the; 
35512,legends_road_safety,3177,2021-03-10,Bangladesh Legends v Sri Lanka Legends,ok,
35517,legends_road_safety,3177,2021-03-11,England Legends v South Africa Legends,ok,
35522,legends_road_safety,3177,2021-03-12,Bangladesh Legends v West Indies Legends,ok,
35523,legends_road_safety,3177,2021-03-13,India Legends v South Africa Legends,ok,
35527,legends_road_safety,3177,2021-03-14,Sri Lanka Legends v England Legends,ok,
35528,legends_road_safety,3177,2021-03-15,South Africa Legends v Bangladesh Legends,ok,
35532,legends_road_safety,3177,2021-03-16,England Legends v West Indies Legends,ok,
35533,legends_road_safety,3177,2021-03-17,India Legends v West Indies Legends,ok,"unparsed: 1 leg bye, this is excellent stuff from ; "
35538,legends_road_safety,3177,2021-03-19,Sri Lanka Legends v South Africa Legends,ok,
35543,legends_road_safety,3177,2021-03-21,India Legends v Sri Lanka Legends,ok,
52566,legends_road_safety,4667,2022-09-10,India Legends v South Africa Legends,ok,
52568,legends_road_safety,4667,2022-09-11,Bangladesh Legends v West Indies Legends,ok,
52573,legends_road_safety,4667,2022-09-11,Australia Legends v Sri Lanka Legends,ok,
52575,legends_road_safety,4667,2022-09-12,New Zealand Legends v South Africa Legends,ok,
52580,legends_road_safety,4667,2022-09-13,England Legends v Sri Lanka Legends,ok,
52587,legends_road_safety,4667,,,skip:no-scorecard,
52589,legends_road_safety,4667,,,skip:no-scorecard,
52596,legends_road_safety,4667,2022-09-17,Bangladesh Legends v New Zealand Legends,ok,
52603,legends_road_safety,4667,2022-09-17,England Legends v West Indies Legends,ok,
52610,legends_road_safety,4667,2022-09-18,Sri Lanka Legends v South Africa Legends,ok,
52617,legends_road_safety,4667,2022-09-18,Australia Legends v Bangladesh Legends,ok,
52622,legends_road_safety,4667,2022-09-19,India Legends v New Zealand Legends,ok,
52624,legends_road_safety,4667,,,skip:no-scorecard,
52631,legends_road_safety,4667,2022-09-22,India Legends v England Legends,ok,
52638,legends_road_safety,4667,,,skip:no-scorecard,
52645,legends_road_safety,4667,,,skip:no-scorecard,
52650,legends_road_safety,4667,2022-09-25,Australia Legends v West Indies Legends,ok,inn2 off by -1; 
52652,legends_road_safety,4667,2022-09-25,India Legends v Bangladesh Legends,ok,
52657,legends_road_safety,4667,2022-09-27,Sri Lanka Legends v Bangladesh Legends,ok,
52659,legends_road_safety,4667,2022-09-27,England Legends v Australia Legends,ok,
52666,legends_road_safety,4667,2022-09-28,India Legends v Australia Legends,ok,
52673,legends_road_safety,4667,2022-09-30,Sri Lanka Legends v West Indies Legends,ok,"unparsed: bye, 1 run; "
52680,legends_road_safety,4667,2022-10-01,India Legends v Sri Lanka Legends,ok,
53945,legends_road_safety,4667,,,skip:no-scorecard,
100742,legends_wcl,8481,2024-07-03,England Champions v India Champions,ok,
100749,legends_wcl,8481,2024-07-03,Australia Champions v Pakistan Champions,ok,
100758,legends_wcl,8481,2024-07-04,South Africa Champions v England Champions,ok,inn2 off by -2; 
100767,legends_wcl,8481,2024-07-04,Pakistan Champions v West Indies Champions,skip:inn2 runs 169/165 balls 120/120 wkts 9/9,inn1 off by 2; 
100771,legends_wcl,8481,2024-07-05,Australia Champions v South Africa Champions,ok,
100776,legends_wcl,8481,2024-07-05,India Champions v West Indies Champions,ok,
100780,legends_wcl,8481,2024-07-06,England Champions v Australia Champions,ok,
100789,legends_wcl,8481,2024-07-06,India Champions v Pakistan Champions,ok,
100794,legends_wcl,8481,2024-07-07,South Africa Champions v West Indies Champions,ok,
100803,legends_wcl,8481,2024-07-07,England Champions v Pakistan Champions,ok,
100812,legends_wcl,8481,2024-07-08,India Champions v Australia Champions,ok,
100816,legends_wcl,8481,2024-07-09,West Indies Champions v England Champions,ok,
100825,legends_wcl,8481,2024-07-09,South Africa Champions v Pakistan Champions,ok,
100830,legends_wcl,8481,2024-07-10,West Indies Champions v Australia Champions,ok,
100839,legends_wcl,8481,2024-07-10,India Champions v South Africa Champions,ok,
100843,legends_wcl,8481,2024-07-12,Pakistan Champions v West Indies Champions,ok,
100852,legends_wcl,8481,2024-07-12,Australia Champions v India Champions,ok,
100861,legends_wcl,8481,2024-07-13,Pakistan Champions v India Champions,ok,
125091,legends_wcl,10361,2025-07-18,England Champions v Pakistan Champions,ok,
125102,legends_wcl,10361,2025-07-19,West Indies Champions v South Africa Champions,ok,
125113,legends_wcl,10361,2025-07-19,England Champions v Australia Champions,ok,
125124,legends_wcl,10361,,,skip:no-scorecard,
125135,legends_wcl,10361,2025-07-22,England Champions v West Indies Champions,ok,
125146,legends_wcl,10361,2025-07-22,India Champions v South Africa Champions,ok,
125168,legends_wcl,10361,2025-07-24,England Champions v South Africa Champions,ok,
125173,legends_wcl,10361,2025-07-25,South Africa Champions v Pakistan Champions,ok,
125179,legends_wcl,10361,2025-07-26,India Champions v Australia Champions,ok,
125184,legends_wcl,10361,2025-07-26,Pakistan Champions v West Indies Champions,ok,
125195,legends_wcl,10361,2025-07-27,South Africa Champions v Australia Champions,ok,
125201,legends_wcl,10361,2025-07-27,India Champions v England Champions,ok,
125206,legends_wcl,10361,2025-07-29,Australia Champions v Pakistan Champions,ok,
125217,legends_wcl,10361,2025-07-29,India Champions v West Indies Champions,ok,
125228,legends_wcl,10361,,,skip:no-scorecard,
125239,legends_wcl,10361,2025-07-31,South Africa Champions v Australia Champions,ok,
125250,legends_wcl,10361,2025-08-02,Pakistan Champions v South Africa Champions,ok,
144433,legends_world_legends_pro_t20_league,11471,2026-01-26,Delhi Warriors v Dubai Royals,ok,
144444,legends_world_legends_pro_t20_league,11471,2026-01-27,Pune Panthers v Gurugram Thunders,ok,unresolved name; 
144455,legends_world_legends_pro_t20_league,11471,2026-01-27,Rajasthan Lions v Maharashtra Tycoons,ok,
144466,legends_world_legends_pro_t20_league,11471,2026-01-28,Dubai Royals v Gurugram Thunders,ok,
144477,legends_world_legends_pro_t20_league,11471,2026-01-28,Delhi Warriors v Pune Panthers,ok,
144488,legends_world_legends_pro_t20_league,11471,2026-01-29,Rajasthan Lions v Dubai Royals,ok,
144499,legends_world_legends_pro_t20_league,11471,2026-01-29,Gurugram Thunders v Maharashtra Tycoons,ok,
144505,legends_world_legends_pro_t20_league,11471,2026-01-30,Maharashtra Tycoons v Delhi Warriors,ok,"unparsed: Leg byes, 1 run; "
144516,legends_world_legends_pro_t20_league,11471,2026-01-30,Pune Panthers v Rajasthan Lions,ok,
144527,legends_world_legends_pro_t20_league,11471,2026-01-31,Gurugram Thunders v Rajasthan Lions,ok,
144538,legends_world_legends_pro_t20_league,11471,2026-01-31,Dubai Royals v Pune Panthers,ok,
144549,legends_world_legends_pro_t20_league,11471,2026-02-01,Pune Panthers v Maharashtra Tycoons,ok,
144560,legends_world_legends_pro_t20_league,11471,2026-02-01,Delhi Warriors v Gurugram Thunders,ok,"unparsed: 2 rusn, to mid-wicket; "
144571,legends_world_legends_pro_t20_league,11471,2026-02-02,Rajasthan Lions v Delhi Warriors,ok,
144582,legends_world_legends_pro_t20_league,11471,2026-02-02,Maharashtra Tycoons v Dubai Royals,ok,
144587,legends_world_legends_pro_t20_league,11471,2026-02-03,Rajasthan Lions v Pune Panthers,ok,
144598,legends_world_legends_pro_t20_league,11471,2026-02-03,Delhi Warriors v Dubai Royals,ok,
144609,legends_world_legends_pro_t20_league,11471,2026-02-04,Pune Panthers v Dubai Royals,ok,
11403,slpl,2138,2012-08-11,Basnahira Cricket Dundee v Kandurata Warriors,skip:inn1 no commentary | inn2 no commentary,
11404,slpl,2138,2012-08-11,Nagenahira Nagas v Ruhuna Royals,skip:inn1 no commentary | inn2 no commentary,
11405,slpl,2138,2012-08-12,Uthura Rudras v Wayamba United,skip:inn1 no commentary | inn2 no commentary,
11406,slpl,2138,2012-08-12,Uva Next v Basnahira Cricket Dundee,skip:inn1 no commentary | inn2 no commentary,
11407,slpl,2138,2012-08-13,Kandurata Warriors v Nagenahira Nagas,skip:inn1 no commentary | inn2 no commentary,
11408,slpl,2138,2012-08-14,Ruhuna Royals v Uthura Rudras,skip:inn1 no commentary | inn2 no commentary,
11409,slpl,2138,2012-08-17,Wayamba United v Uva Next,skip:inn1 no commentary | inn2 no commentary,
11410,slpl,2138,2012-08-17,Basnahira Cricket Dundee v Nagenahira Nagas,skip:inn1 no commentary | inn2 no commentary,
11411,slpl,2138,2012-08-20,Kandurata Warriors v Ruhuna Royals,skip:inn1 no commentary | inn2 no commentary,
11412,slpl,2138,2012-08-19,Uthura Rudras v Uva Next,skip:inn1 no commentary | inn2 no commentary,
11413,slpl,2138,2012-08-19,Wayamba United v Basnahira Cricket Dundee,skip:inn1 no commentary | inn2 no commentary,
11414,slpl,2138,2012-08-18,Kandurata Warriors v Uthura Rudras,skip:inn1 no commentary | inn2 no commentary,
11415,slpl,2138,2012-08-20,Nagenahira Nagas v Wayamba United,skip:inn1 no commentary | inn2 no commentary,
11416,slpl,2138,2012-08-21,Ruhuna Royals v Uva Next,skip:inn1 no commentary | inn2 no commentary,
11417,slpl,2138,2012-08-21,Uthura Rudras v Basnahira Cricket Dundee,skip:inn1 no commentary | inn2 no commentary,
11418,slpl,2138,2012-08-24,Wayamba United v Kandurata Warriors,skip:inn1 no commentary | inn2 no commentary,
11419,slpl,2138,2012-08-27,Uva Next v Nagenahira Nagas,skip:inn1 no commentary | inn2 no commentary,
11420,slpl,2138,2012-08-25,Basnahira Cricket Dundee v Ruhuna Royals,skip:inn1 no commentary | inn2 no commentary,
11421,slpl,2138,,,skip:no-scorecard,
11422,slpl,2138,2012-08-26,Nagenahira Nagas v Uthura Rudras,skip:inn1 no commentary | inn2 no commentary,
11423,slpl,2138,2012-08-26,Ruhuna Royals v Wayamba United,skip:inn1 no commentary | inn2 no commentary,
11425,slpl,2138,2012-08-28,Wayamba United v Uva Next,skip:inn1 no commentary | inn2 no commentary,
11426,slpl,2138,,,skip:no-scorecard,
11427,slpl,2138,2012-08-31,Uva Next v Nagenahira Nagas,skip:inn1 no commentary | inn2 no commentary,
103620,maharaja_trophy,8652,2024-08-15,Bengaluru Blasters v Gulbarga Mystics,ok,
103627,maharaja_trophy,8652,2024-08-15,Shivamogga Lions v Mysore Warriors,ok,
103629,maharaja_trophy,8652,2024-08-16,Mangalore Dragons v Hubli Tigers,ok,
103638,maharaja_trophy,8652,2024-08-16,Bengaluru Blasters v Mysore Warriors,ok,
103647,maharaja_trophy,8652,2024-08-17,Shivamogga Lions v Mangalore Dragons,ok,
103654,maharaja_trophy,8652,2024-08-17,Gulbarga Mystics v Hubli Tigers,ok,
103656,maharaja_trophy,8652,2024-08-18,Gulbarga Mystics v Mysore Warriors,ok,
103663,maharaja_trophy,8652,2024-08-18,Bengaluru Blasters v Shivamogga Lions,ok,
103665,maharaja_trophy,8652,2024-08-19,Bengaluru Blasters v Hubli Tigers,ok,
103672,maharaja_trophy,8652,2024-08-19,Mysore Warriors v Mangalore Dragons,ok,
103674,maharaja_trophy,8652,2024-08-20,Shivamogga Lions v Hubli Tigers,ok,
103683,maharaja_trophy,8652,2024-08-20,Gulbarga Mystics v Mangalore Dragons,ok,
103690,maharaja_trophy,8652,2024-08-21,Gulbarga Mystics v Shivamogga Lions,ok,
103699,maharaja_trophy,8652,2024-08-21,Mysore Warriors v Hubli Tigers,ok,
103701,maharaja_trophy,8652,2024-08-22,Mysore Warriors v Shivamogga Lions,ok,
103710,maharaja_trophy,8652,2024-08-22,Bengaluru Blasters v Mangalore Dragons,ok,
103719,maharaja_trophy,8652,2024-08-23,Bengaluru Blasters v Hubli Tigers,ok,inn1 off by 1; 
103726,maharaja_trophy,8652,2024-08-23,Mangalore Dragons v Gulbarga Mystics,ok,
103735,maharaja_trophy,8652,2024-08-24,Gulbarga Mystics v Mysore Warriors,ok,
103744,maharaja_trophy,8652,2024-08-24,Shivamogga Lions v Hubli Tigers,ok,
103753,maharaja_trophy,8652,2024-08-25,Bengaluru Blasters v Mysore Warriors,ok,
103755,maharaja_trophy,8652,2024-08-25,Mangalore Dragons v Shivamogga Lions,ok,
103762,maharaja_trophy,8652,2024-08-26,Mangalore Dragons v Hubli Tigers,ok,
103771,maharaja_trophy,8652,2024-08-26,Bengaluru Blasters v Gulbarga Mystics,ok,
103773,maharaja_trophy,8652,2024-08-27,Gulbarga Mystics v Shivamogga Lions,ok,
103782,maharaja_trophy,8652,2024-08-27,Hubli Tigers v Mysore Warriors,ok,
103789,maharaja_trophy,8652,2024-08-28,Mangalore Dragons v Mysore Warriors,ok,
103798,maharaja_trophy,8652,2024-08-28,Bengaluru Blasters v Shivamogga Lions,ok,
103800,maharaja_trophy,8652,,,skip:no-scorecard,
103809,maharaja_trophy,8652,2024-08-29,Gulbarga Mystics v Hubli Tigers,ok,
103818,maharaja_trophy,8652,2024-08-30,Bengaluru Blasters v Gulbarga Mystics,ok,
103827,maharaja_trophy,8652,2024-08-31,Mysore Warriors v Hubli Tigers,ok,
103836,maharaja_trophy,8652,2024-09-01,Bengaluru Blasters v Mysore Warriors,ok,
129078,maharaja_trophy,10515,2025-08-11,Gulbarga Mystics v Mangalore Dragons,ok,
129089,maharaja_trophy,10515,2025-08-11,Bengaluru Blasters v Mysore Warriors,ok,
129100,maharaja_trophy,10515,2025-08-12,Hubli Tigers v Shivamogga Lions,ok,
129106,maharaja_trophy,10515,2025-08-12,Mysore Warriors v Gulbarga Mystics,ok,
129111,maharaja_trophy,10515,2025-08-13,Bengaluru Blasters v Hubli Tigers,ok,
129122,maharaja_trophy,10515,2025-08-13,Mangalore Dragons v Shivamogga Lions,ok,
129133,maharaja_trophy,10515,,,skip:no-scorecard,
129139,maharaja_trophy,10515,2025-08-14,Gulbarga Mystics v Bengaluru Blasters,ok,
129150,maharaja_trophy,10515,2025-08-15,Shivamogga Lions v Bengaluru Blasters,ok,
129161,maharaja_trophy,10515,2025-08-15,Hubli Tigers v Mangalore Dragons,ok,
129166,maharaja_trophy,10515,2025-08-16,Shivamogga Lions v Gulbarga Mystics,ok,
129172,maharaja_trophy,10515,2025-08-16,Mysore Warriors v Hubli Tigers,ok,
129177,maharaja_trophy,10515,2025-08-17,Mangalore Dragons v Bengaluru Blasters,ok,
129183,maharaja_trophy,10515,2025-08-17,Mysore Warriors v Shivamogga Lions,ok,
129188,maharaja_trophy,10515,2025-08-18,Mysore Warriors v Bengaluru Blasters,ok,
129199,maharaja_trophy,10515,2025-08-18,Gulbarga Mystics v Hubli Tigers,ok,
129210,maharaja_trophy,10515,2025-08-19,Gulbarga Mystics v Shivamogga Lions,ok,
129221,maharaja_trophy,10515,2025-08-19,Mangalore Dragons v Hubli Tigers,ok,
129227,maharaja_trophy,10515,2025-08-20,Gulbarga Mystics v Mysore Warriors,ok,
129238,maharaja_trophy,10515,2025-08-20,Hubli Tigers v Bengaluru Blasters,ok,
129249,maharaja_trophy,10515,2025-08-21,Mangalore Dragons v Mysore Warriors,ok,
129254,maharaja_trophy,10515,2025-08-21,Bengaluru Blasters v Shivamogga Lions,ok,
129260,maharaja_trophy,10515,2025-08-22,Hubli Tigers v Gulbarga Mystics,ok,
129265,maharaja_trophy,10515,2025-08-22,Shivamogga Lions v Mangalore Dragons,ok,
129276,maharaja_trophy,10515,2025-08-23,Hubli Tigers v Mysore Warriors,ok,
129287,maharaja_trophy,10515,2025-08-23,Bengaluru Blasters v Gulbarga Mystics,ok,
129298,maharaja_trophy,10515,2025-08-24,Bengaluru Blasters v Mangalore Dragons,ok,
129304,maharaja_trophy,10515,2025-08-24,Shivamogga Lions v Mysore Warriors,ok,
129309,maharaja_trophy,10515,2025-08-25,Shivamogga Lions v Hubli Tigers,ok,
129320,maharaja_trophy,10515,2025-08-25,Mangalore Dragons v Gulbarga Mystics,ok,
129326,maharaja_trophy,10515,2025-08-26,Mangalore Dragons v Hubli Tigers,ok,
129337,maharaja_trophy,10515,2025-08-26,Gulbarga Mystics v Bengaluru Blasters,ok,
129342,maharaja_trophy,10515,2025-08-27,Mangalore Dragons v Bengaluru Blasters,ok,
129353,maharaja_trophy,10515,2025-08-28,Hubli Tigers v Mangalore Dragons,ok,
160834,maharaja_trophy,12541,2026-06-20,Kalyani Bengaluru Blasters v Gulbarga Mystics,ok,
160845,maharaja_trophy,12541,2026-06-20,Shivamogga Yodhas v Mysore Warriors,ok,
160856,maharaja_trophy,12541,,,skip:no-scorecard,
160867,maharaja_trophy,12541,2026-06-21,Kalyani Bengaluru Blasters v Shivamogga Yodhas,ok,
160878,maharaja_trophy,12541,2026-06-22,Mysore Warriors v Hubli Tigers,ok,
160889,maharaja_trophy,12541,2026-06-22,Gulbarga Mystics v Coastal Kings Mangaluru,ok,
160900,maharaja_trophy,12541,2026-06-23,Gulbarga Mystics v Shivamogga Yodhas,ok,
160909,maharaja_trophy,12541,2026-06-23,Mysore Warriors v Kalyani Bengaluru Blasters,ok,
160920,maharaja_trophy,12541,2026-06-24,Coastal Kings Mangaluru v Kalyani Bengaluru Blasters,ok,
160931,maharaja_trophy,12541,2026-06-24,Hubli Tigers v Shivamogga Yodhas,ok,inn2 off by -2; 
160942,maharaja_trophy,12541,2026-06-25,Coastal Kings Mangaluru v Mysore Warriors,ok,
160953,maharaja_trophy,12541,2026-06-25,Hubli Tigers v Gulbarga Mystics,ok,inn1 off by 2; 
160963,maharaja_trophy,12541,2026-06-27,Shivamogga Yodhas v Kalyani Bengaluru Blasters,ok,
160974,maharaja_trophy,12541,2026-06-27,Mysore Warriors v Gulbarga Mystics,ok,
160985,maharaja_trophy,12541,2026-06-28,Shivamogga Yodhas v Coastal Kings Mangaluru,ok,
160996,maharaja_trophy,12541,2026-06-29,Gulbarga Mystics v Hubli Tigers,ok,
161007,maharaja_trophy,12541,2026-06-29,Kalyani Bengaluru Blasters v Coastal Kings Mangaluru,ok,
161018,maharaja_trophy,12541,2026-06-30,Shivamogga Yodhas v Gulbarga Mystics,ok,
161029,maharaja_trophy,12541,2026-06-30,Mysore Warriors v Coastal Kings Mangaluru,ok,
161040,maharaja_trophy,12541,2026-07-01,Kalyani Bengaluru Blasters v Hubli Tigers,ok,
161051,maharaja_trophy,12541,2026-07-02,Hubli Tigers v Mysore Warriors,ok,
161062,maharaja_trophy,12541,2026-07-02,Coastal Kings Mangaluru v Shivamogga Yodhas,ok,
161073,maharaja_trophy,12541,2026-07-03,Gulbarga Mystics v Mysore Warriors,ok,
161084,maharaja_trophy,12541,2026-07-03,Hubli Tigers v Kalyani Bengaluru Blasters,ok,
161095,maharaja_trophy,12541,2026-07-05,Kalyani Bengaluru Blasters v Mysore Warriors,ok,
161106,maharaja_trophy,12541,2026-07-05,Shivamogga Yodhas v Hubli Tigers,ok,
161117,maharaja_trophy,12541,2026-07-06,Hubli Tigers v Coastal Kings Mangaluru,ok,
161128,maharaja_trophy,12541,2026-07-06,Gulbarga Mystics v Kalyani Bengaluru Blasters,ok,
161139,maharaja_trophy,12541,2026-07-08,Mysore Warriors v Shivamogga Yodhas,ok,
161150,maharaja_trophy,12541,2026-07-08,Coastal Kings Mangaluru v Gulbarga Mystics,ok,
161161,maharaja_trophy,12541,2026-07-10,Shivamogga Yodhas v Mysore Warriors,ok,
161172,maharaja_trophy,12541,2026-07-10,Kalyani Bengaluru Blasters v Coastal Kings Mangaluru,ok,inn1 off by -1; 
161183,maharaja_trophy,12541,2026-07-11,Shivamogga Yodhas v Coastal Kings Mangaluru,ok,
161186,maharaja_trophy,12541,2026-07-12,Kalyani Bengaluru Blasters v Shivamogga Yodhas,ok,
50984,maharaja_trophy,4485,2022-08-07,Hubli Tigers v Mangalore United,ok,
50991,maharaja_trophy,4485,2022-08-07,Mysore Warriors v Shivamogga Strikers,ok,
50993,maharaja_trophy,4485,2022-08-08,Bengaluru Blasters v Gulbarga Mystics,ok,
50998,maharaja_trophy,4485,2022-08-08,Mysore Warriors v Mangalore United,ok,
51000,maharaja_trophy,4485,2022-08-09,Gulbarga Mystics v Shivamogga Strikers,ok,
51007,maharaja_trophy,4485,2022-08-09,Bengaluru Blasters v Hubli Tigers,ok,
51014,maharaja_trophy,4485,2022-08-10,Mysore Warriors v Hubli Tigers,ok,
51021,maharaja_trophy,4485,2022-08-10,Mangalore United v Shivamogga Strikers,skip:inn2 runs 162/158 balls 108/108 wkts 2/2,
51028,maharaja_trophy,4485,2022-08-11,Bengaluru Blasters v Mangalore United,ok,
51033,maharaja_trophy,4485,2022-08-11,Mysore Warriors v Gulbarga Mystics,ok,
51040,maharaja_trophy,4485,2022-08-12,Hubli Tigers v Gulbarga Mystics,ok,
51047,maharaja_trophy,4485,2022-08-12,Bengaluru Blasters v Shivamogga Strikers,ok,
51049,maharaja_trophy,4485,2022-08-13,Hubli Tigers v Shivamogga Strikers,ok,
51056,maharaja_trophy,4485,2022-08-13,Mysore Warriors v Bengaluru Blasters,ok,unparsed: 1 run .. and he goes back to being roote; 
51061,maharaja_trophy,4485,2022-08-14,Mysore Warriors v Shivamogga Strikers,ok,"unparsed: 1 run. short of length delivery, Siddhar; "
51068,maharaja_trophy,4485,2022-08-14,Gulbarga Mystics v Mangalore United,ok,
51075,maharaja_trophy,4485,2022-08-15,Mangalore United v Bengaluru Blasters,ok,
51082,maharaja_trophy,4485,2022-08-15,Gulbarga Mystics v Hubli Tigers,ok,
51089,maharaja_trophy,4485,2022-08-17,Mysore Warriors v Mangalore United,ok,"unparsed: FOUR .. and Mysore edge past, literally.; "
51091,maharaja_trophy,4485,2022-08-17,Bengaluru Blasters v Shivamogga Strikers,ok,
51096,maharaja_trophy,4485,2022-08-18,Bengaluru Blasters v Gulbarga Mystics,ok,"unparsed: FOUR .. and the scores are level, with a; "
51098,maharaja_trophy,4485,2022-08-18,Hubli Tigers v Mysore Warriors,ok,
51103,maharaja_trophy,4485,2022-08-19,Hubli Tigers v Shivamogga Strikers,ok,
51110,maharaja_trophy,4485,2022-08-19,Mangalore United v Gulbarga Mystics,ok,
51117,maharaja_trophy,4485,2022-08-20,Mangalore United v Shivamogga Strikers,ok,
51124,maharaja_trophy,4485,2022-08-20,Mysore Warriors v Bengaluru Blasters,ok,
51126,maharaja_trophy,4485,2022-08-21,Mysore Warriors v Gulbarga Mystics,ok,"unparsed: legbyes, FOUR, full and fired in towards; "
51131,maharaja_trophy,4485,2022-08-21,Hubli Tigers v Bengaluru Blasters,ok,
51138,maharaja_trophy,4485,2022-08-22,Shivamogga Strikers v Gulbarga Mystics,ok,
51145,maharaja_trophy,4485,2022-08-22,Hubli Tigers v Mangalore United,ok,
51147,maharaja_trophy,4485,2022-08-23,Mysore Warriors v Hubli Tigers,ok,
51152,maharaja_trophy,4485,2022-08-23,Bengaluru Blasters v Gulbarga Mystics,ok,
51154,maharaja_trophy,4485,2022-08-25,Mysore Warriors v Gulbarga Mystics,ok,unparsed: FOUR he is toying with the bowling now. ; 
51161,maharaja_trophy,4485,2022-08-26,Bengaluru Blasters v Gulbarga Mystics,ok,unparsed: whose misfield leaks a second run; 
78677,maharaja_trophy,6941,2023-08-13,Gulbarga Mystics v Bengaluru Blasters,ok,
78684,maharaja_trophy,6941,2023-08-13,Hubli Tigers v Mysore Warriors,ok,
78691,maharaja_trophy,6941,2023-08-14,Mangalore Dragons v Shivamogga Lions,ok,
78698,maharaja_trophy,6941,2023-08-14,Gulbarga Mystics v Hubli Tigers,ok,
78705,maharaja_trophy,6941,2023-08-15,Mysore Warriors v Mangalore Dragons,ok,
78712,maharaja_trophy,6941,2023-08-15,Shivamogga Lions v Bengaluru Blasters,skip:inn1 runs 201/201 balls 120/120 wkts 6/5,
78719,maharaja_trophy,6941,2023-08-16,Bengaluru Blasters v Hubli Tigers,ok,
78726,maharaja_trophy,6941,2023-08-16,Mysore Warriors v Gulbarga Mystics,ok,
78733,maharaja_trophy,6941,2023-08-17,Gulbarga Mystics v Shivamogga Lions,ok,
78740,maharaja_trophy,6941,2023-08-17,Mangalore Dragons v Hubli Tigers,ok,inn1 off by 2; 
78747,maharaja_trophy,6941,2023-08-18,Shivamogga Lions v Mysore Warriors,ok,
78754,maharaja_trophy,6941,2023-08-18,Mangalore Dragons v Bengaluru Blasters,ok,
78761,maharaja_trophy,6941,2023-08-19,Bengaluru Blasters v Mysore Warriors,ok,
78768,maharaja_trophy,6941,2023-08-19,Hubli Tigers v Shivamogga Lions,ok,
78775,maharaja_trophy,6941,2023-08-20,Mysore Warriors v Hubli Tigers,ok,
78782,maharaja_trophy,6941,2023-08-20,Gulbarga Mystics v Mangalore Dragons,ok,
78789,maharaja_trophy,6941,2023-08-21,Shivamogga Lions v Gulbarga Mystics,ok,
78796,maharaja_trophy,6941,2023-08-21,Bengaluru Blasters v Mangalore Dragons,ok,
78803,maharaja_trophy,6941,2023-08-22,Hubli Tigers v Bengaluru Blasters,ok,
78810,maharaja_trophy,6941,2023-08-22,Mysore Warriors v Shivamogga Lions,ok,
78817,maharaja_trophy,6941,2023-08-23,Hubli Tigers v Gulbarga Mystics,ok,inn1 off by 2; 
78824,maharaja_trophy,6941,2023-08-23,Mangalore Dragons v Mysore Warriors,ok,
78831,maharaja_trophy,6941,2023-08-24,Shivamogga Lions v Mangalore Dragons,ok,
78838,maharaja_trophy,6941,2023-08-24,Bengaluru Blasters v Gulbarga Mystics,ok,
78845,maharaja_trophy,6941,2023-08-25,Mysore Warriors v Bengaluru Blasters,ok,unresolved name; 
78852,maharaja_trophy,6941,2023-08-25,Shivamogga Lions v Hubli Tigers,ok,
78859,maharaja_trophy,6941,2023-08-26,Hubli Tigers v Mangalore Dragons,ok,unparsed: Reddy leans in and pushes it towards poi; 
78866,maharaja_trophy,6941,2023-08-26,Gulbarga Mystics v Mysore Warriors,ok,
78873,maharaja_trophy,6941,2023-08-27,Mangalore Dragons v Gulbarga Mystics,ok,
78880,maharaja_trophy,6941,2023-08-27,Bengaluru Blasters v Shivamogga Lions,ok,
78887,maharaja_trophy,6941,2023-08-28,Hubli Tigers v Shivamogga Lions,ok,
78894,maharaja_trophy,6941,2023-08-28,Mysore Warriors v Gulbarga Mystics,ok,
78901,maharaja_trophy,6941,2023-08-29,Hubli Tigers v Mysore Warriors,ok,
119924,mpl,9944,2025-06-04,Ratnagiri Jets v Eagle Nashik Titans,ok,
119933,mpl,9944,2025-06-05,Raigad Royals v Satara Warriors,ok,
119936,mpl,9944,2025-06-06,Ratnagiri Jets v Puneri Bappa,ok,
119945,mpl,9944,2025-06-07,Satara Warriors v Eagle Nashik Titans,ok,
119951,mpl,9944,2025-06-07,Ratnagiri Jets v Kolhapur Tuskers,ok,
119954,mpl,9944,2025-06-07,Raigad Royals v Puneri Bappa,ok,
119960,mpl,9944,2025-06-08,Ratnagiri Jets v Satara Warriors,ok,
119963,mpl,9944,2025-06-09,Kolhapur Tuskers v Eagle Nashik Titans,ok,
119969,mpl,9944,2025-06-10,Ratnagiri Jets v Raigad Royals,ok,inn1 off by 1; 
119978,mpl,9944,2025-06-10,Kolhapur Tuskers v Satara Warriors,ok,
119981,mpl,9944,2025-06-10,Puneri Bappa v Eagle Nashik Titans,ok,
119987,mpl,9944,2025-06-11,Kolhapur Tuskers v Puneri Bappa,ok,
119996,mpl,9944,2025-06-12,Raigad Royals v Eagle Nashik Titans,ok,
119999,mpl,9944,2025-06-13,Raigad Royals v Puneri Bappa,ok,
120005,mpl,9944,2025-06-13,Satara Warriors v Eagle Nashik Titans,ok,
120008,mpl,9944,,,skip:no-scorecard,
120014,mpl,9944,2025-06-14,Kolhapur Tuskers v Puneri Bappa,ok,
120017,mpl,9944,2025-06-15,Puneri Bappa v Eagle Nashik Titans,ok,
120026,mpl,9944,2025-06-15,Ratnagiri Jets v Satara Warriors,ok,inn1 off by -1; 
120035,mpl,9944,2025-06-15,Kolhapur Tuskers v Raigad Royals,ok,inn1 off by -1; 
120041,mpl,9944,,,skip:no-scorecard,
120044,mpl,9944,,,skip:no-scorecard,
120050,mpl,9944,,,skip:no-scorecard,
120053,mpl,9944,2025-06-17,Ratnagiri Jets v Puneri Bappa,ok,
120062,mpl,9944,2025-06-17,Raigad Royals v Satara Warriors,ok,inn1 off by 1; 
120071,mpl,9944,2025-06-18,Raigad Royals v Eagle Nashik Titans,ok,
120077,mpl,9944,2025-06-18,Kolhapur Tuskers v Satara Warriors,ok,
120080,mpl,9944,,,skip:no-scorecard,
120089,mpl,9944,,,skip:no-scorecard,
120095,mpl,9944,,,skip:no-scorecard,
120098,mpl,9944,2025-06-20,Eagle Nashik Titans v Puneri Bappa,ok,
120104,mpl,9944,2025-06-20,Raigad Royals v Kolhapur Tuskers,ok,
120113,mpl,9944,2025-06-21,Puneri Bappa v Raigad Royals,ok,inn1 off by -1; 
120122,mpl,9944,2025-06-22,Eagle Nashik Titans v Raigad Royals,ok,
120729,mppl,10014,2025-06-12,Gwalior Cheetahs v Chambal Ghariyals,ok,
120740,mppl,10014,2025-06-13,Jabalpur Royal Lions v Bhopal Leopards,ok,
120751,mppl,10014,2025-06-13,Bundelkhand Bulls v Rewa Jaguars,ok,
120757,mppl,10014,2025-06-14,Rewa Jaguars v Gwalior Cheetahs,ok,
120762,mppl,10014,2025-06-14,Indore Pink Panthers v Jabalpur Royal Lions,ok,
120768,mppl,10014,2025-06-15,Indore Pink Panthers v Chambal Ghariyals,ok,
120773,mppl,10014,2025-06-15,Bhopal Leopards v Bundelkhand Bulls,ok,
120784,mppl,10014,2025-06-16,Chambal Ghariyals v Rewa Jaguars,ok,
120795,mppl,10014,2025-06-16,Gwalior Cheetahs v Jabalpur Royal Lions,ok,
120806,mppl,10014,2025-06-17,Gwalior Cheetahs v Bundelkhand Bulls,ok,
120812,mppl,10014,2025-06-17,Rewa Jaguars v Bhopal Leopards,ok,
120817,mppl,10014,2025-06-18,Bundelkhand Bulls v Indore Pink Panthers,ok,
120828,mppl,10014,2025-06-18,Jabalpur Royal Lions v Chambal Ghariyals,ok,
120839,mppl,10014,,,skip:no-scorecard,
120845,mppl,10014,,,skip:no-scorecard,
120856,mppl,10014,2025-06-20,Jabalpur Royal Lions v Rewa Jaguars,ok,inn1 off by 1; 
120867,mppl,10014,2025-06-20,Bhopal Leopards v Gwalior Cheetahs,ok,
120878,mppl,10014,2025-06-21,Bundelkhand Bulls v Jabalpur Royal Lions,ok,
120883,mppl,10014,2025-06-21,Rewa Jaguars v Indore Pink Panthers,ok,
120894,mppl,10014,,,skip:no-scorecard,
120905,mppl,10014,2025-06-22,Chambal Ghariyals v Bundelkhand Bulls,ok,
120916,mppl,10014,2025-06-23,Rewa Jaguars v Bhopal Leopards,ok,
120927,mppl,10014,2025-06-23,Chambal Ghariyals v Gwalior Cheetahs,ok,inn2 off by -1; 
120933,mppl,10014,2025-06-24,Bhopal Leopards v Chambal Ghariyals,ok,
160328,mppl,12530,2026-06-03,Gwalior Cheetahs v Ujjain Falcons,ok,
160339,mppl,12530,2026-06-04,Malwa Stallions v Chambal Ghariyals,ok,
160350,mppl,12530,2026-06-04,Bhopal Leopards v Indore Pink Panthers,ok,
160361,mppl,12530,2026-06-05,Gwalior Cheetahs v Bhopal Leopards,ok,
160372,mppl,12530,2026-06-05,Ujjain Falcons v Malwa Stallions,ok,inn1 off by -2; 
160383,mppl,12530,2026-06-06,Bundelkhand Bulls v Rewa Jaguars,ok,
160394,mppl,12530,2026-06-06,Indore Pink Panthers v Jabalpur Royal Lions,ok,
160405,mppl,12530,2026-06-07,Malwa Stallions v Gwalior Cheetahs,ok,
160416,mppl,12530,2026-06-07,Royal Nimar Eagles v Chambal Ghariyals,ok,
160427,mppl,12530,2026-06-07,Rewa Jaguars v Bhopal Leopards,ok,
160438,mppl,12530,2026-06-08,Bundelkhand Bulls v Bhopal Leopards,ok,
160449,mppl,12530,2026-06-08,Chambal Ghariyals v Ujjain Falcons,ok,
160460,mppl,12530,2026-06-08,Malwa Stallions v Indore Pink Panthers,ok,
160471,mppl,12530,2026-06-10,Indore Pink Panthers v Rewa Jaguars,ok,
160482,mppl,12530,2026-06-10,Bhopal Leopards v Ujjain Falcons,ok,
160493,mppl,12530,2026-06-10,Bundelkhand Bulls v Malwa Stallions,ok,
160504,mppl,12530,2026-06-11,Ujjain Falcons v Jabalpur Royal Lions,ok,
160515,mppl,12530,2026-06-11,Royal Nimar Eagles v Malwa Stallions,ok,
160526,mppl,12530,2026-06-11,Gwalior Cheetahs v Chambal Ghariyals,ok,
160537,mppl,12530,2026-06-12,Rewa Jaguars v Royal Nimar Eagles,ok,
160548,mppl,12530,2026-06-12,Bhopal Leopards v Chambal Ghariyals,ok,
160559,mppl,12530,2026-06-12,Indore Pink Panthers v Bundelkhand Bulls,ok,
160570,mppl,12530,2026-06-13,Malwa Stallions v Jabalpur Royal Lions,ok,
160581,mppl,12530,2026-06-13,Bundelkhand Bulls v Gwalior Cheetahs,ok,
160592,mppl,12530,2026-06-13,Ujjain Falcons v Rewa Jaguars,ok,
160603,mppl,12530,2026-06-14,Chambal Ghariyals v Indore Pink Panthers,ok,
160614,mppl,12530,2026-06-14,Royal Nimar Eagles v Ujjain Falcons,ok,
160625,mppl,12530,2026-06-15,Rewa Jaguars v Gwalior Cheetahs,ok,
160636,mppl,12530,2026-06-15,Jabalpur Royal Lions v Bhopal Leopards,ok,
160640,mppl,12530,2026-06-16,Indore Pink Panthers v Royal Nimar Eagles,ok,
160651,mppl,12530,2026-06-16,Rewa Jaguars v Jabalpur Royal Lions,ok,
160662,mppl,12530,2026-06-17,Bhopal Leopards v Malwa Stallions,ok,
160673,mppl,12530,2026-06-17,Chambal Ghariyals v Bundelkhand Bulls,ok,
160678,mppl,12530,2026-06-18,Ujjain Falcons v Indore Pink Panthers,ok,
160689,mppl,12530,2026-06-18,Jabalpur Royal Lions v Royal Nimar Eagles,ok,
160700,mppl,12530,2026-06-19,Jabalpur Royal Lions v Chambal Ghariyals,ok,
160711,mppl,12530,2026-06-19,Royal Nimar Eagles v Bundelkhand Bulls,ok,
160722,mppl,12530,2026-06-21,Jabalpur Royal Lions v Gwalior Cheetahs,ok,
160733,mppl,12530,2026-06-21,Bundelkhand Bulls v Ujjain Falcons,ok,
160744,mppl,12530,2026-06-22,Royal Nimar Eagles v Bhopal Leopards,ok,
160755,mppl,12530,2026-06-22,Malwa Stallions v Rewa Jaguars,ok,
160766,mppl,12530,2026-06-23,Indore Pink Panthers v Gwalior Cheetahs,ok,
160777,mppl,12530,,,skip:no-scorecard,
160788,mppl,12530,2026-06-24,Jabalpur Royal Lions v Bundelkhand Bulls,ok,
160799,mppl,12530,,,skip:no-scorecard,
160810,mppl,12530,2026-06-25,Royal Nimar Eagles v Rewa Jaguars,ok,
160821,mppl,12530,2026-06-25,Chambal Ghariyals v Jabalpur Royal Lions,ok,
160832,mppl,12530,2026-06-26,Royal Nimar Eagles v Chambal Ghariyals,ok,
23666,msl,2908,,,skip:no-scorecard,
23671,msl,2908,,,skip:no-scorecard,
23689,msl,2908,,,skip:no-scorecard,
23691,msl,2908,,,skip:no-scorecard,
23693,msl,2908,,,skip:no-scorecard,
23694,msl,2908,,,skip:no-scorecard,
123826,pondicherry_premier_league,10350,2025-07-06,Ossudu Accord Warriors v Ruby White Town Legends,ok,
123837,pondicherry_premier_league,10350,2025-07-07,Karaikal Kniights v Mahe Megalo Strikers,ok,
123842,pondicherry_premier_league,10350,2025-07-07,Genid Yanam Royals v Villianur Mohit Kings,ok,
123848,pondicherry_premier_league,10350,2025-07-08,Ruby White Town Legends v Villianur Mohit Kings,ok,
123859,pondicherry_premier_league,10350,2025-07-08,Genid Yanam Royals v Mahe Megalo Strikers,ok,
123864,pondicherry_premier_league,10350,2025-07-09,Ruby White Town Legends v Genid Yanam Royals,ok,
123875,pondicherry_premier_league,10350,2025-07-09,Ossudu Accord Warriors v Karaikal Kniights,ok,
123886,pondicherry_premier_league,10350,2025-07-10,Mahe Megalo Strikers v Ossudu Accord Warriors,ok,
123892,pondicherry_premier_league,10350,2025-07-10,Villianur Mohit Kings v Karaikal Kniights,ok,
123903,pondicherry_premier_league,10350,2025-07-11,Ossudu Accord Warriors v Genid Yanam Royals,ok,
123908,pondicherry_premier_league,10350,2025-07-11,Mahe Megalo Strikers v Ruby White Town Legends,ok,
123919,pondicherry_premier_league,10350,2025-07-12,Ruby White Town Legends v Karaikal Kniights,ok,
123930,pondicherry_premier_league,10350,2025-07-12,Mahe Megalo Strikers v Villianur Mohit Kings,ok,
123936,pondicherry_premier_league,10350,2025-07-13,Karaikal Kniights v Genid Yanam Royals,ok,
123941,pondicherry_premier_league,10350,2025-07-13,Villianur Mohit Kings v Ossudu Accord Warriors,ok,
123947,pondicherry_premier_league,10350,2025-07-15,Karaikal Kniights v Ruby White Town Legends,ok,
123958,pondicherry_premier_league,10350,2025-07-15,Genid Yanam Royals v Ossudu Accord Warriors,ok,
123963,pondicherry_premier_league,10350,2025-07-16,Villianur Mohit Kings v Mahe Megalo Strikers,ok,
123969,pondicherry_premier_league,10350,2025-07-16,Ruby White Town Legends v Ossudu Accord Warriors,ok,
123980,pondicherry_premier_league,10350,2025-07-17,Villianur Mohit Kings v Genid Yanam Royals,ok,
123991,pondicherry_premier_league,10350,2025-07-17,Ruby White Town Legends v Mahe Megalo Strikers,ok,
123996,pondicherry_premier_league,10350,2025-07-18,Genid Yanam Royals v Karaikal Kniights,ok,
124007,pondicherry_premier_league,10350,2025-07-19,Mahe Megalo Strikers v Genid Yanam Royals,ok,
124018,pondicherry_premier_league,10350,2025-07-19,Ossudu Accord Warriors v Villianur Mohit Kings,ok,
124029,pondicherry_premier_league,10350,2025-07-20,Villianur Mohit Kings v Ruby White Town Legends,ok,
124035,pondicherry_premier_league,10350,2025-07-20,Mahe Megalo Strikers v Karaikal Kniights,ok,
124046,pondicherry_premier_league,10350,2025-07-21,Karaikal Kniights v Ossudu Accord Warriors,ok,
124057,pondicherry_premier_league,10350,2025-07-21,Genid Yanam Royals v Ruby White Town Legends,ok,
124062,pondicherry_premier_league,10350,2025-07-22,Ossudu Accord Warriors v Mahe Megalo Strikers,ok,inn1 off by -1; 
124073,pondicherry_premier_league,10350,2025-07-22,Karaikal Kniights v Villianur Mohit Kings,ok,
124084,pondicherry_premier_league,10350,2025-07-24,Villianur Mohit Kings v Genid Yanam Royals,ok,
124090,pondicherry_premier_league,10350,2025-07-24,Ruby White Town Legends v Mahe Megalo Strikers,ok,
124095,pondicherry_premier_league,10350,2025-07-25,Genid Yanam Royals v Mahe Megalo Strikers,ok,
124106,pondicherry_premier_league,10350,2025-07-27,Villianur Mohit Kings v Mahe Megalo Strikers,skip:inn1 runs 139/139 balls 120/120 wkts 7/8,
27252,psl,3148,,,skip:no-scorecard,
27360,psl,3148,,,skip:no-scorecard,
27412,psl,3148,,,skip:no-scorecard,
27421,psl,3148,,,skip:no-scorecard,
80481,rajasthan_premier_league,7088,2023-08-27,Jaipur Indians v Jodhpur Sunrisers,ok,
80486,rajasthan_premier_league,7088,2023-08-28,Udaipur Lakecity Warriors v Jaanbaaz Kota Challengers,ok,
80493,rajasthan_premier_league,7088,2023-08-28,Bhilwara Bulls v Shekhawati Soldiers Sikar,ok,
80497,rajasthan_premier_league,7088,2023-08-29,Bhilwara Bulls v Jaipur Indians,ok,
80504,rajasthan_premier_league,7088,2023-08-29,Jodhpur Sunrisers v Udaipur Lakecity Warriors,ok,
80507,rajasthan_premier_league,7088,2023-08-30,Udaipur Lakecity Warriors v Bhilwara Bulls,ok,
80511,rajasthan_premier_league,7088,2023-08-30,Jaanbaaz Kota Challengers v Shekhawati Soldiers Sikar,ok,
80518,rajasthan_premier_league,7088,2023-08-31,Jaipur Indians v Shekhawati Soldiers Sikar,ok,
80521,rajasthan_premier_league,7088,2023-08-31,Jodhpur Sunrisers v Jaanbaaz Kota Challengers,ok,
80523,rajasthan_premier_league,7088,2023-09-03,Shekhawati Soldiers Sikar v Jodhpur Sunrisers,ok,
80528,rajasthan_premier_league,7088,2023-09-03,Jaanbaaz Kota Challengers v Bhilwara Bulls,ok,
80535,rajasthan_premier_league,7088,2023-09-04,Bhilwara Bulls v Jodhpur Sunrisers,ok,
80537,rajasthan_premier_league,7088,2023-09-04,Udaipur Lakecity Warriors v Jaipur Indians,ok,
80542,rajasthan_premier_league,7088,2023-09-05,Jaanbaaz Kota Challengers v Jaipur Indians,ok,
80544,rajasthan_premier_league,7088,2023-09-05,Shekhawati Soldiers Sikar v Udaipur Lakecity Warriors,ok,
80551,rajasthan_premier_league,7088,2023-09-07,Jaipur Indians v Jodhpur Sunrisers,ok,
80558,rajasthan_premier_league,7088,2023-09-06,Jaanbaaz Kota Challengers v Udaipur Lakecity Warriors,ok,inn2 off by -2; 
80563,rajasthan_premier_league,7088,2023-09-08,Jodhpur Sunrisers v Udaipur Lakecity Warriors,ok,
80565,rajasthan_premier_league,7088,2023-09-11,Jaipur Indians v Jodhpur Sunrisers,ok,
18439,rajputana_premier_league,2596,2017-07-11,Jaipur Tigers v Udaipur Eagles,skip:inn1 runs 126/135 balls 120/120 wkts 9/9,
18440,rajputana_premier_league,2596,2017-07-12,Jodhpur Lions v Ajmer Panthers,ok,inn2 off by -2; 
18441,rajputana_premier_league,2596,2017-07-12,Sikar Bulls v Bhilwara Wolves,ok,
18442,rajputana_premier_league,2596,2017-07-13,Udaipur Eagles v Ajmer Panthers,ok,
18443,rajputana_premier_league,2596,2017-07-14,Sikar Bulls v Jaipur Tigers,ok,inn2 off by -1; 
18444,rajputana_premier_league,2596,2017-07-14,Bhilwara Wolves v Jodhpur Lions,ok,
18445,rajputana_premier_league,2596,2017-07-15,Udaipur Eagles v Sikar Bulls,ok,inn1 off by -1; 
18446,rajputana_premier_league,2596,2017-07-15,Ajmer Panthers v Jaipur Tigers,skip:inn1 runs 142/146 balls 120/120 wkts 7/7,inn2 off by -3; 
18447,rajputana_premier_league,2596,2017-07-16,Bhilwara Wolves v Udaipur Eagles,skip:inn1 runs 177/181 balls 120/120 wkts 5/5,unparsed: 2 runs. pushed to mid-off and they sneak; 
18448,rajputana_premier_league,2596,2017-07-17,Jaipur Tigers v Jodhpur Lions,ok,
18449,rajputana_premier_league,2596,2017-07-17,Sikar Bulls v Ajmer Panthers,ok,
18450,rajputana_premier_league,2596,2017-07-18,Jodhpur Lions v Udaipur Eagles,ok,inn2 off by -1; 
18451,rajputana_premier_league,2596,2017-07-18,Jaipur Tigers v Bhilwara Wolves,ok,inn1 off by -3; unresolved name; 
18452,rajputana_premier_league,2596,2017-07-19,Jodhpur Lions v Sikar Bulls,ok,
18453,rajputana_premier_league,2596,2017-07-19,Ajmer Panthers v Bhilwara Wolves,ok,inn1 off by -1; 
18454,rajputana_premier_league,2596,,,skip:no-scorecard,
18455,rajputana_premier_league,2596,,,skip:no-scorecard,
18456,rajputana_premier_league,2596,,,skip:no-scorecard,
18457,rajputana_premier_league,2596,,,skip:no-scorecard,
22618,saurashtra_premier_league,2833,2019-05-14,Halar Heroes v Kutch Warriors,ok,
22619,saurashtra_premier_league,2833,2019-05-15,Sorath Lions v Zalawad Royals,ok,
22620,saurashtra_premier_league,2833,2019-05-16,Halar Heroes v Gohilwad Gladiators,skip:inn2 runs 128/134 balls 112/113 wkts 10/10,
22621,saurashtra_premier_league,2833,2019-05-17,Gohilwad Gladiators v Zalawad Royals,ok,
22622,saurashtra_premier_league,2833,2019-05-18,Halar Heroes v Zalawad Royals,skip:inn1 runs 103/130 balls 100/120 wkts 4/7 | inn2 runs 123/132 balls 92/100 wkts 0/0,
22623,saurashtra_premier_league,2833,2019-05-18,Sorath Lions v Kutch Warriors,skip:inn1 runs 94/105 balls 98/116 wkts 7/10 | inn2 runs 63/106 balls 58/83 wkts 3/3,
22624,saurashtra_premier_league,2833,2019-05-19,Gohilwad Gladiators v Kutch Warriors,ok,
22625,saurashtra_premier_league,2833,2019-05-19,Sorath Lions v Halar Heroes,ok,
22626,saurashtra_premier_league,2833,2019-05-20,Gohilwad Gladiators v Sorath Lions,ok,
22627,saurashtra_premier_league,2833,2019-05-21,Zalawad Royals v Kutch Warriors,ok,
22628,saurashtra_premier_league,2833,2019-05-22,Zalawad Royals v Sorath Lions,ok,inn1 off by -3; inn2 off by -3; 
80169,saurashtra_premier_league,7058,2023-08-23,Halar Heroes v Gohilwad Gladiators,ok,
80176,saurashtra_premier_league,7058,2023-08-24,Kutch Warriors v Sorath Lions,ok,
80183,saurashtra_premier_league,7058,2023-08-25,Gohilwad Gladiators v Sorath Lions,ok,
80190,saurashtra_premier_league,7058,2023-08-25,Halar Heroes v Zalawad Royals,ok,
80197,saurashtra_premier_league,7058,2023-08-26,Kutch Warriors v Zalawad Royals,ok,
80201,saurashtra_premier_league,7058,2023-08-26,Sorath Lions v Halar Heroes,ok,
80208,saurashtra_premier_league,7058,2023-08-27,Gohilwad Gladiators v Kutch Warriors,ok,
80215,saurashtra_premier_league,7058,2023-08-28,Zalawad Royals v Gohilwad Gladiators,ok,
80218,saurashtra_premier_league,7058,2023-08-29,Halar Heroes v Kutch Warriors,ok,
80225,saurashtra_premier_league,7058,2023-08-30,Sorath Lions v Zalawad Royals,ok,
80229,saurashtra_premier_league,7058,2023-08-31,Kutch Warriors v Gohilwad Gladiators,ok,
171080,sher_e_punjab_t20_league,13073,2026-08-30,Amritsar Soormas v Mohali Kings,ok,
171083,sher_e_punjab_t20_league,13073,2026-08-31,Jalandhar Warriors v Fazilka Falcons,ok,
171087,sher_e_punjab_t20_league,13073,2026-08-31,Mohali Kings v Bathinda Royals,ok,inn1 off by 1; 
171097,sher_e_punjab_t20_league,13073,2026-09-01,Bathinda Royals v Ludhiana Lions,ok,
171103,sher_e_punjab_t20_league,13073,2026-09-01,Jalandhar Warriors v Amritsar Soormas,ok,
171110,sher_e_punjab_t20_league,13073,2026-09-02,Mohali Kings v Ludhiana Lions,ok,
171120,sher_e_punjab_t20_league,13073,2026-09-02,Fazilka Falcons v Amritsar Soormas,ok,
171127,sher_e_punjab_t20_league,13073,2026-09-03,Bathinda Royals v Jalandhar Warriors,ok,
171137,sher_e_punjab_t20_league,13073,2026-09-03,Fazilka Falcons v Mohali Kings,ok,
171143,sher_e_punjab_t20_league,13073,2026-09-04,Bathinda Royals v Amritsar Soormas,ok,
171150,sher_e_punjab_t20_league,13073,2026-09-04,Ludhiana Lions v Jalandhar Warriors,ok,
171153,sher_e_punjab_t20_league,13073,2026-09-05,Fazilka Falcons v Bathinda Royals,ok,
171157,sher_e_punjab_t20_league,13073,2026-09-05,Jalandhar Warriors v Mohali Kings,ok,
171163,sher_e_punjab_t20_league,13073,2026-09-06,Bathinda Royals v Jalandhar Warriors,ok,
171170,sher_e_punjab_t20_league,13073,2026-09-06,Ludhiana Lions v Fazilka Falcons,ok,
171180,sher_e_punjab_t20_league,13073,2026-09-07,Mohali Kings v Ludhiana Lions,ok,
171181,sher_e_punjab_t20_league,13073,2026-09-07,Fazilka Falcons v Amritsar Soormas,ok,
171190,sher_e_punjab_t20_league,13073,2026-09-08,Amritsar Soormas v Mohali Kings,ok,
171200,sher_e_punjab_t20_league,13073,2026-09-08,Ludhiana Lions v Jalandhar Warriors,ok,
171203,sher_e_punjab_t20_league,13073,2026-09-09,Ludhiana Lions v Fazilka Falcons,ok,
171210,sher_e_punjab_t20_league,13073,2026-09-09,Mohali Kings v Bathinda Royals,ok,
171220,sher_e_punjab_t20_league,13073,2026-09-10,Amritsar Soormas v Jalandhar Warriors,ok,
171223,sher_e_punjab_t20_league,13073,2026-09-10,Fazilka Falcons v Bathinda Royals,ok,
171231,sher_e_punjab_t20_league,13073,2026-09-11,Amritsar Soormas v Ludhiana Lions,ok,inn2 off by 2; 
171240,sher_e_punjab_t20_league,13073,2026-09-12,Mohali Kings v Amritsar Soormas,ok,
171241,sher_e_punjab_t20_league,13073,2026-09-12,Ludhiana Lions v Jalandhar Warriors,ok,
171243,sher_e_punjab_t20_league,13073,2026-09-13,Amritsar Soormas v Ludhiana Lions,ok,
127610,sma,10487,2025-11-26,Mizoram v Nagaland,skip:inn1 runs 0/198 balls 0/120 wkts 0/6 | inn2 runs 0/182 balls 0/120 wkts 0/9,
127621,sma,10487,2025-11-26,Meghalaya v Sikkim,skip:inn1 runs 0/190 balls 0/120 wkts 0/7 | inn2 runs 0/181 balls 0/120 wkts 0/4,
127626,sma,10487,2025-11-26,Arunachal Pradesh v Manipur,skip:inn1 runs 0/207 balls 0/120 wkts 0/3 | inn2 runs 0/117 balls 0/120 wkts 0/9,
127632,sma,10487,2025-11-28,Manipur v Meghalaya,skip:inn1 runs 0/143 balls 0/119 wkts 0/10 | inn2 runs 0/118 balls 0/118 wkts 0/10,
127643,sma,10487,2025-11-28,Mizoram v Sikkim,skip:inn1 runs 0/148 balls 0/120 wkts 0/6 | inn2 runs 0/149 balls 0/104 wkts 0/3,
127654,sma,10487,2025-11-28,Arunachal Pradesh v Nagaland,skip:inn1 runs 0/214 balls 0/120 wkts 0/4 | inn2 runs 0/97 balls 0/101 wkts 0/10,
127659,sma,10487,2025-11-30,Manipur v Mizoram,skip:inn1 runs 0/186 balls 0/120 wkts 0/3 | inn2 runs 0/155 balls 0/120 wkts 0/7,
127670,sma,10487,2025-11-30,Arunachal Pradesh v Meghalaya,skip:inn1 runs 0/118 balls 0/120 wkts 0/7 | inn2 runs 0/123 balls 0/90 wkts 0/4,
127676,sma,10487,2025-11-30,Nagaland v Sikkim,skip:inn1 runs 0/101 balls 0/114 wkts 0/10 | inn2 runs 0/105 balls 0/76 wkts 0/3,
127687,sma,10487,2025-12-02,Meghalaya v Nagaland,skip:inn1 runs 0/139 balls 0/120 wkts 0/6 | inn2 runs 0/81 balls 0/96 wkts 0/10,
127698,sma,10487,2025-12-02,Arunachal Pradesh v Mizoram,skip:inn1 runs 0/186 balls 0/120 wkts 0/9 | inn2 runs 0/128 balls 0/120 wkts 0/7,
127703,sma,10487,2025-12-02,Manipur v Sikkim,skip:inn1 runs 0/134 balls 0/119 wkts 0/10 | inn2 runs 0/138 balls 0/92 wkts 0/2,
127709,sma,10487,2025-12-04,Arunachal Pradesh v Sikkim,skip:inn1 runs 0/90 balls 0/120 wkts 0/9 | inn2 runs 0/93 balls 0/57 wkts 0/1,
127720,sma,10487,2025-12-04,Manipur v Nagaland,skip:inn1 runs 0/220 balls 0/120 wkts 0/6 | inn2 runs 0/188 balls 0/109 wkts 0/10,
127731,sma,10487,2025-12-04,Meghalaya v Mizoram,skip:inn1 runs 0/150 balls 0/120 wkts 0/8 | inn2 runs 0/151 balls 0/107 wkts 0/2,
127742,sma,10487,2025-12-06,Sikkim v Mizoram,skip:inn1 runs 0/148 balls 0/120 wkts 0/9 | inn2 runs 0/138 balls 0/120 wkts 0/7,
127753,sma,10493,2025-11-26,Mumbai v Railways,skip:inn1 runs 0/158 balls 0/120 wkts 0/5 | inn2 runs 0/159 balls 0/95 wkts 0/3,
127764,sma,10493,2025-11-26,Chhattisgarh v Vidarbha,skip:inn1 runs 0/133 balls 0/120 wkts 0/9 | inn2 runs 0/106 balls 0/115 wkts 0/10,
127775,sma,10493,2025-11-26,Jammu and Kashmir v Maharashtra,skip:inn1 runs 0/130 balls 0/119 wkts 0/10 | inn2 runs 0/132 balls 0/112 wkts 0/5,
127786,sma,10493,2025-11-26,Goa v Uttar Pradesh,skip:inn1 runs 0/172 balls 0/120 wkts 0/9 | inn2 runs 0/173 balls 0/110 wkts 0/4,
127797,sma,10493,2025-11-26,Himachal Pradesh v Punjab,skip:inn1 runs 0/147 balls 0/120 wkts 0/8 | inn2 runs 0/153 balls 0/83 wkts 0/5,
127802,sma,10493,2025-11-26,Gujarat v Services,skip:inn1 runs 0/182 balls 0/120 wkts 0/9 | inn2 runs 0/183 balls 0/75 wkts 0/2,
127813,sma,10493,2025-11-26,Saurashtra v Tripura,skip:inn1 runs 0/123 balls 0/117 wkts 0/10 | inn2 runs 0/124 balls 0/96 wkts 0/6,
127819,sma,10493,2025-11-26,Karnataka v Uttarakhand,skip:inn1 runs 0/197 balls 0/120 wkts 0/5 | inn2 runs 0/198 balls 0/120 wkts 0/5,
127830,sma,10493,2025-11-26,Andhra v Assam,skip:inn1 runs 0/143 balls 0/120 wkts 0/9 | inn2 runs 0/114 balls 0/118 wkts 0/10,
127841,sma,10493,2025-11-26,Kerala v Odisha,skip:inn1 runs 0/176 balls 0/120 wkts 0/7 | inn2 runs 0/177 balls 0/99 wkts 0/0,
127846,sma,10493,2025-11-26,Bihar v Chandigarh,skip:inn1 runs 0/157 balls 0/120 wkts 0/7 | inn2 runs 0/160 balls 0/112 wkts 0/4,
127852,sma,10493,2025-11-26,Hyderabad v Madhya Pradesh,skip:inn1 runs 0/144 balls 0/120 wkts 0/9 | inn2 runs 0/145 balls 0/109 wkts 0/5,
127863,sma,10493,2025-11-26,Baroda v Bengal,skip:inn1 runs 0/181 balls 0/120 wkts 0/8 | inn2 runs 0/182 balls 0/103 wkts 0/4,
127868,sma,10493,2025-11-26,Haryana v Puducherry,skip:inn1 runs 0/201 balls 0/120 wkts 0/9 | inn2 runs 0/196 balls 0/120 wkts 0/6,
127874,sma,10493,2025-11-26,Delhi v Jharkhand,skip:inn1 runs 0/132 balls 0/116 wkts 0/10 | inn2 runs 0/138 balls 0/89 wkts 0/3,
127879,sma,10493,2025-11-26,Rajasthan v Tamil Nadu,skip:inn1 runs 0/169 balls 0/120 wkts 0/8 | inn2 runs 0/170 balls 0/99 wkts 0/4,
127890,sma,10493,2025-11-28,Andhra v Odisha,skip:inn1 runs 0/184 balls 0/120 wkts 0/7 | inn2 runs 0/118 balls 0/104 wkts 0/10,
127901,sma,10493,2025-11-28,Kerala v Railways,skip:inn1 runs 0/149 balls 0/120 wkts 0/7 | inn2 runs 0/117 balls 0/120 wkts 0/8,
127907,sma,10493,2025-11-28,Bihar v Madhya Pradesh,skip:inn1 runs 0/174 balls 0/120 wkts 0/8 | inn2 runs 0/112 balls 0/116 wkts 0/10,
127912,sma,10493,2025-11-28,Hyderabad v Maharashtra,skip:inn1 runs 0/191 balls 0/120 wkts 0/8 | inn2 runs 0/192 balls 0/112 wkts 0/2,
127918,sma,10493,2025-11-28,Baroda v Puducherry,skip:inn1 runs 0/166 balls 0/120 wkts 0/9 | inn2 runs 0/149 balls 0/113 wkts 0/10,
127929,sma,10493,2025-11-28,Haryana v Punjab,skip:inn1 runs 0/207 balls 0/120 wkts 0/9 | inn2 runs 0/207 balls 0/120 wkts 0/6,
127934,sma,10493,2025-11-28,Delhi v Tamil Nadu,skip:inn1 runs 0/198 balls 0/120 wkts 0/7 | inn2 runs 0/203 balls 0/120 wkts 0/4,
127945,sma,10493,2025-11-28,Rajasthan v Tripura,skip:inn1 runs 0/169 balls 0/120 wkts 0/7 | inn2 runs 0/171 balls 0/113 wkts 0/5,
127951,sma,10493,2025-11-28,Assam v Chhattisgarh,skip:inn1 runs 0/167 balls 0/120 wkts 0/8 | inn2 runs 0/119 balls 0/103 wkts 0/10,
127962,sma,10493,2025-11-28,Mumbai v Vidarbha,skip:inn1 runs 0/192 balls 0/120 wkts 0/9 | inn2 runs 0/194 balls 0/107 wkts 0/3,
127973,sma,10493,2025-11-28,Chandigarh v Goa,skip:inn1 runs 0/173 balls 0/120 wkts 0/6 | inn2 runs 0/121 balls 0/114 wkts 0/10,
127984,sma,10493,2025-11-28,Jammu and Kashmir v Uttar Pradesh,skip:inn1 no commentary | inn2 runs 0/84 balls 0/93 wkts 0/10,
127995,sma,10493,2025-11-28,Bengal v Gujarat,skip:inn1 runs 0/127 balls 0/111 wkts 0/10 | inn2 runs 0/130 balls 0/113 wkts 0/7,
128000,sma,10493,2025-11-28,Himachal Pradesh v Services,skip:inn1 runs 0/199 balls 0/120 wkts 0/6 | inn2 runs 0/116 balls 0/101 wkts 0/10,
128011,sma,10493,2025-11-28,Jharkhand v Karnataka,ok,
128022,sma,10493,2025-11-28,Saurashtra v Uttarakhand,skip:inn1 runs 0/183 balls 0/120 wkts 0/7 | inn2 runs 0/184 balls 0/109 wkts 0/4,
128033,sma,10493,2025-11-30,Chhattisgarh v Kerala,skip:inn1 runs 0/120 balls 0/119 wkts 0/10 | inn2 runs 0/121 balls 0/64 wkts 0/2,
128039,sma,10493,2025-11-30,Assam v Railways,skip:inn1 runs 0/132 balls 0/120 wkts 0/7 | inn2 runs 0/135 balls 0/118 wkts 0/7,
128050,sma,10493,2025-11-30,Goa v Hyderabad,ok,
128061,sma,10493,2025-11-30,Chandigarh v Maharashtra,skip:inn1 runs 0/139 balls 0/120 wkts 0/7 | inn2 runs 0/142 balls 0/118 wkts 0/5,
128066,sma,10493,2025-11-30,Gujarat v Haryana,skip:inn1 runs 0/142 balls 0/117 wkts 0/10 | inn2 runs 0/143 balls 0/120 wkts 0/6,
128077,sma,10493,2025-11-30,Bengal v Punjab,skip:inn1 runs 0/310 balls 0/120 wkts 0/5 | inn2 runs 0/198 balls 0/120 wkts 0/9,
128083,sma,10493,2025-11-30,Karnataka v Rajasthan,ok,
128094,sma,10493,2025-11-30,Jharkhand v Tripura,skip:inn1 runs 0/182 balls 0/120 wkts 0/7 | inn2 runs 0/185 balls 0/105 wkts 0/2,
128099,sma,10493,2025-11-30,Andhra v Mumbai,ok,
128110,sma,10493,2025-11-30,Odisha v Vidarbha,skip:inn1 runs 0/160 balls 0/120 wkts 0/6 | inn2 runs 0/163 balls 0/89 wkts 0/2,
128116,sma,10493,2025-11-30,Bihar v Jammu and Kashmir,ok,
128121,sma,10493,2025-11-30,Madhya Pradesh v Uttar Pradesh,skip:inn1 runs 0/184 balls 0/120 wkts 0/6 | inn2 runs 0/147 balls 0/112 wkts 0/10,
128132,sma,10493,2025-11-30,Baroda v Himachal Pradesh,skip:inn1 runs 0/142 balls 0/120 wkts 0/8 | inn2 runs 0/144 balls 0/103 wkts 0/5,
128138,sma,10493,2025-11-30,Puducherry v Services,skip:inn1 runs 0/109 balls 0/120 wkts 0/9 | inn2 runs 0/112 balls 0/83 wkts 0/3,
128149,sma,10493,2025-11-30,Delhi v Saurashtra,ok,
128154,sma,10493,2025-11-30,Tamil Nadu v Uttarakhand,skip:inn1 runs 0/164 balls 0/120 wkts 0/5 | inn2 runs 0/168 balls 0/103 wkts 0/5,
128160,sma,10493,2025-12-02,Andhra v Railways,ok,
128171,sma,10493,2025-12-02,Chhattisgarh v Odisha,skip:inn1 runs 0/135 balls 0/120 wkts 0/8 | inn2 runs 0/108 balls 0/118 wkts 0/10,
128176,sma,10493,2025-12-02,Bihar v Maharashtra,ok,
128187,sma,10493,2025-12-02,Goa v Madhya Pradesh,skip:inn1 runs 0/170 balls 0/120 wkts 0/6 | inn2 runs 0/171 balls 0/111 wkts 0/3,
128198,sma,10493,2025-12-02,Baroda v Punjab,skip:inn1 runs 0/222 balls 0/120 wkts 0/8 | inn2 runs 0/224 balls 0/115 wkts 0/2,
128204,sma,10493,2025-12-02,Gujarat v Puducherry,skip:inn1 runs 0/83 balls 0/79 wkts 0/10 | inn2 runs 0/84 balls 0/54 wkts 0/1,
128215,sma,10493,2025-12-02,Delhi v Tripura,ok,
128220,sma,10493,2025-12-02,Karnataka v Tamil Nadu,skip:inn1 runs 0/245 balls 0/120 wkts 0/3 | inn2 runs 0/100 balls 0/86 wkts 0/10,
128226,sma,10493,2025-12-02,Kerala v Vidarbha,ok,
128237,sma,10493,2025-12-02,Assam v Mumbai,skip:inn1 runs 0/220 balls 0/120 wkts 0/4 | inn2 runs 0/122 balls 0/115 wkts 0/10,
128242,sma,10493,2025-12-02,Hyderabad v Uttar Pradesh,ok,
128248,sma,10493,2025-12-02,Chandigarh v Jammu and Kashmir,skip:inn1 runs 0/192 balls 0/120 wkts 0/10 | inn2 runs 0/163 balls 0/120 wkts 0/7,
128259,sma,10493,2025-12-02,Haryana v Services,skip:inn1 runs 0/157 balls 0/120 wkts 0/6 | inn2 runs 0/160 balls 0/114 wkts 0/4,
128264,sma,10493,2025-12-02,Bengal v Himachal Pradesh,skip:inn1 runs 0/208 balls 0/120 wkts 0/5 | inn2 runs 0/212 balls 0/112 wkts 0/5,
128275,sma,10493,2025-12-02,Rajasthan v Uttarakhand,ok,
128286,sma,10493,2025-12-02,Jharkhand v Saurashtra,skip:inn1 runs 0/209 balls 0/120 wkts 0/8 | inn2 runs 0/125 balls 0/91 wkts 0/10,
128297,sma,10493,2025-12-04,Assam v Vidarbha,skip:inn1 no commentary | inn2 runs 0/117 balls 0/107 wkts 0/10,
128308,sma,10493,2025-12-04,Kerala v Mumbai,skip:inn1 runs 0/178 balls 0/120 wkts 0/5 | inn2 runs 0/163 balls 0/118 wkts 0/10,
128325,sma,10493,2025-12-04,Chandigarh v Uttar Pradesh,ok,unparsed: 1 run (short run); 
128336,sma,10493,2025-12-04,Hyderabad v Jammu and Kashmir,skip:inn1 runs 0/112 balls 0/117 wkts 0/10 | inn2 runs 0/115 balls 0/91 wkts 0/6,
128347,sma,10493,2025-12-04,Bengal v Services,skip:inn1 runs 0/165 balls 0/110 wkts 0/10 | inn2 runs 0/167 balls 0/91 wkts 0/3,
128358,sma,10493,2025-12-04,Haryana v Himachal Pradesh,skip:inn1 runs 0/176 balls 0/120 wkts 0/8 | inn2 runs 0/177 balls 0/108 wkts 0/3,
128369,sma,10493,2025-12-04,Jharkhand v Uttarakhand,ok,
128380,sma,10493,2025-12-04,Rajasthan v Saurashtra,skip:inn1 runs 0/145 balls 0/117 wkts 0/10 | inn2 runs 0/146 balls 0/119 wkts 0/8,
128391,sma,10493,2025-12-04,Odisha v Railways,ok,
128396,sma,10493,2025-12-04,Andhra v Chhattisgarh,skip:inn1 runs 0/158 balls 0/120 wkts 0/6 | inn2 runs 0/159 balls 0/113 wkts 0/2,
128407,sma,10493,2025-12-04,Madhya Pradesh v Maharashtra,ok,
128413,sma,10493,2025-12-04,Bihar v Goa,skip:inn1 runs 0/180 balls 0/120 wkts 0/7 | inn2 runs 0/184 balls 0/119 wkts 0/5,
128424,sma,10493,2025-12-04,Puducherry v Punjab,skip:inn1 runs 0/192 balls 0/120 wkts 0/5 | inn2 runs 0/138 balls 0/112 wkts 0/10,
128435,sma,10493,2025-12-04,Baroda v Gujarat,skip:inn1 runs 0/73 balls 0/85 wkts 0/10 | inn2 runs 0/74 balls 0/40 wkts 0/2,
128440,sma,10493,2025-12-04,Tamil Nadu v Tripura,ok,
128446,sma,10493,2025-12-04,Delhi v Karnataka,skip:inn1 runs 0/232 balls 0/120 wkts 0/3 | inn2 runs 0/187 balls 0/117 wkts 0/10,
128451,sma,10493,2025-12-06,Chhattisgarh v Mumbai,skip:inn1 runs 0/121 balls 0/118 wkts 0/10 | inn2 runs 0/123 balls 0/95 wkts 0/2,
128457,sma,10493,2025-12-06,Assam v Odisha,skip:inn1 runs 0/171 balls 0/120 wkts 0/4 | inn2 runs 0/98 balls 0/96 wkts 0/10,
128462,sma,10493,2025-12-06,Goa v Jammu and Kashmir,skip:inn1 runs 0/161 balls 0/120 wkts 0/6 | inn2 runs 0/167 balls 0/114 wkts 0/3,
128473,sma,10493,2025-12-06,Chandigarh v Madhya Pradesh,skip:inn1 no commentary | inn2 runs 0/135 balls 0/84 wkts 0/3,
128479,sma,10493,2025-12-06,Gujarat v Himachal Pradesh,skip:inn1 runs 0/193 balls 0/120 wkts 0/8 | inn2 runs 0/194 balls 0/120 wkts 0/9,
128490,sma,10493,2025-12-06,Bengal v Puducherry,skip:inn1 runs 0/177 balls 0/120 wkts 0/5 | inn2 runs 0/96 balls 0/83 wkts 0/10,
128495,sma,10493,2025-12-06,Karnataka v Saurashtra,skip:inn1 runs 0/178 balls 0/120 wkts 0/8 | inn2 runs 0/177 balls 0/120 wkts 0/9,
128506,sma,10493,2025-12-06,Jharkhand v Tamil Nadu,skip:inn1 runs 0/207 balls 0/120 wkts 0/3 | inn2 runs 0/179 balls 0/120 wkts 0/7,
128512,sma,10493,2025-12-06,Railways v Vidarbha,skip:inn1 runs 0/172 balls 0/120 wkts 0/4 | inn2 runs 0/176 balls 0/115 wkts 0/5,
128517,sma,10493,2025-12-06,Andhra v Kerala,skip:inn1 runs 0/119 balls 0/120 wkts 0/7 | inn2 runs 0/123 balls 0/72 wkts 0/3,
128523,sma,10493,2025-12-06,Maharashtra v Uttar Pradesh,skip:inn1 runs 0/130 balls 0/120 wkts 0/9 | inn2 runs 0/131 balls 0/114 wkts 0/7,
128534,sma,10493,2025-12-06,Bihar v Hyderabad,skip:inn1 runs 0/132 balls 0/120 wkts 0/8 | inn2 runs 0/134 balls 0/77 wkts 0/3,
128545,sma,10493,2025-12-06,Punjab v Services,skip:inn1 runs 0/233 balls 0/120 wkts 0/6 | inn2 runs 0/160 balls 0/118 wkts 0/10,
128556,sma,10493,2025-12-06,Baroda v Haryana,skip:inn1 runs 0/174 balls 0/120 wkts 0/7 | inn2 runs 0/166 balls 0/120 wkts 0/7,
128561,sma,10493,2025-12-06,Tripura v Uttarakhand,skip:inn1 runs 0/163 balls 0/120 wkts 0/6 | inn2 runs 0/167 balls 0/120 wkts 0/6,
128572,sma,10493,2025-12-06,Delhi v Rajasthan,skip:inn1 runs 0/175 balls 0/120 wkts 0/5 | inn2 runs 0/177 balls 0/120 wkts 0/7,
128578,sma,10493,2025-12-08,Assam v Kerala,ok,
128583,sma,10493,2025-12-08,Andhra v Vidarbha,skip:inn1 runs 0/154 balls 0/120 wkts 0/8 | inn2 runs 0/135 balls 0/120 wkts 0/9,
128589,sma,10493,2025-12-08,Chandigarh v Hyderabad,ok,
128600,sma,10493,2025-12-08,Bihar v Uttar Pradesh,skip:inn1 runs 0/144 balls 0/120 wkts 0/6 | inn2 runs 0/145 balls 0/116 wkts 0/4,
128611,sma,10493,2025-12-08,Bengal v Haryana,skip:inn1 runs 0/191 balls 0/120 wkts 0/9 | inn2 runs 0/167 balls 0/120 wkts 0/10,
128616,sma,10493,2025-12-08,Baroda v Services,skip:inn1 runs 0/220 balls 0/120 wkts 0/5 | inn2 runs 0/207 balls 0/120 wkts 0/8,
128622,sma,10493,2025-12-08,Jharkhand v Rajasthan,ok,
128633,sma,10493,2025-12-08,Delhi v Uttarakhand,skip:inn1 runs 0/162 balls 0/120 wkts 0/7 | inn2 runs 0/144 balls 0/120 wkts 0/7,
128638,sma,10493,2025-12-08,Mumbai v Odisha,ok,
128644,sma,10493,2025-12-08,Chhattisgarh v Railways,skip:inn1 runs 0/170 balls 0/120 wkts 0/10 | inn2 runs 0/171 balls 0/115 wkts 0/5,
128655,sma,10493,2025-12-08,Jammu and Kashmir v Madhya Pradesh,ok,
128660,sma,10493,2025-12-08,Goa v Maharashtra,skip:inn1 runs 0/161 balls 0/120 wkts 0/7 | inn2 runs 0/146 balls 0/117 wkts 0/10,
128666,sma,10493,2025-12-08,Himachal Pradesh v Puducherry,skip:inn1 runs 0/173 balls 0/120 wkts 0/4 | inn2 runs 0/155 balls 0/120 wkts 0/9,
128677,sma,10493,2025-12-08,Gujarat v Punjab,skip:inn1 runs 0/188 balls 0/120 wkts 0/8 | inn2 runs 0/113 balls 0/97 wkts 0/10,
128682,sma,10493,2025-12-08,Saurashtra v Tamil Nadu,ok,
128693,sma,10493,2025-12-08,Karnataka v Tripura,skip:inn1 runs 0/197 balls 0/120 wkts 0/6 | inn2 runs 0/197 balls 0/120 wkts 0/8,
128704,sma,10493,2025-12-12,Andhra v Madhya Pradesh,ok,
128710,sma,10493,2025-12-12,Haryana v Rajasthan,ok,
128721,sma,10493,2025-12-12,Punjab v Jharkhand,ok,
128726,sma,10493,2025-12-12,Mumbai v Hyderabad,ok,
128732,sma,10493,2025-12-14,Mumbai v Haryana,ok,
128737,sma,10493,2025-12-14,Andhra v Punjab,ok,
128748,sma,10493,2025-12-14,Hyderabad v Rajasthan,ok,
128754,sma,10493,2025-12-14,Madhya Pradesh v Jharkhand,ok,
128759,sma,10493,2025-12-16,Madhya Pradesh v Punjab,ok,
128765,sma,10493,2025-12-16,Mumbai v Rajasthan,ok,
128770,sma,10493,2025-12-16,Andhra v Jharkhand,ok,
128776,sma,10493,2025-12-16,Hyderabad v Haryana,ok,
128787,sma,10493,2025-12-18,Haryana v Jharkhand,ok,
14686,sma,2331,2015-03-27,Karnataka v Tamil Nadu,skip:inn1 no commentary | inn2 no commentary,
14690,sma,2331,2015-03-28,Delhi v Services,skip:inn1 no commentary | inn2 no commentary,
18110,sma,2566,2017-02-12,Central Zone v West Zone,ok,
18111,sma,2566,2017-02-12,South Zone v North Zone,ok,"unparsed: bye, 1 run, slips in a googly again, Gam; "
18112,sma,2566,2017-02-13,North Zone v West Zone,ok,
18113,sma,2566,2017-02-13,Central Zone v East Zone,ok,inn2 off by -3; unresolved name; 
18114,sma,2566,2017-02-15,South Zone v East Zone,ok,unresolved name; 
18115,sma,2566,2017-02-15,Central Zone v North Zone,ok,inn1 off by -2; 
18116,sma,2566,2017-02-16,South Zone v West Zone,ok,
18117,sma,2566,2017-02-16,North Zone v East Zone,skip:inn1 runs 165/159 balls 120/120 wkts 9/9,
18118,sma,2566,2017-02-18,East Zone v West Zone,skip:inn2 no commentary,
18119,sma,2566,2017-02-18,South Zone v Central Zone,ok,
53415,sma,4527,2022-10-11,Jammu and Kashmir v Meghalaya,skip:inn1 runs 0/81 balls 0/54 wkts 0/3 | inn2 runs 0/85 balls 0/45 wkts 0/2,
53420,sma,4527,2022-10-11,Delhi v Manipur,skip:inn1 runs 0/167 balls 0/120 wkts 0/7 | inn2 runs 0/96 balls 0/120 wkts 0/7,
53427,sma,4527,,,skip:no-scorecard,
53429,sma,4527,2022-10-11,Puducherry v Uttar Pradesh,skip:inn1 runs 0/94 balls 0/112 wkts 0/10 | inn2 runs 0/88 balls 0/75 wkts 0/0,
53434,sma,4527,,,skip:no-scorecard,
53436,sma,4527,2022-10-11,Goa v Tripura,skip:inn1 runs 0/114 balls 0/120 wkts 0/8 | inn2 runs 0/118 balls 0/109 wkts 0/5,
53448,sma,4527,2022-10-11,Madhya Pradesh v Rajasthan,ok,inn1 off by -1; 
53455,sma,4527,,,skip:no-scorecard,
53457,sma,4527,2022-10-11,Mizoram v Mumbai,skip:inn1 runs 0/98 balls 0/120 wkts 0/8 | inn2 runs 0/103 balls 0/63 wkts 0/1,
53462,sma,4527,2022-10-11,Chhattisgarh v Tamil Nadu,skip:inn1 runs 0/132 balls 0/120 wkts 0/5 | inn2 runs 0/126 balls 0/120 wkts 0/9,
53464,sma,4527,2022-10-11,Assam v Vidarbha,skip:inn1 runs 0/161 balls 0/120 wkts 0/5 | inn2 runs 0/162 balls 0/113 wkts 0/4,
53469,sma,4527,2022-10-11,Odisha v Sikkim,skip:inn1 runs 0/100 balls 0/120 wkts 0/6 | inn2 runs 0/101 balls 0/92 wkts 0/1,
53478,sma,4527,2022-10-11,Karnataka v Maharashtra,skip:inn1 runs 0/215 balls 0/120 wkts 0/2 | inn2 runs 0/116 balls 0/120 wkts 0/8,
53483,sma,4527,2022-10-11,Arunachal Pradesh v Kerala,skip:inn1 runs 0/53 balls 0/66 wkts 0/6 | inn2 runs 0/55 balls 0/29 wkts 0/0,
53490,sma,4527,2022-10-11,Haryana v Services,skip:inn1 runs 0/126 balls 0/110 wkts 0/10 | inn2 runs 0/125 balls 0/120 wkts 0/7,
53835,sma,4527,2022-10-12,Rajasthan v Vidarbha,skip:inn1 runs 0/136 balls 0/120 wkts 0/9 | inn2 runs 0/137 balls 0/93 wkts 0/1,
53840,sma,4527,2022-10-12,Assam v Uttarakhand,skip:inn1 runs 0/144 balls 0/120 wkts 0/9 | inn2 runs 0/145 balls 0/113 wkts 0/3,
53849,sma,4527,2022-10-12,Tripura v Uttar Pradesh,skip:inn1 runs 0/163 balls 0/120 wkts 0/6 | inn2 runs 0/166 balls 0/117 wkts 0/4,
53854,sma,4527,2022-10-12,Maharashtra v Services,skip:inn1 runs 0/185 balls 0/120 wkts 0/6 | inn2 runs 0/189 balls 0/116 wkts 0/5,
53861,sma,4527,2022-10-12,Haryana v Meghalaya,skip:inn1 runs 0/136 balls 0/120 wkts 0/7 | inn2 runs 0/53 balls 0/87 wkts 0/10,
53870,sma,4527,,,skip:no-scorecard,
53875,sma,4527,2022-10-12,Odisha v Tamil Nadu,skip:inn1 runs 0/141 balls 0/120 wkts 0/3 | inn2 runs 0/143 balls 0/113 wkts 0/5,
53877,sma,4527,,,skip:no-scorecard,
53891,sma,4527,2022-10-12,Mizoram v Railways,skip:inn1 runs 0/96 balls 0/120 wkts 0/5 | inn2 runs 0/99 balls 0/74 wkts 0/3,
53903,sma,4527,2022-10-12,Goa v Manipur,skip:inn1 runs 0/134 balls 0/120 wkts 0/9 | inn2 runs 0/138 balls 0/104 wkts 0/3,
53905,sma,4527,2022-10-12,Karnataka v Kerala,skip:inn1 runs 0/179 balls 0/120 wkts 0/4 | inn2 runs 0/126 balls 0/120 wkts 0/9,
53910,sma,4527,2022-10-12,Arunachal Pradesh v Jammu and Kashmir,skip:inn1 runs 0/238 balls 0/120 wkts 0/2 | inn2 runs 0/65 balls 0/94 wkts 0/10,
53919,sma,4527,2022-10-12,Chandigarh v Sikkim,skip:inn1 runs 0/178 balls 0/120 wkts 0/3 | inn2 runs 0/112 balls 0/120 wkts 0/9,
53980,sma,4527,2022-10-14,Madhya Pradesh v Uttarakhand,skip:inn1 runs 0/194 balls 0/120 wkts 0/2 | inn2 runs 0/144 balls 0/120 wkts 0/9,
54001,sma,4527,2022-10-14,Punjab v Tripura,skip:inn1 runs 0/118 balls 0/120 wkts 0/7 | inn2 runs 0/119 balls 0/90 wkts 0/1,
54008,sma,4527,2022-10-14,Haryana v Kerala,skip:inn1 runs 0/131 balls 0/120 wkts 0/7 | inn2 runs 0/132 balls 0/114 wkts 0/7,
54015,sma,4527,2022-10-14,Karnataka v Meghalaya,skip:inn1 runs 0/89 balls 0/120 wkts 0/8 | inn2 runs 0/90 balls 0/61 wkts 0/1,
54022,sma,4527,2022-10-14,Bihar v Himachal Pradesh,ok,
54029,sma,4527,2022-10-14,Nagaland v Saurashtra,skip:inn1 runs 0/203 balls 0/120 wkts 0/5 | inn2 runs 0/106 balls 0/120 wkts 0/5,
54036,sma,4527,2022-10-14,Chandigarh v Jharkhand,skip:inn1 runs 0/106 balls 0/120 wkts 0/9 | inn2 no commentary,
54043,sma,4527,2022-10-14,Tamil Nadu v Sikkim,skip:inn1 runs 0/79 balls 0/120 wkts 0/10 | inn2 runs 0/80 balls 0/58 wkts 0/1,
54052,sma,4527,2022-10-14,Mizoram v Vidarbha,skip:inn1 runs 0/192 balls 0/120 wkts 0/6 | inn2 runs 0/78 balls 0/120 wkts 0/6,
54064,sma,4527,2022-10-14,Manipur v Puducherry,skip:inn1 runs 0/125 balls 0/120 wkts 0/7 | inn2 runs 0/122 balls 0/120 wkts 0/5,
54066,sma,4527,2022-10-14,Jammu and Kashmir v Maharashtra,skip:inn1 runs 0/175 balls 0/120 wkts 0/5 | inn2 runs 0/176 balls 0/117 wkts 0/7,
54071,sma,4527,2022-10-14,Arunachal Pradesh v Services,skip:inn1 runs 0/75 balls 0/118 wkts 0/10 | inn2 runs 0/76 balls 0/54 wkts 0/1,
54085,sma,4527,2022-10-14,Bengal v Odisha,skip:inn1 runs 0/86 balls 0/109 wkts 0/10 | inn2 runs 0/87 balls 0/90 wkts 0/2,
54094,sma,4527,2022-10-16,Mumbai v Vidarbha,skip:inn1 runs 0/155 balls 0/120 wkts 0/8 | inn2 runs 0/140 balls 0/120 wkts 0/6,
54101,sma,4527,2022-10-16,Hyderabad v Tripura,skip:inn1 runs 0/158 balls 0/120 wkts 0/8 | inn2 runs 0/162 balls 0/120 wkts 0/5,
54106,sma,4527,2022-10-16,Delhi v Puducherry,skip:inn1 runs 0/168 balls 0/120 wkts 0/8 | inn2 runs 0/169 balls 0/116 wkts 0/3,
54108,sma,4527,2022-10-16,Maharashtra v Meghalaya,skip:inn1 runs 0/144 balls 0/120 wkts 0/10 | inn2 runs 0/70 balls 0/109 wkts 0/10,
54115,sma,4527,2022-10-16,Kerala v Services,skip:inn1 runs 0/148 balls 0/120 wkts 0/8 | inn2 runs 0/136 balls 0/118 wkts 0/10,
54127,sma,4527,2022-10-16,Baroda v Bihar,skip:inn1 runs 0/156 balls 0/120 wkts 0/5 | inn2 runs 0/120 balls 0/120 wkts 0/8,
54129,sma,4527,2022-10-16,Bengal v Tamil Nadu,skip:inn1 runs 0/164 balls 0/120 wkts 0/6 | inn2 runs 0/121 balls 0/120 wkts 0/9,
54136,sma,4527,2022-10-16,Chandigarh v Odisha,skip:inn1 runs 0/179 balls 0/120 wkts 0/6 | inn2 runs 0/181 balls 0/120 wkts 0/9,
54141,sma,4527,2022-10-16,Madhya Pradesh v Railways,skip:inn1 runs 0/190 balls 0/120 wkts 0/5 | inn2 runs 0/176 balls 0/120 wkts 0/9,
54148,sma,4527,2022-10-16,Manipur v Uttar Pradesh,skip:inn1 runs 0/137 balls 0/120 wkts 0/4 | inn2 runs 0/138 balls 0/76 wkts 0/0,
54150,sma,4527,2022-10-16,Goa v Punjab,skip:inn1 runs 0/138 balls 0/120 wkts 0/7 | inn2 runs 0/142 balls 0/94 wkts 0/1,
54155,sma,4527,2022-10-16,Arunachal Pradesh v Haryana,skip:inn1 runs 0/190 balls 0/120 wkts 0/6 | inn2 runs 0/86 balls 0/120 wkts 0/8,
54157,sma,4527,2022-10-16,Jammu and Kashmir v Karnataka,skip:inn1 runs 0/147 balls 0/120 wkts 0/7 | inn2 runs 0/113 balls 0/110 wkts 0/10,
54164,sma,4527,2022-10-16,Chhattisgarh v Sikkim,skip:inn1 runs 0/52 balls 0/89 wkts 0/10 | inn2 runs 0/53 balls 0/37 wkts 0/1,
54176,sma,4527,2022-10-18,Assam v Railways,skip:inn1 runs 0/134 balls 0/120 wkts 0/5 | inn2 runs 0/135 balls 0/113 wkts 0/2,
54190,sma,4527,2022-10-18,Goa v Uttar Pradesh,skip:inn1 runs 0/131 balls 0/120 wkts 0/7 | inn2 runs 0/120 balls 0/120 wkts 0/8,
54197,sma,4527,2022-10-18,Arunachal Pradesh v Karnataka,skip:inn1 runs 0/75 balls 0/116 wkts 0/10 | inn2 runs 0/76 balls 0/41 wkts 0/0,
54199,sma,4527,2022-10-18,Haryana v Jammu and Kashmir,skip:inn1 runs 0/134 balls 0/120 wkts 0/6 | inn2 runs 0/138 balls 0/118 wkts 0/6,
54206,sma,4527,2022-10-18,Gujarat v Nagaland,skip:inn1 runs 0/119 balls 0/120 wkts 0/8 | inn2 runs 0/122 balls 0/59 wkts 0/1,
54213,sma,4527,2022-10-18,Chandigarh v Chhattisgarh,skip:inn1 runs 0/150 balls 0/120 wkts 0/6 | inn2 runs 0/156 balls 0/110 wkts 0/2,
54220,sma,4527,2022-10-18,Bengal v Sikkim,skip:inn1 runs 0/179 balls 0/120 wkts 0/6 | inn2 runs 0/95 balls 0/120 wkts 0/8,
54225,sma,4527,2022-10-18,Mumbai v Rajasthan,skip:inn1 runs 0/159 balls 0/120 wkts 0/6 | inn2 runs 0/139 balls 0/120 wkts 0/7,
54239,sma,4527,2022-10-18,Delhi v Hyderabad,skip:inn1 no commentary | inn2 runs 0/150 balls 0/115 wkts 0/10,
54246,sma,4527,2022-10-18,Meghalaya v Services,skip:inn1 runs 0/148 balls 0/120 wkts 0/5 | inn2 runs 0/151 balls 0/114 wkts 0/5,
54253,sma,4527,2022-10-18,Kerala v Maharashtra,skip:inn1 runs 0/167 balls 0/120 wkts 0/4 | inn2 runs 0/127 balls 0/120 wkts 0/8,
54267,sma,4527,2022-10-18,Jharkhand v Tamil Nadu,skip:inn1 runs 0/138 balls 0/120 wkts 0/10 | inn2 runs 0/126 balls 0/120 wkts 0/8,
54269,sma,4527,2022-10-20,Madhya Pradesh v Vidarbha,skip:inn1 runs 0/180 balls 0/120 wkts 0/5 | inn2 runs 0/158 balls 0/115 wkts 0/10,
54283,sma,4527,2022-10-20,Puducherry v Punjab,skip:inn1 runs 0/86 balls 0/120 wkts 0/9 | inn2 runs 0/87 balls 0/60 wkts 0/2,
54288,sma,4527,2022-10-20,Jammu and Kashmir v Kerala,skip:inn1 runs 0/184 balls 0/120 wkts 0/4 | inn2 runs 0/122 balls 0/114 wkts 0/10,
54290,sma,4527,2022-10-20,Karnataka v Services,skip:inn1 runs 0/129 balls 0/120 wkts 0/8 | inn2 runs 0/130 balls 0/109 wkts 0/2,
54304,sma,4527,2022-10-20,Bihar v Saurashtra,skip:inn1 runs 0/119 balls 0/118 wkts 0/10 | inn2 runs 0/124 balls 0/85 wkts 0/2,
54311,sma,4527,2022-10-20,Bengal v Chhattisgarh,skip:inn1 runs 0/161 balls 0/120 wkts 0/5 | inn2 runs 0/108 balls 0/113 wkts 0/10,
54318,sma,4527,2022-10-20,Chandigarh v Tamil Nadu,skip:inn1 runs 0/161 balls 0/120 wkts 0/6 | inn2 runs 0/105 balls 0/109 wkts 0/10,
54325,sma,4527,2022-10-20,Assam v Rajasthan,skip:inn1 runs 0/109 balls 0/120 wkts 0/8 | inn2 runs 0/112 balls 0/99 wkts 0/7,
54344,sma,4527,2022-10-20,Hyderabad v Uttar Pradesh,skip:inn1 runs 0/132 balls 0/120 wkts 0/9 | inn2 runs 0/133 balls 0/115 wkts 0/3,
54351,sma,4527,2022-10-20,Arunachal Pradesh v Meghalaya,skip:inn1 runs 0/167 balls 0/120 wkts 0/5 | inn2 runs 0/118 balls 0/120 wkts 0/8,
54353,sma,4527,2022-10-20,Haryana v Maharashtra,skip:inn1 runs 0/136 balls 0/120 wkts 0/5 | inn2 runs 0/138 balls 0/120 wkts 0/7,
54365,sma,4527,2022-10-20,Jharkhand v Odisha,skip:inn1 runs 0/188 balls 0/120 wkts 0/5 | inn2 runs 0/117 balls 0/116 wkts 0/10,
54367,sma,4527,2022-10-22,Mizoram v Rajasthan,skip:inn1 runs 0/183 balls 0/120 wkts 0/3 | inn2 runs 0/110 balls 0/120 wkts 0/7,
54381,sma,4527,2022-10-22,Hyderabad v Manipur,skip:inn1 runs 0/117 balls 0/119 wkts 0/10 | inn2 runs 0/120 balls 0/87 wkts 0/0,
54388,sma,4527,2022-10-22,Haryana v Karnataka,skip:inn1 runs 0/125 balls 0/120 wkts 0/9 | inn2 runs 0/129 balls 0/104 wkts 0/5,
54395,sma,4527,2022-10-22,Arunachal Pradesh v Maharashtra,skip:inn1 runs 0/162 balls 0/120 wkts 0/5 | inn2 runs 0/99 balls 0/120 wkts 0/9,
54407,sma,4527,2022-10-22,Andhra v Baroda,skip:inn1 runs 0/161 balls 0/120 wkts 0/6 | inn2 runs 0/150 balls 0/120 wkts 0/6,
54414,sma,4527,2022-10-22,Jharkhand v Sikkim,skip:inn1 runs 0/58 balls 0/102 wkts 0/10 | inn2 runs 0/61 balls 0/36 wkts 0/0,
54416,sma,4527,2022-10-22,Chhattisgarh v Odisha,skip:inn1 runs 0/167 balls 0/120 wkts 0/7 | inn2 runs 0/80 balls 0/105 wkts 0/10,
54423,sma,4527,2022-10-22,Mumbai v Uttarakhand,skip:inn1 runs 0/174 balls 0/120 wkts 0/5 | inn2 runs 0/172 balls 0/120 wkts 0/9,
54442,sma,4527,2022-10-22,Delhi v Tripura,skip:inn1 runs 0/134 balls 0/118 wkts 0/10 | inn2 runs 0/139 balls 0/103 wkts 0/4,
54449,sma,4527,2022-10-22,Jammu and Kashmir v Services,skip:inn1 runs 0/149 balls 0/120 wkts 0/6 | inn2 runs 0/152 balls 0/116 wkts 0/7,
54456,sma,4527,2022-10-22,Kerala v Meghalaya,skip:inn1 runs 0/100 balls 0/120 wkts 0/8 | inn2 runs 0/101 balls 0/74 wkts 0/5,
54463,sma,4527,2022-10-22,Bengal v Chandigarh,skip:inn1 runs 0/135 balls 0/120 wkts 0/8 | inn2 runs 0/138 balls 0/103 wkts 0/2,
54498,sma,4527,2022-11-01,Himachal Pradesh v Bengal,skip:inn1 runs 0/199 balls 0/120 wkts 0/6 | inn2 runs 0/200 balls 0/120 wkts 0/6,
75658,sma,6718,2023-10-16,Andhra v Goa,skip:inn1 runs 0/232 balls 0/120 wkts 0/6 | inn2 runs 0/201 balls 0/111 wkts 0/10,
75672,sma,6718,2023-10-16,Chhattisgarh v Mizoram,skip:inn1 runs 0/150 balls 0/120 wkts 0/8 | inn2 runs 0/106 balls 0/120 wkts 0/8,
75679,sma,6718,2023-10-16,Uttarakhand v Vidarbha,skip:inn1 runs 0/141 balls 0/78 wkts 0/3 | inn2 runs 0/145 balls 0/68 wkts 0/3,
75686,sma,6718,2023-10-16,Hyderabad v Meghalaya,skip:inn1 runs 0/119 balls 0/120 wkts 0/6 | inn2 runs 0/120 balls 0/80 wkts 0/1,
75693,sma,6718,2023-10-16,Bengal v Maharashtra,skip:inn1 runs 0/158 balls 0/120 wkts 0/6 | inn2 runs 0/159 balls 0/86 wkts 0/2,
75703,sma,6718,,,skip:no-scorecard,
75710,sma,6718,2023-10-16,Himachal Pradesh v Kerala,skip:inn1 runs 0/163 balls 0/120 wkts 0/8 | inn2 runs 0/128 balls 0/115 wkts 0/10,
75717,sma,6718,,,skip:no-scorecard,
75721,sma,6718,2023-10-16,Services v Sikkim,skip:inn1 runs 0/95 balls 0/120 wkts 0/8 | inn2 runs 0/98 balls 0/63 wkts 0/2,
75731,sma,6718,2023-10-16,Assam v Odisha,skip:inn1 runs 0/226 balls 0/120 wkts 0/2 | inn2 runs 0/215 balls 0/120 wkts 0/9,
75735,sma,6718,,,skip:no-scorecard,
75742,sma,6718,2023-10-16,Bihar v Chandigarh,skip:inn1 runs 0/171 balls 0/120 wkts 0/6 | inn2 runs 0/174 balls 0/102 wkts 0/1,
75756,sma,6718,2023-10-16,Arunachal Pradesh v Gujarat,skip:inn1 runs 0/126 balls 0/120 wkts 0/8 | inn2 runs 0/131 balls 0/46 wkts 0/4,
75763,sma,6718,2023-10-17,Hyderabad v Jammu and Kashmir,skip:inn1 runs 0/159 balls 0/120 wkts 0/8 | inn2 runs 0/160 balls 0/111 wkts 0/2,
75766,sma,6718,2023-10-17,Maharashtra v Uttarakhand,skip:inn1 runs 0/171 balls 0/100 wkts 0/2 | inn2 runs 0/105 balls 0/66 wkts 0/6,
75773,sma,6718,2023-10-17,Baroda v Mizoram,skip:inn1 runs 0/97 balls 0/120 wkts 0/7 | inn2 runs 0/98 balls 0/84 wkts 0/4,
75780,sma,6718,2023-10-17,Jharkhand v Puducherry,skip:inn1 runs 0/188 balls 0/120 wkts 0/4 | inn2 runs 0/189 balls 0/117 wkts 0/6,
75784,sma,6718,2023-10-17,Himachal Pradesh v Odisha,skip:inn1 runs 0/138 balls 0/120 wkts 0/7 | inn2 runs 0/140 balls 0/99 wkts 0/2,
75794,sma,6718,2023-10-17,Kerala v Services,skip:inn1 runs 0/189 balls 0/120 wkts 0/3 | inn2 runs 0/188 balls 0/120 wkts 0/5,
75801,sma,6718,2023-10-17,Tamil Nadu v Uttar Pradesh,skip:inn1 runs 0/146 balls 0/120 wkts 0/6 | inn2 runs 0/138 balls 0/120 wkts 0/5,
75808,sma,6718,2023-10-17,Assam v Bihar,skip:inn1 runs 0/200 balls 0/120 wkts 0/5 | inn2 runs 0/195 balls 0/120 wkts 0/4,
75822,sma,6718,2023-10-17,Chandigarh v Sikkim,skip:inn1 runs 0/90 balls 0/120 wkts 0/9 | inn2 runs 0/94 balls 0/61 wkts 0/2,
75836,sma,6718,2023-10-17,Goa v Manipur,skip:inn1 runs 0/122 balls 0/120 wkts 0/9 | inn2 runs 0/123 balls 0/98 wkts 0/4,
75850,sma,6718,2023-10-17,Arunachal Pradesh v Railways,skip:inn1 runs 0/246 balls 0/120 wkts 0/5 | inn2 runs 0/119 balls 0/109 wkts 0/10,
75857,sma,6718,2023-10-17,Bengal v Rajasthan,skip:inn1 runs 0/172 balls 0/120 wkts 0/7 | inn2 runs 0/143 balls 0/120 wkts 0/9,
75861,sma,6718,2023-10-19,Delhi v Nagaland,skip:inn1 runs 0/105 balls 0/120 wkts 0/9 | inn2 runs 0/107 balls 0/83 wkts 0/2,
75864,sma,6718,2023-10-19,Assam v Services,skip:inn1 runs 0/124 balls 0/118 wkts 0/10 | inn2 runs 0/128 balls 0/75 wkts 0/2,
75875,sma,6718,2023-10-19,Odisha v Sikkim,skip:inn1 runs 0/210 balls 0/120 wkts 0/5 | inn2 runs 0/106 balls 0/104 wkts 0/10,
75889,sma,6718,2023-10-19,Manipur v Saurashtra,skip:inn1 runs 0/240 balls 0/120 wkts 0/4 | inn2 runs 0/155 balls 0/120 wkts 0/5,
75899,sma,6718,2023-10-19,Baroda v Mumbai,ok,
75903,sma,6718,2023-10-19,Andhra v Arunachal Pradesh,skip:inn1 runs 0/228 balls 0/120 wkts 0/4 | inn2 runs 0/83 balls 0/120 wkts 0/8,
75906,sma,6718,2023-10-19,Haryana v Jammu and Kashmir,skip:inn1 runs 0/178 balls 0/120 wkts 0/3 | inn2 runs 0/105 balls 0/105 wkts 0/10,
75913,sma,6718,2023-10-19,Rajasthan v Vidarbha,skip:inn1 runs 0/200 balls 0/120 wkts 0/6 | inn2 runs 0/205 balls 0/119 wkts 0/4,
75924,sma,6718,2023-10-19,Bengal v Puducherry,skip:inn1 runs 0/225 balls 0/120 wkts 0/3 | inn2 runs 0/163 balls 0/119 wkts 0/10,
75931,sma,6718,2023-10-19,Meghalaya v Mizoram,skip:inn1 runs 0/163 balls 0/120 wkts 0/6 | inn2 runs 0/143 balls 0/120 wkts 0/7,
75934,sma,6718,2023-10-19,Jharkhand v Uttarakhand,skip:inn1 runs 0/178 balls 0/120 wkts 0/7 | inn2 runs 0/178 balls 0/120 wkts 0/3,
75941,sma,6718,2023-10-19,Chandigarh v Himachal Pradesh,skip:inn1 runs 0/138 balls 0/120 wkts 0/9 | inn2 runs 0/139 balls 0/104 wkts 0/4,
75955,sma,6718,2023-10-19,Bihar v Kerala,skip:inn1 runs 0/111 balls 0/120 wkts 0/10 | inn2 runs 0/117 balls 0/78 wkts 0/4,
76185,sma,6718,2023-10-21,Chhattisgarh v Meghalaya,skip:inn1 runs 0/162 balls 0/120 wkts 0/7 | inn2 runs 0/96 balls 0/120 wkts 0/9,
76192,sma,6718,2023-10-21,Bihar v Himachal Pradesh,skip:inn1 runs 0/163 balls 0/120 wkts 0/7 | inn2 runs 0/168 balls 0/82 wkts 0/2,
76199,sma,6718,2023-10-21,Odisha v Services,skip:inn1 runs 0/142 balls 0/120 wkts 0/8 | inn2 runs 0/146 balls 0/119 wkts 0/7,
76213,sma,6718,2023-10-21,Andhra v Gujarat,skip:inn1 runs 0/165 balls 0/116 wkts 0/10 | inn2 runs 0/166 balls 0/106 wkts 0/2,
76220,sma,6718,2023-10-21,Bengal v Vidarbha,skip:inn1 runs 0/212 balls 0/120 wkts 0/8 | inn2 runs 0/214 balls 0/107 wkts 0/3,
76227,sma,6718,2023-10-21,Jharkhand v Rajasthan,skip:inn1 runs 0/161 balls 0/120 wkts 0/8 | inn2 runs 0/143 balls 0/120 wkts 0/7,
76241,sma,6718,2023-10-21,Madhya Pradesh v Tripura,skip:inn1 runs 0/168 balls 0/120 wkts 0/5 | inn2 runs 0/131 balls 0/118 wkts 0/10,
76255,sma,6718,2023-10-21,Baroda v Haryana,skip:inn1 runs 0/155 balls 0/120 wkts 0/6 | inn2 runs 0/156 balls 0/114 wkts 0/5,
76262,sma,6718,2023-10-21,Assam v Sikkim,skip:inn1 runs 0/217 balls 0/120 wkts 0/5 | inn2 runs 0/117 balls 0/115 wkts 0/10,
76269,sma,6718,2023-10-21,Chandigarh v Kerala,skip:inn1 runs 0/193 balls 0/120 wkts 0/4 | inn2 runs 0/186 balls 0/120 wkts 0/6,
76283,sma,6718,2023-10-21,Railways v Saurashtra,skip:inn1 runs 0/198 balls 0/120 wkts 0/7 | inn2 runs 0/199 balls 0/120 wkts 0/7,
76290,sma,6718,2023-10-21,Maharashtra v Puducherry,skip:inn1 runs 0/141 balls 0/120 wkts 0/7 | inn2 runs 0/142 balls 0/85 wkts 0/2,
76311,sma,6718,2023-10-23,Baroda v Hyderabad,skip:inn1 runs 0/186 balls 0/120 wkts 0/6 | inn2 runs 0/187 balls 0/110 wkts 0/4,
76318,sma,6718,2023-10-23,Kerala v Sikkim,skip:inn1 runs 0/221 balls 0/120 wkts 0/3 | inn2 runs 0/89 balls 0/120 wkts 0/9,
76325,sma,6718,2023-10-23,Assam v Chandigarh,skip:inn1 runs 0/187 balls 0/120 wkts 0/6 | inn2 runs 0/191 balls 0/107 wkts 0/4,
76339,sma,6718,2023-10-23,Goa v Railways,skip:inn1 runs 0/199 balls 0/120 wkts 0/7 | inn2 runs 0/200 balls 0/117 wkts 0/8,
76346,sma,6718,2023-10-23,Jharkhand v Maharashtra,skip:inn1 runs 0/192 balls 0/120 wkts 0/4 | inn2 runs 0/169 balls 0/120 wkts 0/8,
76353,sma,6718,2023-10-23,Puducherry v Vidarbha,skip:inn1 runs 0/177 balls 0/120 wkts 0/7 | inn2 runs 0/74 balls 0/90 wkts 0/10,
76367,sma,6718,2023-10-23,Karnataka v Nagaland,skip:inn1 runs 0/67 balls 0/120 wkts 0/9 | inn2 runs 0/68 balls 0/47 wkts 0/1,
76381,sma,6718,2023-10-23,Chhattisgarh v Mumbai,skip:inn1 runs 0/143 balls 0/120 wkts 0/7 | inn2 runs 0/146 balls 0/91 wkts 0/3,
76388,sma,6718,2023-10-23,Bihar v Odisha,skip:inn1 runs 0/118 balls 0/120 wkts 0/10 | inn2 runs 0/124 balls 0/113 wkts 0/3,
76395,sma,6718,2023-10-23,Himachal Pradesh v Services,skip:inn1 runs 0/225 balls 0/120 wkts 0/3 | inn2 runs 0/206 balls 0/120 wkts 0/8,
76409,sma,6718,2023-10-23,Gujarat v Punjab,skip:inn1 runs 0/233 balls 0/120 wkts 0/5 | inn2 runs 0/197 balls 0/120 wkts 0/7,
76416,sma,6718,2023-10-23,Bengal v Uttarakhand,skip:inn1 runs 0/161 balls 0/120 wkts 0/7 | inn2 runs 0/162 balls 0/104 wkts 0/2,
78243,sma,6718,2023-10-25,Haryana v Meghalaya,skip:inn1 runs 0/94 balls 0/115 wkts 0/10 | inn2 runs 0/96 balls 0/99 wkts 0/5,
78250,sma,6718,2023-10-25,Chandigarh v Services,skip:inn1 runs 0/127 balls 0/120 wkts 0/8 | inn2 runs 0/133 balls 0/116 wkts 0/7,
78257,sma,6718,2023-10-25,Bihar v Sikkim,skip:inn1 runs 0/182 balls 0/120 wkts 0/2 | inn2 runs 0/112 balls 0/107 wkts 0/10,
78264,sma,6718,2023-10-25,Kerala v Odisha,skip:inn1 runs 0/183 balls 0/120 wkts 0/4 | inn2 runs 0/133 balls 0/109 wkts 0/10,
78278,sma,6718,2023-10-25,Andhra v Saurashtra,skip:inn1 runs 0/152 balls 0/120 wkts 0/9 | inn2 runs 0/156 balls 0/106 wkts 0/3,
78285,sma,6718,2023-10-25,Maharashtra v Vidarbha,skip:inn1 runs 0/177 balls 0/120 wkts 0/9 | inn2 runs 0/180 balls 0/97 wkts 0/2,
78292,sma,6718,2023-10-25,Bengal v Jharkhand,skip:inn1 runs 0/177 balls 0/120 wkts 0/8 | inn2 runs 0/172 balls 0/120 wkts 0/5,
78306,sma,6718,2023-10-25,Delhi v Tripura,skip:inn1 runs 0/169 balls 0/120 wkts 0/4 | inn2 runs 0/83 balls 0/85 wkts 0/10,
78320,sma,6718,2023-10-25,Hyderabad v Mumbai,skip:inn1 runs 0/155 balls 0/120 wkts 0/5 | inn2 runs 0/132 balls 0/120 wkts 0/8,
78327,sma,6718,2023-10-25,Assam v Himachal Pradesh,skip:inn1 runs 0/231 balls 0/120 wkts 0/4 | inn2 runs 0/229 balls 0/120 wkts 0/6,
78334,sma,6718,2023-10-25,Arunachal Pradesh v Manipur,ok,
78341,sma,6718,2023-10-25,Goa v Punjab,skip:inn1 runs 0/169 balls 0/120 wkts 0/9 | inn2 runs 0/113 balls 0/97 wkts 0/10,
78348,sma,6718,2023-10-25,Rajasthan v Uttarakhand,skip:inn1 runs 0/160 balls 0/119 wkts 0/10 | inn2 runs 0/164 balls 0/116 wkts 0/6,
78362,sma,6718,2023-10-27,Haryana v Hyderabad,skip:inn1 runs 0/139 balls 0/120 wkts 0/9 | inn2 runs 0/141 balls 0/94 wkts 0/5,
78369,sma,6718,2023-10-27,Mizoram v Mumbai,skip:inn1 runs 0/76 balls 0/111 wkts 0/10 | inn2 runs 0/77 balls 0/36 wkts 0/1,
78376,sma,6718,2023-10-27,Assam v Kerala,skip:inn1 runs 0/127 balls 0/120 wkts 0/6 | inn2 runs 0/130 balls 0/117 wkts 0/8,
78383,sma,6718,2023-10-27,Himachal Pradesh v Sikkim,skip:inn1 runs 0/234 balls 0/120 wkts 0/4 | inn2 runs 0/94 balls 0/120 wkts 0/8,
78390,sma,6718,2023-10-27,Goa v Saurashtra,skip:inn1 runs 0/161 balls 0/120 wkts 0/5 | inn2 runs 0/167 balls 0/120 wkts 0/6,
78397,sma,6718,2023-10-27,Arunachal Pradesh v Punjab,skip:inn1 runs 0/116 balls 0/120 wkts 0/5 | inn2 runs 0/118 balls 0/52 wkts 0/1,
78404,sma,6718,2023-10-27,Puducherry v Uttarakhand,skip:inn1 runs 0/132 balls 0/120 wkts 0/8 | inn2 runs 0/133 balls 0/97 wkts 0/1,
78411,sma,6718,2023-10-27,Maharashtra v Rajasthan,skip:inn1 runs 0/181 balls 0/120 wkts 0/4 | inn2 runs 0/128 balls 0/120 wkts 0/9,
78418,sma,6718,2023-10-27,Nagaland v Tamil Nadu,ok,
78425,sma,6718,2023-10-27,Madhya Pradesh v Uttar Pradesh,skip:inn1 runs 0/135 balls 0/120 wkts 0/7 | inn2 runs 0/136 balls 0/116 wkts 0/6,
78432,sma,6718,2023-10-27,Baroda v Meghalaya,ok,
78439,sma,6718,2023-10-27,Chhattisgarh v Jammu and Kashmir,skip:inn1 runs 0/185 balls 0/119 wkts 0/10 | inn2 runs 0/150 balls 0/120 wkts 0/10,
78446,sma,6718,2023-10-27,Chandigarh v Odisha,skip:inn1 runs 0/154 balls 0/120 wkts 0/7 | inn2 runs 0/137 balls 0/118 wkts 0/10,
78453,sma,6718,2023-10-27,Bihar v Services,skip:inn1 runs 0/126 balls 0/120 wkts 0/9 | inn2 runs 0/130 balls 0/89 wkts 0/3,
78460,sma,6718,2023-10-27,Andhra v Railways,ok,
78467,sma,6718,2023-10-27,Gujarat v Manipur,skip:inn1 runs 0/137 balls 0/107 wkts 0/10 | inn2 runs 0/139 balls 0/79 wkts 0/4,
78474,sma,6718,2023-10-27,Jharkhand v Vidarbha,skip:inn1 runs 0/192 balls 0/120 wkts 0/10 | inn2 runs 0/179 balls 0/120 wkts 0/9,
78481,sma,6718,2023-10-27,Karnataka v Tripura,ok,
78516,sma,6718,2023-11-02,Mumbai v Baroda,ok,
78523,sma,6718,2023-11-02,Delhi v Vidarbha,ok,
98186,sma,8364,2024-11-23,Madhya Pradesh v Mizoram,skip:inn1 runs 0/216 balls 0/120 wkts 0/6 | inn2 runs 0/114 balls 0/120 wkts 0/9,
98195,sma,8364,2024-11-23,Hyderabad v Meghalaya,skip:inn1 runs 0/248 balls 0/120 wkts 0/4 | inn2 runs 0/69 balls 0/91 wkts 0/10,
98204,sma,8364,2024-11-23,Tamil Nadu v Tripura,skip:inn1 runs 0/234 balls 0/120 wkts 0/5 | inn2 runs 0/191 balls 0/120 wkts 0/9,
98213,sma,8364,2024-11-23,Saurashtra v Sikkim,skip:inn1 runs 0/157 balls 0/120 wkts 0/9 | inn2 runs 0/103 balls 0/120 wkts 0/6,
98222,sma,8364,2024-11-23,Haryana v Manipur,skip:inn1 runs 0/86 balls 0/115 wkts 0/10 | inn2 runs 0/90 balls 0/40 wkts 0/2,
98224,sma,8364,2024-11-23,Arunachal Pradesh v Himachal Pradesh,skip:inn1 runs 0/77 balls 0/108 wkts 0/10 | inn2 runs 0/79 balls 0/32 wkts 0/2,
98229,sma,8364,2024-11-23,Assam v Railways,skip:inn1 runs 0/127 balls 0/117 wkts 0/10 | inn2 runs 0/129 balls 0/112 wkts 0/7,
98233,sma,8364,2024-11-23,Chandigarh v Puducherry,skip:inn1 runs 0/183 balls 0/120 wkts 0/5 | inn2 runs 0/184 balls 0/115 wkts 0/5,
98238,sma,8364,2024-11-23,Maharashtra v Nagaland,skip:inn1 runs 0/150 balls 0/120 wkts 0/4 | inn2 runs 0/151 balls 0/91 wkts 0/3,
98247,sma,8364,2024-11-23,Goa v Mumbai,skip:inn1 runs 0/250 balls 0/120 wkts 0/4 | inn2 runs 0/224 balls 0/120 wkts 0/8,
98249,sma,8364,2024-11-23,Bengal v Punjab,skip:inn1 runs 0/179 balls 0/118 wkts 0/10 | inn2 runs 0/181 balls 0/114 wkts 0/6,
98258,sma,8364,2024-11-23,Bihar v Rajasthan,skip:inn1 runs 0/224 balls 0/120 wkts 0/4 | inn2 runs 0/116 balls 0/120 wkts 0/8,
98267,sma,8364,2024-11-23,Baroda v Gujarat,skip:inn1 runs 0/184 balls 0/120 wkts 0/5 | inn2 runs 0/188 balls 0/117 wkts 0/5,
98276,sma,8364,2024-11-23,Karnataka v Uttarakhand,skip:inn1 runs 0/215 balls 0/120 wkts 0/5 | inn2 runs 0/209 balls 0/119 wkts 0/10,
98285,sma,8364,2024-11-23,Delhi v Uttar Pradesh,skip:inn1 runs 0/233 balls 0/120 wkts 0/3 | inn2 runs 0/186 balls 0/120 wkts 0/8,
98294,sma,8364,2024-11-23,Jammu and Kashmir v Jharkhand,skip:inn1 runs 0/224 balls 0/120 wkts 0/4 | inn2 runs 0/199 balls 0/120 wkts 0/9,
98303,sma,8364,2024-11-23,Vidarbha v Odisha,skip:inn1 runs 0/216 balls 0/120 wkts 0/6 | inn2 runs 0/183 balls 0/115 wkts 0/10,
98312,sma,8364,2024-11-23,Kerala v Services,skip:inn1 runs 0/149 balls 0/120 wkts 0/9 | inn2 runs 0/153 balls 0/109 wkts 0/7,
98321,sma,8364,2024-11-25,Bihar v Punjab,skip:inn1 runs 0/113 balls 0/120 wkts 0/6 | inn2 runs 0/114 balls 0/58 wkts 0/4,
98330,sma,8364,2024-11-25,Mizoram v Rajasthan,skip:inn1 runs 0/217 balls 0/120 wkts 0/6 | inn2 runs 0/155 balls 0/120 wkts 0/5,
98339,sma,8364,2024-11-25,Baroda v Uttarakhand,skip:inn1 runs 0/165 balls 0/120 wkts 0/7 | inn2 runs 0/168 balls 0/112 wkts 0/5,
98346,sma,8364,2024-11-25,Karnataka v Tripura,skip:inn1 runs 0/185 balls 0/120 wkts 0/5 | inn2 runs 0/191 balls 0/117 wkts 0/5,
98350,sma,8364,2024-11-25,Delhi v Jammu and Kashmir,skip:inn1 runs 0/161 balls 0/120 wkts 0/4 | inn2 runs 0/126 balls 0/118 wkts 0/10,
98355,sma,8364,2024-11-25,Jharkhand v Manipur,skip:inn1 runs 0/243 balls 0/120 wkts 0/4 | inn2 runs 0/155 balls 0/120 wkts 0/6,
98359,sma,8364,2024-11-25,Chandigarh v Vidarbha,skip:inn1 runs 0/191 balls 0/120 wkts 0/9 | inn2 runs 0/186 balls 0/120 wkts 0/9,
98364,sma,8364,2024-11-25,Odisha v Railways,skip:inn1 runs 0/194 balls 0/120 wkts 0/5 | inn2 runs 0/198 balls 0/113 wkts 0/3,
98368,sma,8364,2024-11-25,Kerala v Maharashtra,skip:inn1 runs 0/187 balls 0/120 wkts 0/7 | inn2 runs 0/189 balls 0/119 wkts 0/6,
98373,sma,8364,2024-11-25,Goa v Services,skip:inn1 runs 0/187 balls 0/120 wkts 0/7 | inn2 runs 0/165 balls 0/120 wkts 0/5,
98375,sma,8364,2024-11-25,Bengal v Hyderabad,skip:inn1 runs 0/137 balls 0/111 wkts 0/10 | inn2 runs 0/138 balls 0/107 wkts 0/2,
98384,sma,8364,2024-11-25,Madhya Pradesh v Meghalaya,skip:inn1 runs 0/222 balls 0/120 wkts 0/5 | inn2 runs 0/121 balls 0/118 wkts 0/10,
98393,sma,8364,2024-11-25,Gujarat v Saurashtra,skip:inn1 runs 0/196 balls 0/120 wkts 0/4 | inn2 runs 0/199 balls 0/116 wkts 0/5,
98402,sma,8364,2024-11-25,Sikkim v Tamil Nadu,skip:inn1 runs 0/218 balls 0/120 wkts 0/6 | inn2 runs 0/84 balls 0/120 wkts 0/7,
98411,sma,8364,2024-11-25,Himachal Pradesh v Uttar Pradesh,skip:inn1 runs 0/100 balls 0/110 wkts 0/10 | inn2 runs 0/104 balls 0/81 wkts 0/3,
98420,sma,8364,2024-11-25,Arunachal Pradesh v Haryana,skip:inn1 runs 0/255 balls 0/120 wkts 0/2 | inn2 runs 0/80 balls 0/102 wkts 0/10,
98427,sma,8364,2024-11-25,Chhattisgarh v Puducherry,skip:inn1 runs 0/166 balls 0/120 wkts 0/7 | inn2 runs 0/168 balls 0/116 wkts 0/4,
98436,sma,8364,2024-11-25,Andhra v Nagaland,skip:inn1 runs 0/77 balls 0/103 wkts 0/10 | inn2 runs 0/79 balls 0/58 wkts 0/2,
98438,sma,8364,2024-11-27,Hyderabad v Rajasthan,skip:inn1 runs 0/187 balls 0/120 wkts 0/8 | inn2 runs 0/163 balls 0/120 wkts 0/8,
98447,sma,8364,2024-11-27,Bengal v Mizoram,skip:inn1 runs 0/157 balls 0/120 wkts 0/4 | inn2 runs 0/158 balls 0/93 wkts 0/2,
98454,sma,8364,2024-11-27,Karnataka v Saurashtra,skip:inn1 runs 0/171 balls 0/120 wkts 0/8 | inn2 runs 0/173 balls 0/109 wkts 0/5,
98458,sma,8364,2024-11-27,Gujarat v Tripura,skip:inn1 runs 0/155 balls 0/120 wkts 0/8 | inn2 runs 0/156 balls 0/62 wkts 0/2,
98465,sma,8364,2024-11-27,Himachal Pradesh v Jharkhand,skip:inn1 runs 0/177 balls 0/120 wkts 0/6 | inn2 runs 0/135 balls 0/120 wkts 0/9,
98474,sma,8364,2024-11-27,Manipur v Uttar Pradesh,skip:inn1 runs 0/110 balls 0/120 wkts 0/8 | inn2 runs 0/112 balls 0/68 wkts 0/3,
98483,sma,8364,2024-11-27,Chhattisgarh v Railways,skip:inn1 runs 0/159 balls 0/120 wkts 0/5 | inn2 runs 0/160 balls 0/119 wkts 0/7,
98490,sma,8364,2024-11-27,Vidarbha v Puducherry,skip:inn1 runs 0/136 balls 0/118 wkts 0/10 | inn2 runs 0/139 balls 0/75 wkts 0/3,
98492,sma,8364,2024-11-27,Andhra v Goa,skip:inn1 runs 0/154 balls 0/120 wkts 0/5 | inn2 runs 0/155 balls 0/94 wkts 0/2,
98501,sma,8364,2024-11-27,Kerala v Nagaland,skip:inn1 runs 0/120 balls 0/120 wkts 0/8 | inn2 runs 0/121 balls 0/68 wkts 0/2,
98508,sma,8364,2024-11-27,Madhya Pradesh v Punjab,skip:inn1 runs 0/188 balls 0/120 wkts 0/8 | inn2 runs 0/179 balls 0/120 wkts 0/7,
98517,sma,8364,2024-11-27,Bihar v Meghalaya,skip:inn1 runs 0/169 balls 0/120 wkts 0/7 | inn2 runs 0/161 balls 0/120 wkts 0/8,
98526,sma,8364,2024-11-27,Baroda v Tamil Nadu,skip:inn1 runs 0/221 balls 0/120 wkts 0/6 | inn2 runs 0/222 balls 0/120 wkts 0/7,
98530,sma,8364,2024-11-27,Sikkim v Uttarakhand,skip:inn1 runs 0/86 balls 0/120 wkts 0/7 | inn2 runs 0/90 balls 0/43 wkts 0/2,
98539,sma,8364,2024-11-27,Delhi v Haryana,skip:inn1 runs 0/117 balls 0/104 wkts 0/10 | inn2 runs 0/119 balls 0/92 wkts 0/4,
98548,sma,8364,2024-11-27,Arunachal Pradesh v Jammu and Kashmir,skip:inn1 runs 0/32 balls 0/55 wkts 0/10 | inn2 runs 0/34 balls 0/18 wkts 0/0,
98557,sma,8364,2024-11-27,Assam v Chandigarh,skip:inn1 runs 0/150 balls 0/115 wkts 0/10 | inn2 runs 0/139 balls 0/115 wkts 0/10,
98564,sma,8364,2024-11-27,Maharashtra v Mumbai,skip:inn1 runs 0/171 balls 0/120 wkts 0/9 | inn2 runs 0/172 balls 0/103 wkts 0/5,
98571,sma,8364,2024-11-29,Mizoram v Punjab,skip:inn1 no commentary | inn2 runs 0/176 balls 0/120 wkts 0/7,
98575,sma,8364,2024-11-29,Bihar v Hyderabad,skip:inn1 runs 0/118 balls 0/120 wkts 0/9 | inn2 runs 0/119 balls 0/75 wkts 0/1,
98580,sma,8364,2024-11-29,Baroda v Tripura,skip:inn1 no commentary | inn2 runs 0/115 balls 0/68 wkts 0/3,
98582,sma,8364,2024-11-29,Saurashtra v Uttarakhand,skip:inn1 runs 0/186 balls 0/120 wkts 0/7 | inn2 runs 0/143 balls 0/120 wkts 0/6,
98591,sma,8364,2024-11-29,Delhi v Manipur,skip:inn1 no commentary | inn2 no commentary,
98598,sma,8364,2024-11-29,Himachal Pradesh v Jammu and Kashmir,skip:inn1 runs 0/173 balls 0/120 wkts 0/8 | inn2 runs 0/177 balls 0/117 wkts 0/7,
98602,sma,8364,2024-11-29,Assam v Vidarbha,skip:inn1 runs 0/123 balls 0/115 wkts 0/10 | inn2 runs 0/124 balls 0/84 wkts 0/2,
98611,sma,8364,2024-11-29,Chandigarh v Chhattisgarh,skip:inn1 runs 0/176 balls 0/120 wkts 0/9 | inn2 runs 0/177 balls 0/100 wkts 0/1,
98616,sma,8364,2024-11-29,Kerala v Mumbai,skip:inn1 runs 0/234 balls 0/120 wkts 0/5 | inn2 runs 0/191 balls 0/120 wkts 0/9,
98618,sma,8364,2024-11-29,Andhra v Maharashtra,skip:inn1 runs 0/174 balls 0/120 wkts 0/7 | inn2 runs 0/99 balls 0/94 wkts 0/10,
98625,sma,8364,2024-11-29,Meghalaya v Rajasthan,skip:inn1 runs 0/91 balls 0/109 wkts 0/10 | inn2 runs 0/92 balls 0/55 wkts 0/1,
98634,sma,8364,2024-11-29,Bengal v Madhya Pradesh,skip:inn1 runs 0/189 balls 0/120 wkts 0/9 | inn2 runs 0/190 balls 0/118 wkts 0/4,
98643,sma,8364,2024-11-29,Karnataka v Sikkim,skip:inn1 runs 0/82 balls 0/110 wkts 0/10 | inn2 runs 0/86 balls 0/34 wkts 0/2,
98652,sma,8364,2024-11-29,Gujarat v Tamil Nadu,skip:inn1 runs 0/133 balls 0/120 wkts 0/9 | inn2 runs 0/114 balls 0/113 wkts 0/10,
98656,sma,8364,2024-11-29,Arunachal Pradesh v Jharkhand,skip:inn1 runs 0/93 balls 0/120 wkts 0/10 | inn2 runs 0/94 balls 0/27 wkts 0/0,
98665,sma,8364,2024-11-29,Haryana v Uttar Pradesh,skip:inn1 runs 0/133 balls 0/120 wkts 0/9 | inn2 runs 0/134 balls 0/107 wkts 0/6,
98674,sma,8364,2024-11-29,Odisha v Puducherry,skip:inn1 runs 0/91 balls 0/36 wkts 0/2 | inn2 runs 0/75 balls 0/36 wkts 0/2,
98679,sma,8364,2024-11-29,Nagaland v Services,skip:inn1 runs 0/212 balls 0/120 wkts 0/7 | inn2 runs 0/106 balls 0/120 wkts 0/8,
98688,sma,8364,2024-12-01,Bengal v Meghalaya,skip:inn1 runs 0/127 balls 0/120 wkts 0/6 | inn2 runs 0/128 balls 0/71 wkts 0/4,
98690,sma,8364,2024-12-01,Madhya Pradesh v Rajasthan,skip:inn1 runs 0/139 balls 0/120 wkts 0/8 | inn2 runs 0/143 balls 0/98 wkts 0/4,
98699,sma,8364,2024-12-01,Gujarat v Sikkim,skip:inn1 runs 0/101 balls 0/120 wkts 0/6 | inn2 runs 0/102 balls 0/102 wkts 0/4,
98708,sma,8364,2024-12-01,Karnataka v Tamil Nadu,skip:inn1 runs 0/90 balls 0/120 wkts 0/10 | inn2 runs 0/93 balls 0/69 wkts 0/3,
98717,sma,8364,2024-12-01,Arunachal Pradesh v Uttar Pradesh,skip:inn1 runs 0/242 balls 0/120 wkts 0/4 | inn2 runs 0/86 balls 0/120 wkts 0/5,
98726,sma,8364,2024-12-01,Haryana v Jharkhand,skip:inn1 runs 0/111 balls 0/96 wkts 0/8 | inn2 runs 0/113 balls 0/96 wkts 0/9,
98728,sma,8364,,,skip:no-scorecard,
98735,sma,8364,2024-12-01,Assam v Puducherry,skip:inn1 runs 0/125 balls 0/72 wkts 0/5 | inn2 runs 0/96 balls 0/54 wkts 0/3,
98744,sma,8364,2024-12-01,Andhra v Services,skip:inn1 runs 0/222 balls 0/120 wkts 0/8 | inn2 runs 0/199 balls 0/120 wkts 0/9,
98753,sma,8364,2024-12-01,Nagaland v Mumbai,skip:inn1 runs 0/107 balls 0/118 wkts 0/10 | inn2 runs 0/108 balls 0/73 wkts 0/3,
98755,sma,8364,2024-12-01,Bihar v Mizoram,skip:inn1 runs 0/199 balls 0/120 wkts 0/2 | inn2 runs 0/96 balls 0/90 wkts 0/10,
98762,sma,8364,2024-12-01,Hyderabad v Punjab,skip:inn1 runs 0/196 balls 0/120 wkts 0/6 | inn2 runs 0/189 balls 0/120 wkts 0/10,
98764,sma,8364,2024-12-01,Tripura v Uttarakhand,skip:inn1 runs 0/150 balls 0/120 wkts 0/7 | inn2 runs 0/154 balls 0/86 wkts 0/2,
98773,sma,8364,2024-12-01,Baroda v Saurashtra,skip:inn1 runs 0/266 balls 0/120 wkts 0/6 | inn2 runs 0/188 balls 0/120 wkts 0/8,
98782,sma,8364,2024-12-01,Jammu and Kashmir v Manipur,skip:inn1 runs 0/110 balls 0/120 wkts 0/8 | inn2 runs 0/113 balls 0/118 wkts 0/8,
98789,sma,8364,2024-12-01,Delhi v Himachal Pradesh,skip:inn1 runs 0/145 balls 0/120 wkts 0/8 | inn2 runs 0/149 balls 0/89 wkts 0/5,
98798,sma,8364,,,skip:no-scorecard,
98807,sma,8364,2024-12-01,Goa v Kerala,skip:inn1 runs 0/143 balls 0/78 wkts 0/6 | inn2 runs 0/69 balls 0/47 wkts 0/2,
98816,sma,8364,2024-12-03,Hyderabad v Madhya Pradesh,skip:inn1 runs 0/178 balls 0/120 wkts 0/8 | inn2 runs 0/171 balls 0/120 wkts 0/9,
98818,sma,8364,2024-12-03,Bengal v Bihar,skip:inn1 runs 0/147 balls 0/120 wkts 0/6 | inn2 runs 0/150 balls 0/84 wkts 0/1,
98825,sma,8364,2024-12-03,Saurashtra v Tamil Nadu,skip:inn1 runs 0/235 balls 0/120 wkts 0/5 | inn2 runs 0/177 balls 0/120 wkts 0/9,
98827,sma,8364,2024-12-03,Gujarat v Uttarakhand,skip:inn1 runs 0/182 balls 0/120 wkts 0/7 | inn2 runs 0/185 balls 0/79 wkts 0/2,
98836,sma,8364,2024-12-03,Haryana v Himachal Pradesh,skip:inn1 runs 0/152 balls 0/120 wkts 0/7 | inn2 runs 0/154 balls 0/116 wkts 0/3,
98845,sma,8364,2024-12-03,Jammu and Kashmir v Uttar Pradesh,skip:inn1 runs 0/157 balls 0/120 wkts 0/6 | inn2 runs 0/160 balls 0/115 wkts 0/4,
98850,sma,8364,2024-12-03,Assam v Odisha,skip:inn1 runs 0/120 balls 0/54 wkts 0/7 | inn2 runs 0/57 balls 0/49 wkts 0/9,
98859,sma,8364,2024-12-03,Chhattisgarh v Vidarbha,skip:inn1 runs 0/206 balls 0/120 wkts 0/5 | inn2 runs 0/190 balls 0/119 wkts 0/10,
98863,sma,8364,2024-12-03,Services v Mumbai,skip:inn1 runs 0/192 balls 0/120 wkts 0/4 | inn2 runs 0/153 balls 0/117 wkts 0/10,
98870,sma,8364,2024-12-03,Andhra v Kerala,skip:inn1 runs 0/87 balls 0/109 wkts 0/10 | inn2 runs 0/88 balls 0/78 wkts 0/4,
98872,sma,8364,2024-12-03,Meghalaya v Mizoram,skip:inn1 runs 0/111 balls 0/120 wkts 0/8 | inn2 runs 0/112 balls 0/104 wkts 0/4,
98879,sma,8364,2024-12-03,Punjab v Rajasthan,skip:inn1 runs 0/161 balls 0/120 wkts 0/9 | inn2 runs 0/162 balls 0/106 wkts 0/5,
98881,sma,8364,2024-12-03,Sikkim v Tripura,skip:inn1 runs 0/91 balls 0/117 wkts 0/10 | inn2 runs 0/92 balls 0/60 wkts 0/2,
98890,sma,8364,2024-12-03,Baroda v Karnataka,skip:inn1 runs 0/169 balls 0/120 wkts 0/8 | inn2 runs 0/172 balls 0/113 wkts 0/6,
98899,sma,8364,2024-12-03,Arunachal Pradesh v Manipur,skip:inn1 runs 0/119 balls 0/120 wkts 0/9 | inn2 runs 0/99 balls 0/119 wkts 0/10,
98904,sma,8364,2024-12-03,Delhi v Jharkhand,skip:inn1 runs 0/154 balls 0/120 wkts 0/8 | inn2 runs 0/157 balls 0/114 wkts 0/5,
98908,sma,8364,2024-12-03,Chandigarh v Railways,skip:inn1 runs 0/162 balls 0/120 wkts 0/7 | inn2 runs 0/163 balls 0/112 wkts 0/5,
98913,sma,8364,2024-12-03,Goa v Maharashtra,skip:inn1 runs 0/193 balls 0/120 wkts 0/6 | inn2 runs 0/194 balls 0/117 wkts 0/6,
98922,sma,8364,2024-12-05,Bengal v Rajasthan,skip:inn1 runs 0/153 balls 0/120 wkts 0/9 | inn2 runs 0/154 balls 0/111 wkts 0/3,
98924,sma,8364,2024-12-05,Meghalaya v Punjab,skip:inn1 runs 0/142 balls 0/120 wkts 0/7 | inn2 runs 0/144 balls 0/57 wkts 0/3,
98926,sma,8364,2024-12-05,Gujarat v Karnataka,skip:inn1 runs 0/251 balls 0/120 wkts 0/5 | inn2 runs 0/203 balls 0/115 wkts 0/10,
98935,sma,8364,2024-12-05,Baroda v Sikkim,skip:inn1 runs 0/349 balls 0/120 wkts 0/5 | inn2 runs 0/86 balls 0/120 wkts 0/7,
98942,sma,8364,2024-12-05,Jharkhand v Uttar Pradesh,skip:inn1 runs 0/160 balls 0/120 wkts 0/8 | inn2 runs 0/150 balls 0/119 wkts 0/10,
98951,sma,8364,2024-12-05,Arunachal Pradesh v Delhi,skip:inn1 runs 0/89 balls 0/120 wkts 0/7 | inn2 runs 0/92 balls 0/37 wkts 0/0,
98960,sma,8364,2024-12-05,Puducherry v Railways,skip:inn1 runs 0/175 balls 0/120 wkts 0/8 | inn2 runs 0/178 balls 0/81 wkts 0/4,
98969,sma,8364,2024-12-05,Chandigarh v Odisha,skip:inn1 runs 0/205 balls 0/120 wkts 0/7 | inn2 runs 0/209 balls 0/119 wkts 0/8,
98978,sma,8364,2024-12-05,Goa v Nagaland,skip:inn1 runs 0/237 balls 0/120 wkts 0/6 | inn2 runs 0/129 balls 0/120 wkts 0/10,
98987,sma,8364,2024-12-05,Maharashtra v Services,skip:inn1 runs 0/231 balls 0/120 wkts 0/4 | inn2 runs 0/190 balls 0/120 wkts 0/8,
98996,sma,8364,2024-12-05,Bihar v Madhya Pradesh,skip:inn1 runs 0/117 balls 0/120 wkts 0/9 | inn2 runs 0/118 balls 0/105 wkts 0/2,
99005,sma,8364,2024-12-05,Hyderabad v Mizoram,skip:inn1 runs 0/123 balls 0/111 wkts 0/10 | inn2 runs 0/127 balls 0/70 wkts 0/0,
99014,sma,8364,2024-12-05,Tamil Nadu v Uttarakhand,skip:inn1 runs 0/194 balls 0/120 wkts 0/5 | inn2 runs 0/100 balls 0/120 wkts 0/10,
99016,sma,8364,2024-12-05,Saurashtra v Tripura,skip:inn1 runs 0/136 balls 0/117 wkts 0/10 | inn2 runs 0/141 balls 0/81 wkts 0/6,
99025,sma,8364,2024-12-05,Haryana v Jammu and Kashmir,skip:inn1 runs 0/128 balls 0/120 wkts 0/4 | inn2 runs 0/130 balls 0/105 wkts 0/4,
99030,sma,8364,2024-12-05,Himachal Pradesh v Manipur,skip:inn1 runs 0/134 balls 0/120 wkts 0/7 | inn2 runs 0/135 balls 0/83 wkts 0/2,
99039,sma,8364,2024-12-05,Assam v Chhattisgarh,skip:inn1 runs 0/203 balls 0/120 wkts 0/7 | inn2 runs 0/79 balls 0/75 wkts 0/10,
99043,sma,8364,2024-12-05,Andhra v Mumbai,skip:inn1 runs 0/229 balls 0/120 wkts 0/4 | inn2 runs 0/233 balls 0/117 wkts 0/6,
99061,sma,8364,2024-12-09,Andhra v Uttar Pradesh,ok,
20855,super_provincial_t20_tournament,2747,2018-08-21,Colombo v Galle,ok,inn2 off by -1; 
20856,super_provincial_t20_tournament,2747,2018-08-21,Kandy v Dambulla,ok,inn2 off by -1; 
20857,super_provincial_t20_tournament,2747,2018-08-22,Colombo v Kandy,ok,
20858,super_provincial_t20_tournament,2747,2018-08-22,Galle v Dambulla,ok,
20859,super_provincial_t20_tournament,2747,2018-08-25,Galle v Kandy,ok,
20860,super_provincial_t20_tournament,2747,2018-08-25,Colombo v Dambulla,ok,inn1 off by -3; 
20861,super_provincial_t20_tournament,2747,2018-08-26,Colombo v Galle,ok,
20862,super_provincial_t20_tournament,2747,2018-08-26,Kandy v Dambulla,ok,
20863,super_provincial_t20_tournament,2747,2018-08-29,Galle v Dambulla,ok,inn1 off by -1; 
20864,super_provincial_t20_tournament,2747,2018-08-29,Colombo v Kandy,ok,
20865,super_provincial_t20_tournament,2747,2018-08-30,Galle v Kandy,ok,
20866,super_provincial_t20_tournament,2747,2018-08-30,Colombo v Dambulla,ok,inn2 off by -1; 
20867,super_provincial_t20_tournament,2747,2018-09-02,Colombo v Dambulla,ok,
107835,super_smash,8979,,,skip:no-scorecard,
108003,super_smash,8979,,,skip:no-scorecard,
108059,super_smash,8979,,,skip:no-scorecard,
15467,super_smash,2383,2015-11-05,Central Districts v Otago,skip:inn1 no commentary | inn2 no commentary,
15468,super_smash,2383,2015-11-06,Northern Knights v Canterbury,skip:inn1 no commentary | inn2 no commentary,
15469,super_smash,2383,2015-11-07,Central Districts v Otago,skip:inn1 no commentary | inn2 no commentary,
15470,super_smash,2383,2015-11-08,Canterbury v Wellington,skip:inn1 no commentary | inn2 no commentary,
15471,super_smash,2383,2015-11-11,Central Districts v Auckland,skip:inn1 no commentary | inn2 no commentary,
15472,super_smash,2383,2015-11-12,Canterbury v Otago,skip:inn1 no commentary | inn2 no commentary,
15473,super_smash,2383,2015-11-12,Northern Knights v Wellington,skip:inn1 no commentary | inn2 no commentary,
15474,super_smash,2383,2015-11-14,Otago v Wellington,skip:inn1 no commentary | inn2 no commentary,
15475,super_smash,2383,2015-11-15,Auckland v Central Districts,skip:inn1 no commentary | inn2 no commentary,
15476,super_smash,2383,2015-11-15,Northern Knights v Canterbury,skip:inn1 no commentary | inn2 no commentary,
15477,super_smash,2383,2015-11-17,Otago v Northern Knights,skip:inn1 no commentary | inn2 no commentary,
15478,super_smash,2383,2015-11-18,Auckland v Canterbury,skip:inn1 no commentary | inn2 no commentary,
15479,super_smash,2383,2015-11-19,Central Districts v Wellington,skip:inn1 no commentary | inn2 no commentary,
15480,super_smash,2383,,,skip:no-scorecard,
15481,super_smash,2383,,,skip:no-scorecard,
15482,super_smash,2383,2015-11-22,Auckland v Otago,skip:inn1 no commentary | inn2 no commentary,
15483,super_smash,2383,2015-11-22,Wellington v Northern Knights,skip:inn1 no commentary | inn2 no commentary,
15484,super_smash,2383,2015-11-25,Wellington v Otago,skip:inn1 no commentary | inn2 no commentary,
15485,super_smash,2383,2015-11-26,Canterbury v Auckland,skip:inn1 no commentary | inn2 no commentary,
15486,super_smash,2383,2015-11-26,Northern Knights v Central Districts,skip:inn1 no commentary | inn2 no commentary,
15487,super_smash,2383,2015-11-28,Otago v Canterbury,skip:inn1 no commentary | inn2 no commentary,
15488,super_smash,2383,2015-11-29,Wellington v Auckland,skip:inn1 no commentary | inn2 no commentary,
15489,super_smash,2383,2015-11-29,Central Districts v Northern Knights,skip:inn1 no commentary | inn2 no commentary,
15490,super_smash,2383,2015-12-02,Wellington v Canterbury,skip:inn1 no commentary | inn2 no commentary,
15491,super_smash,2383,,,skip:no-scorecard,
15492,super_smash,2383,2015-12-04,Central Districts v Wellington,skip:inn1 no commentary | inn2 no commentary,
15493,super_smash,2383,2015-12-05,Northern Knights v Auckland,skip:inn1 no commentary | inn2 no commentary,
15494,super_smash,2383,2015-12-06,Auckland v Wellington,skip:inn1 no commentary | inn2 no commentary,
15495,super_smash,2383,2015-12-06,Canterbury v Central Districts,skip:inn1 no commentary | inn2 no commentary,
15496,super_smash,2383,2015-12-06,Northern Knights v Otago,skip:inn1 no commentary | inn2 no commentary,
15497,super_smash,2383,2015-12-11,Otago v Auckland,skip:inn1 no commentary,
15498,super_smash,2383,2015-12-12,Canterbury v Auckland,skip:inn1 no commentary | inn2 no commentary,
15499,super_smash,2383,2015-12-13,Otago v Auckland,skip:inn1 no commentary | inn2 no commentary,
17309,super_smash,2515,2016-12-04,Central Districts v Canterbury,skip:inn1 no commentary | inn2 no commentary,
17310,super_smash,2515,2016-12-04,Northern Knights v Wellington,skip:inn1 no commentary | inn2 no commentary,
17311,super_smash,2515,2016-12-04,Auckland v Otago,skip:inn1 no commentary | inn2 no commentary,
17312,super_smash,2515,2016-12-10,Central Districts v Northern Knights,skip:inn1 no commentary,
17313,super_smash,2515,2016-12-11,Canterbury v Auckland,skip:inn1 no commentary | inn2 no commentary,
17314,super_smash,2515,2016-12-14,Otago v Northern Knights,skip:inn1 no commentary | inn2 no commentary,
17315,super_smash,2515,2016-12-15,Canterbury v Wellington,skip:inn1 no commentary | inn2 runs 0/166 balls 0/120 wkts 0/7,
17316,super_smash,2515,2016-12-16,Wellington v Canterbury,skip:inn1 no commentary | inn2 no commentary,
17317,super_smash,2515,2016-12-16,Central Districts v Otago,skip:inn1 no commentary | inn2 no commentary,
17318,super_smash,2515,2016-12-17,Northern Knights v Auckland,skip:inn1 no commentary | inn2 no commentary,
17319,super_smash,2515,2016-12-18,Central Districts v Wellington,skip:inn1 no commentary | inn2 runs 0/172 balls 0/120 wkts 0/6,
17320,super_smash,2515,2016-12-18,Northern Knights v Otago,skip:inn1 no commentary | inn2 no commentary,
17321,super_smash,2515,2016-12-18,Auckland v Canterbury,skip:inn1 runs 0/150 balls 0/119 wkts 0/10 | inn2 runs 0/156 balls 0/110 wkts 0/5,
17322,super_smash,2515,2016-12-21,Central Districts v Otago,skip:inn1 no commentary | inn2 no commentary,
17323,super_smash,2515,2016-12-22,Wellington v Auckland,skip:inn1 no commentary | inn2 no commentary,
17324,super_smash,2515,2016-12-23,Canterbury v Otago,skip:inn1 no commentary | inn2 no commentary,
17325,super_smash,2515,2016-12-23,Northern Knights v Central Districts,skip:inn1 no commentary | inn2 no commentary,
17326,super_smash,2515,2016-12-24,Auckland v Wellington,skip:inn1 no commentary | inn2 no commentary,
17327,super_smash,2515,2016-12-26,Otago v Canterbury,skip:inn1 no commentary | inn2 no commentary,
17328,super_smash,2515,2016-12-26,Wellington v Central Districts,skip:inn1 no commentary | inn2 no commentary,
17329,super_smash,2515,2016-12-27,Northern Knights v Auckland,skip:inn1 no commentary | inn2 no commentary,
17330,super_smash,2515,2016-12-28,Otago v Wellington,skip:inn1 no commentary | inn2 no commentary,
17331,super_smash,2515,2016-12-29,Central Districts v Auckland,skip:inn1 no commentary | inn2 no commentary,
17332,super_smash,2515,2016-12-29,Northern Knights v Canterbury,skip:inn1 no commentary | inn2 no commentary,
17333,super_smash,2515,2016-12-30,Northern Knights v Wellington,skip:inn1 no commentary | inn2 no commentary,
17334,super_smash,2515,2016-12-31,Central Districts v Canterbury,skip:inn1 no commentary | inn2 no commentary,
17335,super_smash,2515,2017-01-01,Otago v Auckland,skip:inn1 no commentary | inn2 no commentary,
17336,super_smash,2515,2017-01-02,Canterbury v Northern Knights,skip:inn1 no commentary | inn2 no commentary,
17337,super_smash,2515,2017-01-03,Wellington v Otago,skip:inn1 no commentary | inn2 no commentary,
17338,super_smash,2515,2017-01-03,Auckland v Central Districts,skip:inn1 no commentary | inn2 no commentary,
17339,super_smash,2515,2017-01-05,Wellington v Canterbury,skip:inn1 no commentary | inn2 no commentary,
17340,super_smash,2515,2017-01-07,Central Districts v Wellington,skip:inn1 no commentary | inn2 no commentary,
18623,super_smash,2605,2017-12-15,Northern Knights v Wellington,ok,
18626,super_smash,2605,,,skip:no-scorecard,
18631,super_smash,2605,,,skip:no-scorecard,
18634,super_smash,2605,2017-12-28,Otago v Auckland,ok,inn1 off by 1; 
18640,super_smash,2605,,,skip:no-scorecard,
18641,super_smash,2605,,,skip:no-scorecard,
21326,super_smash,2758,2018-12-23,Otago v Canterbury,ok,
21327,super_smash,2758,,,skip:no-scorecard,
21335,super_smash,2758,,,skip:no-scorecard,
21337,super_smash,2758,2019-01-09,Canterbury v Northern Knights,ok,
56558,super_smash,4651,,,skip:no-scorecard,
56565,super_smash,4651,,,skip:no-scorecard,
56633,super_smash,4651,,,skip:no-scorecard,
56640,super_smash,4651,,,skip:no-scorecard,
81491,super_smash,7151,,,skip:no-scorecard,
81512,super_smash,7151,,,skip:no-scorecard,
109400,t10_abu_dhabi,9188,2024-11-21,Team Abu Dhabi v Ajman Bolts,ok,
109407,t10_abu_dhabi,9188,2024-11-21,Morrisville Samp Army v Bangla Tigers,ok,
109411,t10_abu_dhabi,9188,2024-11-21,Deccan Gladiators v Chennai Brave Jaguars,ok,
109418,t10_abu_dhabi,9188,2024-11-22,Northern Warriors v Delhi Bulls,ok,inn1 off by -1; 
109425,t10_abu_dhabi,9188,2024-11-22,New York Strikers v Morrisville Samp Army,ok,
109428,t10_abu_dhabi,9188,2024-11-22,UP Nawabs v Team Abu Dhabi,ok,
109432,t10_abu_dhabi,9188,2024-11-22,Ajman Bolts v Deccan Gladiators,ok,
109439,t10_abu_dhabi,9188,2024-11-23,Morrisville Samp Army v UP Nawabs,ok,inn2 off by -1; 
109446,t10_abu_dhabi,9188,2024-11-23,Bangla Tigers v New York Strikers,ok,
109449,t10_abu_dhabi,9188,2024-11-23,Chennai Brave Jaguars v Northern Warriors,ok,inn2 off by 1; 
109453,t10_abu_dhabi,9188,2024-11-23,Deccan Gladiators v Team Abu Dhabi,ok,
109460,t10_abu_dhabi,9188,2024-11-24,UP Nawabs v Northern Warriors,ok,
109463,t10_abu_dhabi,9188,2024-11-24,Delhi Bulls v Ajman Bolts,ok,
109467,t10_abu_dhabi,9188,2024-11-24,New York Strikers v Deccan Gladiators,ok,
109474,t10_abu_dhabi,9188,2024-11-24,Morrisville Samp Army v Chennai Brave Jaguars,ok,
109481,t10_abu_dhabi,9188,2024-11-25,Team Abu Dhabi v New York Strikers,ok,
109488,t10_abu_dhabi,9188,2024-11-25,Chennai Brave Jaguars v Ajman Bolts,ok,
109491,t10_abu_dhabi,9188,2024-11-25,Delhi Bulls v Bangla Tigers,ok,
109498,t10_abu_dhabi,9188,2024-11-26,UP Nawabs v Deccan Gladiators,ok,
109502,t10_abu_dhabi,9188,2024-11-26,Bangla Tigers v Northern Warriors,ok,
109509,t10_abu_dhabi,9188,2024-11-26,Morrisville Samp Army v Delhi Bulls,ok,
109516,t10_abu_dhabi,9188,2024-11-27,Ajman Bolts v Bangla Tigers,ok,
109523,t10_abu_dhabi,9188,2024-11-27,Team Abu Dhabi v Chennai Brave Jaguars,ok,
109526,t10_abu_dhabi,9188,2024-11-27,UP Nawabs v New York Strikers,ok,
109533,t10_abu_dhabi,9188,2024-11-28,Deccan Gladiators v Bangla Tigers,ok,
109537,t10_abu_dhabi,9188,2024-11-28,Delhi Bulls v Chennai Brave Jaguars,ok,
109544,t10_abu_dhabi,9188,2024-11-28,Northern Warriors v New York Strikers,ok,
109551,t10_abu_dhabi,9188,2024-11-29,Team Abu Dhabi v Morrisville Samp Army,ok,
109558,t10_abu_dhabi,9188,2024-11-29,New York Strikers v Delhi Bulls,ok,
109561,t10_abu_dhabi,9188,2024-11-29,Chennai Brave Jaguars v UP Nawabs,ok,
109568,t10_abu_dhabi,9188,2024-11-29,Northern Warriors v Ajman Bolts,ok,
109575,t10_abu_dhabi,9188,2024-11-30,Bangla Tigers v UP Nawabs,ok,
109582,t10_abu_dhabi,9188,2024-11-30,Northern Warriors v Team Abu Dhabi,ok,
109589,t10_abu_dhabi,9188,2024-11-30,Ajman Bolts v Morrisville Samp Army,ok,
109596,t10_abu_dhabi,9188,2024-11-30,Deccan Gladiators v Delhi Bulls,ok,
109600,t10_abu_dhabi,9188,2024-12-01,Deccan Gladiators v Morrisville Samp Army,ok,
109603,t10_abu_dhabi,9188,2024-12-01,UP Nawabs v Delhi Bulls,ok,
109610,t10_abu_dhabi,9188,2024-12-01,Team Abu Dhabi v Delhi Bulls,ok,
109614,t10_abu_dhabi,9188,2024-12-02,Morrisville Samp Army v Delhi Bulls,ok,
109621,t10_abu_dhabi,9188,2024-12-02,Deccan Gladiators v Morrisville Samp Army,ok,
136621,t10_abu_dhabi,11119,2025-11-18,Quetta Qavalry v Northern Warriors,ok,
136632,t10_abu_dhabi,11119,2025-11-18,Deccan Gladiators v UAE Bulls,ok,
136643,t10_abu_dhabi,11119,2025-11-19,Aspin Stallions v Northern Warriors,ok,
136654,t10_abu_dhabi,11119,2025-11-19,Royal Champs v Vista Riders,ok,
136662,t10_abu_dhabi,11119,2025-11-19,Ajman Titans v Quetta Qavalry,ok,
136673,t10_abu_dhabi,11119,2025-11-20,Royal Champs v Deccan Gladiators,ok,
136706,t10_abu_dhabi,11119,2025-11-20,UAE Bulls v Vista Riders,ok,
136717,t10_abu_dhabi,11119,2025-11-20,Aspin Stallions v Ajman Titans,ok,
136720,t10_abu_dhabi,11119,2025-11-21,Deccan Gladiators v Quetta Qavalry,ok,
136731,t10_abu_dhabi,11119,2025-11-21,Northern Warriors v Ajman Titans,ok,
136742,t10_abu_dhabi,11119,2025-11-21,UAE Bulls v Royal Champs,ok,
136753,t10_abu_dhabi,11119,2025-11-22,Aspin Stallions v Vista Riders,ok,
136764,t10_abu_dhabi,11119,2025-11-22,Northern Warriors v Deccan Gladiators,ok,
136775,t10_abu_dhabi,11119,2025-11-22,Quetta Qavalry v UAE Bulls,ok,
136786,t10_abu_dhabi,11119,2025-11-23,Ajman Titans v Royal Champs,ok,
136797,t10_abu_dhabi,11119,2025-11-23,Quetta Qavalry v Aspin Stallions,ok,
136808,t10_abu_dhabi,11119,2025-11-23,Northern Warriors v Vista Riders,ok,
136818,t10_abu_dhabi,11119,2025-11-25,Vista Riders v Ajman Titans,ok,
136829,t10_abu_dhabi,11119,2025-11-25,Deccan Gladiators v Aspin Stallions,ok,
136840,t10_abu_dhabi,11119,2025-11-26,UAE Bulls v Northern Warriors,ok,
136851,t10_abu_dhabi,11119,2025-11-26,Deccan Gladiators v Ajman Titans,ok,
136862,t10_abu_dhabi,11119,2025-11-26,Royal Champs v Aspin Stallions,ok,
136873,t10_abu_dhabi,11119,2025-11-27,Vista Riders v Quetta Qavalry,ok,
136884,t10_abu_dhabi,11119,2025-11-27,UAE Bulls v Aspin Stallions,ok,
136895,t10_abu_dhabi,11119,2025-11-27,Northern Warriors v Royal Champs,ok,
136906,t10_abu_dhabi,11119,2025-11-28,Ajman Titans v UAE Bulls,ok,
136917,t10_abu_dhabi,11119,2025-11-28,Quetta Qavalry v Royal Champs,ok,
136928,t10_abu_dhabi,11119,2025-11-28,Vista Riders v Deccan Gladiators,ok,
136939,t10_abu_dhabi,11119,2025-11-29,Quetta Qavalry v Aspin Stallions,ok,
136950,t10_abu_dhabi,11119,2025-11-29,Ajman Titans v UAE Bulls,ok,
136951,t10_abu_dhabi,11119,2025-11-30,Quetta Qavalry v UAE Bulls,ok,
136962,t10_abu_dhabi,11119,2025-11-30,Aspin Stallions v UAE Bulls,ok,
21541,t10_abu_dhabi,2774,2018-11-21,Sindhis v Rajputs,ok,
21542,t10_abu_dhabi,2774,2018-11-21,Kerala Knights v Pakhtoons,ok,
21543,t10_abu_dhabi,2774,2018-11-22,Bengal Tigers v Northern Warriors,ok,
21544,t10_abu_dhabi,2774,2018-11-22,Sindhis v Kerala Knights,ok,inn1 off by -3; 
21545,t10_abu_dhabi,2774,2018-11-22,Maratha Arabians v Punjabi Legends,ok,
21546,t10_abu_dhabi,2774,2018-11-23,Pakhtoons v Rajputs,ok,
21547,t10_abu_dhabi,2774,2018-11-23,Bengal Tigers v Maratha Arabians,ok,
21548,t10_abu_dhabi,2774,2018-11-23,Northern Warriors v Punjabi Legends,ok,
21549,t10_abu_dhabi,2774,2018-11-24,Sindhis v Pakhtoons,ok,
21550,t10_abu_dhabi,2774,2018-11-24,Bengal Tigers v Punjabi Legends,ok,
21551,t10_abu_dhabi,2774,2018-11-25,Kerala Knights v Rajputs,ok,
21552,t10_abu_dhabi,2774,2018-11-25,Maratha Arabians v Northern Warriors,ok,
21553,t10_abu_dhabi,2774,2018-11-26,Pakhtoons v Bengal Tigers,ok,
21554,t10_abu_dhabi,2774,2018-11-26,Kerala Knights v Punjabi Legends,ok,
21555,t10_abu_dhabi,2774,2018-11-27,Rajputs v Maratha Arabians,ok,
21556,t10_abu_dhabi,2774,2018-11-27,Sindhis v Northern Warriors,ok,
21557,t10_abu_dhabi,2774,2018-11-28,Rajputs v Punjabi Legends,ok,
21558,t10_abu_dhabi,2774,2018-11-28,Pakhtoons v Maratha Arabians,ok,
21559,t10_abu_dhabi,2774,2018-11-29,Kerala Knights v Northern Warriors,ok,
21560,t10_abu_dhabi,2774,2018-11-29,Sindhis v Bengal Tigers,ok,
21561,t10_abu_dhabi,2774,2018-11-29,Pakhtoons v Punjabi Legends,ok,
21562,t10_abu_dhabi,2774,2018-11-30,Kerala Knights v Bengal Tigers,ok,
21563,t10_abu_dhabi,2774,2018-11-30,Rajputs v Northern Warriors,ok,
21564,t10_abu_dhabi,2774,2018-11-30,Sindhis v Maratha Arabians,ok,
21565,t10_abu_dhabi,2774,2018-12-01,Northern Warriors v Pakhtoons,ok,
21566,t10_abu_dhabi,2774,2018-12-01,Maratha Arabians v Bengal Tigers,ok,
21567,t10_abu_dhabi,2774,2018-12-01,Northern Warriors v Maratha Arabians,ok,
21568,t10_abu_dhabi,2774,2018-12-02,Bengal Tigers v Maratha Arabians,ok,
21569,t10_abu_dhabi,2774,2018-12-02,Pakhtoons v Northern Warriors,ok,
23941,t10_abu_dhabi,2917,2019-11-15,Maratha Arabians v Northern Warriors,ok,
23942,t10_abu_dhabi,2917,2019-11-15,Deccan Gladiators v Delhi Bulls,ok,
23943,t10_abu_dhabi,2917,2019-11-15,Qalandars v Team Abu Dhabi,ok,
23944,t10_abu_dhabi,2917,2019-11-16,Bangla Tigers v Deccan Gladiators,ok,
23945,t10_abu_dhabi,2917,2019-11-16,Delhi Bulls v Pune Devils,ok,
23946,t10_abu_dhabi,2917,2019-11-16,Northern Warriors v Qalandars,ok,
23947,t10_abu_dhabi,2917,2019-11-17,Northern Warriors v Team Abu Dhabi,ok,
23948,t10_abu_dhabi,2917,2019-11-17,Bangla Tigers v Pune Devils,ok,inn2 off by -1; 
23949,t10_abu_dhabi,2917,2019-11-17,Maratha Arabians v Qalandars,ok,inn2 off by 1; 
23950,t10_abu_dhabi,2917,2019-11-18,Deccan Gladiators v Pune Devils,ok,
23951,t10_abu_dhabi,2917,2019-11-18,Maratha Arabians v Team Abu Dhabi,ok,
23952,t10_abu_dhabi,2917,2019-11-18,Bangla Tigers v Delhi Bulls,skip:inn1 runs 108/108 balls 59/60 wkts 6/7,
23953,t10_abu_dhabi,2917,2019-11-19,Deccan Gladiators v Qalandars,ok,"unparsed: legbyes, 2 runs, length delivery on the ; "
23954,t10_abu_dhabi,2917,2019-11-19,Delhi Bulls v Northern Warriors,ok,
23955,t10_abu_dhabi,2917,2019-11-19,Bangla Tigers v Team Abu Dhabi,ok,
23956,t10_abu_dhabi,2917,2019-11-20,Pune Devils v Maratha Arabians,ok,
23957,t10_abu_dhabi,2917,2019-11-20,Bangla Tigers v Northern Warriors,ok,inn1 off by -1; 
23958,t10_abu_dhabi,2917,2019-11-20,Deccan Gladiators v Team Abu Dhabi,ok,
23959,t10_abu_dhabi,2917,2019-11-21,Delhi Bulls v Maratha Arabians,ok,
23960,t10_abu_dhabi,2917,2019-11-21,Pune Devils v Qalandars,ok,inn1 off by -3; 
23961,t10_abu_dhabi,2917,2019-11-21,Deccan Gladiators v Northern Warriors,ok,
23962,t10_abu_dhabi,2917,2019-11-22,Delhi Bulls v Qalandars,skip:inn1 runs 98/98 balls 60/60 wkts 9/8,
23963,t10_abu_dhabi,2917,2019-11-22,Bangla Tigers v Maratha Arabians,ok,
23964,t10_abu_dhabi,2917,2019-11-22,Pune Devils v Team Abu Dhabi,ok,inn1 off by -3; 
23965,t10_abu_dhabi,2917,2019-11-23,Maratha Arabians v Qalandars,ok,
23966,t10_abu_dhabi,2917,2019-11-23,Deccan Gladiators v Bangla Tigers,ok,
23967,t10_abu_dhabi,2917,2019-11-23,Qalandars v Deccan Gladiators,ok,
23968,t10_abu_dhabi,2917,2019-11-24,Bangla Tigers v Qalandars,ok,
23969,t10_abu_dhabi,2917,2019-11-24,Maratha Arabians v Deccan Gladiators,ok,inn1 off by -3; 
33673,t10_abu_dhabi,3403,2021-01-28,Maratha Arabians v Northern Warriors,ok,
33678,t10_abu_dhabi,3403,2021-01-28,Pune Devils v Deccan Gladiators,skip:inn1 runs 110/104 balls 60/60 wkts 5/5,
33682,t10_abu_dhabi,3403,2021-01-28,Delhi Bulls v Bangla Tigers,ok,
33683,t10_abu_dhabi,3403,2021-01-29,Pune Devils v Qalandars,ok,
33688,t10_abu_dhabi,3403,2021-01-29,Maratha Arabians v Delhi Bulls,ok,
33693,t10_abu_dhabi,3403,2021-01-29,Deccan Gladiators v Team Abu Dhabi,ok,
33698,t10_abu_dhabi,3403,2021-01-30,Bangla Tigers v Maratha Arabians,ok,
33702,t10_abu_dhabi,3403,2021-01-30,Team Abu Dhabi v Qalandars,ok,"unparsed: 1 runm in the airrr, dropped but that's ; "
33703,t10_abu_dhabi,3403,2021-01-30,Northern Warriors v Delhi Bulls,ok,inn1 off by -2; 
33707,t10_abu_dhabi,3403,2021-01-31,Team Abu Dhabi v Pune Devils,ok,
33708,t10_abu_dhabi,3403,2021-01-31,Bangla Tigers v Northern Warriors,ok,
33712,t10_abu_dhabi,3403,2021-01-31,Qalandars v Deccan Gladiators,ok,
33717,t10_abu_dhabi,3403,2021-02-01,Pune Devils v Bangla Tigers,ok,
33718,t10_abu_dhabi,3403,2021-02-01,Team Abu Dhabi v Northern Warriors,skip:inn2 runs 130/124 balls 60/60 wkts 2/2,
33723,t10_abu_dhabi,3403,2021-02-01,Delhi Bulls v Deccan Gladiators,ok,
33727,t10_abu_dhabi,3403,2021-02-02,Qalandars v Maratha Arabians,ok,
33728,t10_abu_dhabi,3403,2021-02-02,Delhi Bulls v Pune Devils,ok,
33732,t10_abu_dhabi,3403,2021-02-02,Northern Warriors v Deccan Gladiators,ok,
33737,t10_abu_dhabi,3403,2021-02-03,Bangla Tigers v Qalandars,ok,
33738,t10_abu_dhabi,3403,2021-02-03,Maratha Arabians v Team Abu Dhabi,ok,
33742,t10_abu_dhabi,3403,2021-02-03,Northern Warriors v Pune Devils,ok,
33743,t10_abu_dhabi,3403,2021-02-04,Deccan Gladiators v Maratha Arabians,ok,
33747,t10_abu_dhabi,3403,2021-02-04,Qalandars v Delhi Bulls,ok,
33752,t10_abu_dhabi,3403,2021-02-04,Team Abu Dhabi v Bangla Tigers,ok,
33757,t10_abu_dhabi,3403,2021-02-05,Delhi Bulls v Northern Warriors,ok,
33758,t10_abu_dhabi,3403,2021-02-05,Qalandars v Team Abu Dhabi,ok,
33763,t10_abu_dhabi,3403,2021-02-05,Northern Warriors v Team Abu Dhabi,ok,
33767,t10_abu_dhabi,3403,2021-02-06,Qalandars v Team Abu Dhabi,ok,
33768,t10_abu_dhabi,3403,2021-02-06,Delhi Bulls v Northern Warriors,ok,
40393,t10_abu_dhabi,3871,2021-11-19,Northern Warriors v Delhi Bulls,ok,
40396,t10_abu_dhabi,3871,2021-11-19,Team Abu Dhabi v Bangla Tigers,ok,
40401,t10_abu_dhabi,3871,2021-11-20,Deccan Gladiators v The Chennai Braves,ok,
40406,t10_abu_dhabi,3871,2021-11-20,Northern Warriors v Team Abu Dhabi,ok,
40411,t10_abu_dhabi,3871,2021-11-20,Delhi Bulls v Bangla Tigers,ok,
40416,t10_abu_dhabi,3871,2021-11-21,Team Abu Dhabi v Deccan Gladiators,ok,
40418,t10_abu_dhabi,3871,2021-11-21,Delhi Bulls v The Chennai Braves,ok,
40421,t10_abu_dhabi,3871,2021-11-21,Bangla Tigers v Northern Warriors,ok,
40426,t10_abu_dhabi,3871,2021-11-22,Deccan Gladiators v Delhi Bulls,ok,
40431,t10_abu_dhabi,3871,2021-11-22,The Chennai Braves v Team Abu Dhabi,ok,
40433,t10_abu_dhabi,3871,2021-11-23,Northern Warriors v Deccan Gladiators,ok,
40438,t10_abu_dhabi,3871,2021-11-23,Bangla Tigers v The Chennai Braves,ok,
40441,t10_abu_dhabi,3871,2021-11-24,Delhi Bulls v Team Abu Dhabi,ok,
40443,t10_abu_dhabi,3871,2021-11-24,The Chennai Braves v Northern Warriors,ok,
40446,t10_abu_dhabi,3871,2021-11-25,Bangla Tigers v Deccan Gladiators,ok,
40451,t10_abu_dhabi,3871,2021-11-25,Delhi Bulls v Northern Warriors,ok,
40456,t10_abu_dhabi,3871,2021-11-26,Bangla Tigers v Team Abu Dhabi,ok,
40461,t10_abu_dhabi,3871,2021-11-26,The Chennai Braves v Deccan Gladiators,ok,
40463,t10_abu_dhabi,3871,2021-11-27,Team Abu Dhabi v Northern Warriors,ok,
40466,t10_abu_dhabi,3871,2021-11-27,The Chennai Braves v Bangla Tigers,ok,
40471,t10_abu_dhabi,3871,2021-11-27,Delhi Bulls v Deccan Gladiators,ok,
40473,t10_abu_dhabi,3871,2021-11-28,Team Abu Dhabi v The Chennai Braves,ok,
40478,t10_abu_dhabi,3871,2021-11-28,Deccan Gladiators v Northern Warriors,ok,
40483,t10_abu_dhabi,3871,2021-11-28,Bangla Tigers v Delhi Bulls,ok,
40488,t10_abu_dhabi,3871,2021-11-29,Deccan Gladiators v Team Abu Dhabi,ok,
40491,t10_abu_dhabi,3871,2021-11-29,Northern Warriors v The Chennai Braves,ok,
40493,t10_abu_dhabi,3871,2021-12-01,Deccan Gladiators v Bangla Tigers,skip:inn2 runs 78/78 balls 51/51 wkts 9/10,
40496,t10_abu_dhabi,3871,2021-12-01,The Chennai Braves v Delhi Bulls,ok,
40498,t10_abu_dhabi,3871,2021-12-02,Northern Warriors v Bangla Tigers,ok,
40501,t10_abu_dhabi,3871,2021-12-02,Team Abu Dhabi v Delhi Bulls,ok,
40503,t10_abu_dhabi,3871,2021-12-03,Deccan Gladiators v Delhi Bulls,ok,
40508,t10_abu_dhabi,3871,2021-12-03,Team Abu Dhabi v Bangla Tigers,ok,
40513,t10_abu_dhabi,3871,2021-12-03,Delhi Bulls v Team Abu Dhabi,ok,unparsed: 2 leg byes; 
40518,t10_abu_dhabi,3871,2021-12-04,Bangla Tigers v Team Abu Dhabi,ok,
40523,t10_abu_dhabi,3871,2021-12-04,Deccan Gladiators v Delhi Bulls,ok,
57146,t10_abu_dhabi,4933,2022-11-23,New York Strikers v Bangla Tigers,ok,
57151,t10_abu_dhabi,4933,2022-11-23,Deccan Gladiators v Team Abu Dhabi,ok,
57158,t10_abu_dhabi,4933,2022-11-24,Morrisville Samp Army v Bangla Tigers,ok,
57165,t10_abu_dhabi,4933,2022-11-24,Northern Warriors v Delhi Bulls,ok,
57172,t10_abu_dhabi,4933,2022-11-24,The Chennai Braves v New York Strikers,ok,
57174,t10_abu_dhabi,4933,2022-11-25,Northern Warriors v Deccan Gladiators,ok,
57179,t10_abu_dhabi,4933,2022-11-25,Team Abu Dhabi v Delhi Bulls,ok,
57186,t10_abu_dhabi,4933,2022-11-25,Bangla Tigers v The Chennai Braves,skip:inn2 runs 93/93 balls 59/59 wkts 9/10,
57193,t10_abu_dhabi,4933,2022-11-26,Deccan Gladiators v New York Strikers,ok,
57200,t10_abu_dhabi,4933,2022-11-26,Team Abu Dhabi v Northern Warriors,ok,inn2 off by -3; 
57202,t10_abu_dhabi,4933,2022-11-26,Morrisville Samp Army v Delhi Bulls,ok,
57207,t10_abu_dhabi,4933,2022-11-27,Bangla Tigers v Northern Warriors,ok,
57209,t10_abu_dhabi,4933,2022-11-27,Morrisville Samp Army v The Chennai Braves,ok,
57214,t10_abu_dhabi,4933,2022-11-27,Delhi Bulls v Deccan Gladiators,ok,
57216,t10_abu_dhabi,4933,2022-11-28,New York Strikers v Morrisville Samp Army,ok,
57221,t10_abu_dhabi,4933,2022-11-28,The Chennai Braves v Northern Warriors,ok,
57228,t10_abu_dhabi,4933,2022-11-29,Team Abu Dhabi v Morrisville Samp Army,ok,
57230,t10_abu_dhabi,4933,2022-11-29,Deccan Gladiators v The Chennai Braves,ok,
57237,t10_abu_dhabi,4933,2022-11-29,Bangla Tigers v Delhi Bulls,ok,
57242,t10_abu_dhabi,4933,2022-11-30,The Chennai Braves v Team Abu Dhabi,ok,
57244,t10_abu_dhabi,4933,2022-11-30,Bangla Tigers v Deccan Gladiators,ok,
57251,t10_abu_dhabi,4933,2022-11-30,New York Strikers v Northern Warriors,ok,
57298,t10_abu_dhabi,4933,2022-12-01,Delhi Bulls v New York Strikers,ok,
57300,t10_abu_dhabi,4933,2022-12-01,Team Abu Dhabi v Bangla Tigers,ok,
57305,t10_abu_dhabi,4933,2022-12-01,Morrisville Samp Army v Deccan Gladiators,ok,"unparsed: , 1 run; "
57312,t10_abu_dhabi,4933,2022-12-02,Delhi Bulls v The Chennai Braves,ok,
57319,t10_abu_dhabi,4933,2022-12-02,Northern Warriors v Morrisville Samp Army,ok,inn1 off by 1; 
57321,t10_abu_dhabi,4933,2022-12-02,New York Strikers v Team Abu Dhabi,ok,
57326,t10_abu_dhabi,4933,2022-12-03,New York Strikers v Morrisville Samp Army,ok,
57333,t10_abu_dhabi,4933,2022-12-03,Team Abu Dhabi v Deccan Gladiators,ok,
57335,t10_abu_dhabi,4933,2022-12-03,Morrisville Samp Army v Deccan Gladiators,ok,
57342,t10_abu_dhabi,4933,2022-12-04,Team Abu Dhabi v Morrisville Samp Army,ok,
57349,t10_abu_dhabi,4933,2022-12-04,New York Strikers v Deccan Gladiators,ok,
83951,t10_abu_dhabi,7350,2023-11-28,Deccan Gladiators v New York Strikers,ok,
83958,t10_abu_dhabi,7350,2023-11-28,Northern Warriors v Morrisville Samp Army,ok,
83960,t10_abu_dhabi,7350,2023-11-29,Deccan Gladiators v Delhi Bulls,ok,
83963,t10_abu_dhabi,7350,2023-11-29,Team Abu Dhabi v The Chennai Braves,ok,
83970,t10_abu_dhabi,7350,2023-11-29,Bangla Tigers v New York Strikers,ok,
83974,t10_abu_dhabi,7350,2023-11-30,Team Abu Dhabi v Northern Warriors,ok,
83981,t10_abu_dhabi,7350,2023-11-30,The Chennai Braves v Morrisville Samp Army,ok,
83988,t10_abu_dhabi,7350,2023-11-30,Bangla Tigers v Deccan Gladiators,ok,
83995,t10_abu_dhabi,7350,2023-12-01,New York Strikers v Northern Warriors,ok,
84002,t10_abu_dhabi,7350,2023-12-01,Team Abu Dhabi v Morrisville Samp Army,ok,
84005,t10_abu_dhabi,7350,2023-12-01,The Chennai Braves v Delhi Bulls,ok,
84012,t10_abu_dhabi,7350,2023-12-02,Team Abu Dhabi v Deccan Gladiators,ok,
84019,t10_abu_dhabi,7350,2023-12-02,Bangla Tigers v Delhi Bulls,ok,
84026,t10_abu_dhabi,7350,2023-12-02,The Chennai Braves v Northern Warriors,ok,
84033,t10_abu_dhabi,7350,2023-12-03,Delhi Bulls v Morrisville Samp Army,ok,
84040,t10_abu_dhabi,7350,2023-12-03,Bangla Tigers v Northern Warriors,ok,
84047,t10_abu_dhabi,7350,2023-12-03,The Chennai Braves v Deccan Gladiators,ok,"unparsed: lg byes, 1 run, to fine leg; "
84054,t10_abu_dhabi,7350,2023-12-04,Delhi Bulls v New York Strikers,ok,
84058,t10_abu_dhabi,7350,2023-12-04,Team Abu Dhabi v Bangla Tigers,ok,
84065,t10_abu_dhabi,7350,2023-12-05,Bangla Tigers v Morrisville Samp Army,ok,
84072,t10_abu_dhabi,7350,2023-12-05,Deccan Gladiators v Northern Warriors,ok,
84075,t10_abu_dhabi,7350,2023-12-05,Team Abu Dhabi v New York Strikers,ok,
84082,t10_abu_dhabi,7350,2023-12-06,The Chennai Braves v New York Strikers,ok,
84086,t10_abu_dhabi,7350,2023-12-06,Deccan Gladiators v Morrisville Samp Army,ok,
84093,t10_abu_dhabi,7350,2023-12-06,Delhi Bulls v Northern Warriors,ok,
84096,t10_abu_dhabi,7350,2023-12-07,Bangla Tigers v The Chennai Braves,ok,
84103,t10_abu_dhabi,7350,2023-12-07,Team Abu Dhabi v Delhi Bulls,ok,"unparsed: leg byes FOUR, to fine leg; "
84110,t10_abu_dhabi,7350,2023-12-07,New York Strikers v Morrisville Samp Army,ok,
84117,t10_abu_dhabi,7350,2023-12-08,Morrisville Samp Army v New York Strikers,ok,
84124,t10_abu_dhabi,7350,2023-12-08,Deccan Gladiators v Bangla Tigers,ok,
84131,t10_abu_dhabi,7350,2023-12-08,Morrisville Samp Army v Deccan Gladiators,ok,
84135,t10_abu_dhabi,7350,2023-12-09,New York Strikers v Deccan Gladiators,ok,
110157,t10_lanka,9225,2024-12-11,Jaffna Titans v Hambantota Bangla Tigers,ok,
110161,t10_lanka,9225,2024-12-11,Nuwara Eliya Kings v Colombo Jaguars,ok,
110169,t10_lanka,9225,2024-12-11,Kandy Bolts v Galle Marvels,ok,inn2 off by -3; 
110173,t10_lanka,9225,2024-12-12,Kandy Bolts v Nuwara Eliya Kings,ok,
110181,t10_lanka,9225,,,skip:no-scorecard,
110185,t10_lanka,9225,2024-12-12,Jaffna Titans v Colombo Jaguars,ok,
110189,t10_lanka,9225,2024-12-13,Nuwara Eliya Kings v Galle Marvels,ok,
110193,t10_lanka,9225,,,skip:no-scorecard,
110201,t10_lanka,9225,,,skip:no-scorecard,
110205,t10_lanka,9225,,,skip:no-scorecard,
110213,t10_lanka,9225,2024-12-14,Galle Marvels v Jaffna Titans,ok,
110221,t10_lanka,9225,2024-12-14,Hambantota Bangla Tigers v Nuwara Eliya Kings,ok,
110229,t10_lanka,9225,2024-12-15,Hambantota Bangla Tigers v Kandy Bolts,ok,
110237,t10_lanka,9225,2024-12-15,Colombo Jaguars v Galle Marvels,ok,
110241,t10_lanka,9225,2024-12-15,Jaffna Titans v Nuwara Eliya Kings,ok,
110245,t10_lanka,9225,,,skip:no-scorecard,
110253,t10_lanka,9225,,,skip:no-scorecard,
110261,t10_lanka,9225,,,skip:no-scorecard,
110265,t10_lanka,9225,2024-12-17,Colombo Jaguars v Jaffna Titans,ok,
110269,t10_lanka,9225,2024-12-17,Kandy Bolts v Nuwara Eliya Kings,ok,
110273,t10_lanka,9225,2024-12-17,Galle Marvels v Hambantota Bangla Tigers,ok,
110277,t10_lanka,9225,2024-12-18,Jaffna Titans v Hambantota Bangla Tigers,ok,
110281,t10_lanka,9225,2024-12-18,Galle Marvels v Kandy Bolts,ok,
110289,t10_lanka,9225,2024-12-18,Hambantota Bangla Tigers v Galle Marvels,ok,
110297,t10_lanka,9225,2024-12-19,Jaffna Titans v Hambantota Bangla Tigers,ok,
24410,t10_qatar,2934,2019-12-07,Pearl Gladiators v Flying Oryx,ok,
24411,t10_qatar,2934,2019-12-08,Desert Riders v Swift Gallopers,ok,inn1 off by 1; 
24412,t10_qatar,2934,2019-12-08,Falcon Hunters v Heat Stormers,ok,inn1 off by -3; 
24413,t10_qatar,2934,2019-12-09,Desert Riders v Flying Oryx,ok,
24414,t10_qatar,2934,2019-12-09,Falcon Hunters v Swift Gallopers,ok,
24415,t10_qatar,2934,,,skip:no-scorecard,
24416,t10_qatar,2934,,,skip:no-scorecard,
24417,t10_qatar,2934,2019-12-11,Falcon Hunters v Desert Riders,ok,
24418,t10_qatar,2934,2019-12-11,Swift Gallopers v Heat Stormers,skip:inn2 runs 130/87 balls 60/60 wkts 7/7,
24419,t10_qatar,2934,2019-12-12,Pearl Gladiators v Swift Gallopers,ok,unresolved name; 
24420,t10_qatar,2934,2019-12-12,Falcon Hunters v Flying Oryx,ok,
24421,t10_qatar,2934,2019-12-13,Falcon Hunters v Pearl Gladiators,ok,
24422,t10_qatar,2934,2019-12-13,Desert Riders v Heat Stormers,ok,
24423,t10_qatar,2934,2019-12-14,Flying Oryx v Swift Gallopers,ok,
24424,t10_qatar,2934,2019-12-14,Heat Stormers v Pearl Gladiators,ok,inn2 off by -1; 
24425,t10_qatar,2934,,,skip:no-scorecard,
24426,t10_qatar,2934,,,skip:no-scorecard,
24427,t10_qatar,2934,,,skip:no-scorecard,
24428,t10_qatar,2934,2019-12-16,Falcon Hunters v Swift Gallopers,ok,
106724,t10_zim_afro,8897,2024-09-21,Durban Wolves v Joburg Bangla Tigers,ok,
106729,t10_zim_afro,8897,2024-09-21,Cape Town Samp Army v Harare Bolts,ok,
106732,t10_zim_afro,8897,2024-09-21,Bulawayo Brave Jaguars v Nys Lagos,ok,
106740,t10_zim_afro,8897,2024-09-22,Durban Wolves v Harare Bolts,ok,"unparsed: legbyes, 1 run; "
106748,t10_zim_afro,8897,2024-09-22,Nys Lagos v Joburg Bangla Tigers,ok,
106756,t10_zim_afro,8897,2024-09-22,Bulawayo Brave Jaguars v Cape Town Samp Army,ok,
106761,t10_zim_afro,8897,2024-09-23,Harare Bolts v Joburg Bangla Tigers,ok,
106769,t10_zim_afro,8897,2024-09-23,Bulawayo Brave Jaguars v Durban Wolves,ok,
106772,t10_zim_afro,8897,2024-09-23,Cape Town Samp Army v Nys Lagos,ok,
106777,t10_zim_afro,8897,2024-09-24,Nys Lagos v Durban Wolves,ok,
106785,t10_zim_afro,8897,2024-09-24,Harare Bolts v Bulawayo Brave Jaguars,ok,
106788,t10_zim_afro,8897,2024-09-24,Joburg Bangla Tigers v Cape Town Samp Army,ok,
106796,t10_zim_afro,8897,2024-09-25,Harare Bolts v Nys Lagos,ok,inn2 off by -2; unparsed: 1 byes; 
106804,t10_zim_afro,8897,2024-09-25,Durban Wolves v Cape Town Samp Army,ok,inn2 off by 1; 
106812,t10_zim_afro,8897,2024-09-25,Joburg Bangla Tigers v Bulawayo Brave Jaguars,ok,
106817,t10_zim_afro,8897,2024-09-26,Durban Wolves v Harare Bolts,ok,
106825,t10_zim_afro,8897,2024-09-26,Joburg Bangla Tigers v Bulawayo Brave Jaguars,ok,
106833,t10_zim_afro,8897,2024-09-26,Cape Town Samp Army v Nys Lagos,ok,
106841,t10_zim_afro,8897,2024-09-27,Bulawayo Brave Jaguars v Cape Town Samp Army,ok,
106844,t10_zim_afro,8897,2024-09-27,Nys Lagos v Durban Wolves,ok,
106849,t10_zim_afro,8897,2024-09-27,Harare Bolts v Joburg Bangla Tigers,ok,
106852,t10_zim_afro,8897,2024-09-28,Harare Bolts v Joburg Bangla Tigers,ok,
106857,t10_zim_afro,8897,2024-09-28,Nys Lagos v Cape Town Samp Army,ok,
106865,t10_zim_afro,8897,2024-09-28,Harare Bolts v Cape Town Samp Army,ok,
106868,t10_zim_afro,8897,2024-09-29,Joburg Bangla Tigers v Cape Town Samp Army,ok,
77263,t10_zim_afro,6843,,,skip:no-scorecard,
77270,t10_zim_afro,6843,2023-07-21,Cape Town Samp Army v Durban Qalandars,ok,
77277,t10_zim_afro,6843,2023-07-21,Joburg Buffaloes v Bulawayo Braves,ok,inn1 off by -3; 
77284,t10_zim_afro,6843,2023-07-22,Harare Hurricanes v Cape Town Samp Army,ok,
77291,t10_zim_afro,6843,2023-07-22,Durban Qalandars v Joburg Buffaloes,ok,
77298,t10_zim_afro,6843,2023-07-22,Cape Town Samp Army v Bulawayo Braves,skip:inn1 runs 92/86 balls 60/60 wkts 6/6,
77305,t10_zim_afro,6843,2023-07-23,Durban Qalandars v Harare Hurricanes,ok,
77312,t10_zim_afro,6843,2023-07-23,Joburg Buffaloes v Cape Town Samp Army,ok,
77319,t10_zim_afro,6843,2023-07-23,Bulawayo Braves v Durban Qalandars,ok,
77326,t10_zim_afro,6843,2023-07-24,Harare Hurricanes v Joburg Buffaloes,ok,
77333,t10_zim_afro,6843,2023-07-24,Cape Town Samp Army v Durban Qalandars,ok,
77340,t10_zim_afro,6843,2023-07-24,Bulawayo Braves v Harare Hurricanes,ok,
77347,t10_zim_afro,6843,2023-07-25,Durban Qalandars v Joburg Buffaloes,skip:inn1 runs 127/121 balls 60/60 wkts 3/3,inn2 off by -1; 
77354,t10_zim_afro,6843,2023-07-25,Cape Town Samp Army v Harare Hurricanes,ok,
77361,t10_zim_afro,6843,2023-07-25,Bulawayo Braves v Joburg Buffaloes,ok,
77368,t10_zim_afro,6843,2023-07-26,Bulawayo Braves v Cape Town Samp Army,ok,
77375,t10_zim_afro,6843,2023-07-26,Durban Qalandars v Harare Hurricanes,ok,
77382,t10_zim_afro,6843,2023-07-26,Cape Town Samp Army v Joburg Buffaloes,ok,
77389,t10_zim_afro,6843,2023-07-27,Bulawayo Braves v Durban Qalandars,ok,
77396,t10_zim_afro,6843,2023-07-27,Harare Hurricanes v Joburg Buffaloes,ok,
77403,t10_zim_afro,6843,2023-07-28,Durban Qalandars v Joburg Buffaloes,ok,inn2 off by -2; 
77410,t10_zim_afro,6843,2023-07-28,Cape Town Samp Army v Harare Hurricanes,ok,
77417,t10_zim_afro,6843,2023-07-28,Durban Qalandars v Harare Hurricanes,ok,
77424,t10_zim_afro,6843,2023-07-29,Joburg Buffaloes v Durban Qalandars,ok,
78215,t10_zim_afro,6843,2023-07-21,Harare Hurricanes v Bulawayo Braves,ok,
21784,t20_blast,2782,,,skip:no-scorecard,
21788,t20_blast,2782,,,skip:no-scorecard,
21789,t20_blast,2782,,,skip:no-scorecard,
21790,t20_blast,2782,,,skip:no-scorecard,
21795,t20_blast,2782,2019-07-21,Warwickshire v Leicestershire,ok,inn1 off by 1; inn2 off by 1; 
21799,t20_blast,2782,2019-07-24,Warwickshire v Derbyshire,ok,inn1 off by 2; inn2 off by 2; 
21816,t20_blast,2782,2019-07-26,Northamptonshire v Warwickshire,ok,inn1 off by 1; inn2 off by 1; 
21854,t20_blast,2782,,,skip:no-scorecard,
21863,t20_blast,2782,,,skip:no-scorecard,
21864,t20_blast,2782,,,skip:no-scorecard,
21889,t20_blast,2782,2019-08-02,Nottinghamshire v Warwickshire,ok,inn2 off by 1; 
21901,t20_blast,2782,2019-08-04,Yorkshire v Warwickshire,ok,inn2 off by 1; 
21911,t20_blast,2782,2019-08-07,Leicestershire v Warwickshire,ok,
21915,t20_blast,2782,,,skip:no-scorecard,
21927,t20_blast,2782,2019-08-09,Warwickshire v Nottinghamshire,ok,inn1 off by -1; inn2 off by 1; 
21930,t20_blast,2782,,,skip:no-scorecard,
21931,t20_blast,2782,,,skip:no-scorecard,
21932,t20_blast,2782,2019-08-11,Warwickshire v Lancashire,ok,
21938,t20_blast,2782,,,skip:no-scorecard,
21939,t20_blast,2782,,,skip:no-scorecard,
21944,t20_blast,2782,,,skip:no-scorecard,
21945,t20_blast,2782,,,skip:no-scorecard,
21946,t20_blast,2782,,,skip:no-scorecard,
21947,t20_blast,2782,,,skip:no-scorecard,
21948,t20_blast,2782,,,skip:no-scorecard,
21949,t20_blast,2782,,,skip:no-scorecard,
21950,t20_blast,2782,,,skip:no-scorecard,
21951,t20_blast,2782,,,skip:no-scorecard,
21958,t20_blast,2782,2019-08-23,Warwickshire v Worcestershire,ok,inn2 off by 1; 
21965,t20_blast,2782,2019-08-25,Warwickshire v Northamptonshire,ok,
21970,t20_blast,2782,2019-08-27,Durham v Warwickshire,ok,
21971,t20_blast,2782,,,skip:no-scorecard,
21981,t20_blast,2782,2019-08-30,Warwickshire v Yorkshire,ok,
29835,t20_blast,2987,,,skip:no-scorecard,
29840,t20_blast,2987,,,skip:no-scorecard,
29849,t20_blast,2987,,,skip:no-scorecard,
29854,t20_blast,2987,,,skip:no-scorecard,
29864,t20_blast,2987,,,skip:no-scorecard,
29889,t20_blast,2987,2020-08-30,Glamorgan v Warwickshire,ok,inn1 off by -2; inn2 off by -3; 
29935,t20_blast,2987,2020-09-01,Northamptonshire v Warwickshire,ok,
29940,t20_blast,2987,,,skip:no-scorecard,
29944,t20_blast,2987,,,skip:no-scorecard,
29949,t20_blast,2987,,,skip:no-scorecard,
29954,t20_blast,2987,2020-09-02,Warwickshire v Gloucestershire,ok,
29995,t20_blast,2987,2020-09-04,Somerset v Warwickshire,ok,inn2 off by -1; 
30019,t20_blast,2987,2020-09-11,Warwickshire v Glamorgan,ok,
30044,t20_blast,2987,2020-09-13,Worcestershire v Warwickshire,skip:inn2 runs 187/181 balls 115/115 wkts 4/4,
30080,t20_blast,2987,2020-09-15,Gloucestershire v Warwickshire,ok,inn1 off by -2; inn2 off by 1; 
30140,t20_blast,2987,2020-09-18,Warwickshire v Worcestershire,ok,
30155,t20_blast,2987,2020-09-20,Warwickshire v Northamptonshire,ok,
119288,t20_mumbai,9875,2025-06-04,ARCS Andheri v SoBo Mumbai Falcons,ok,
119294,t20_mumbai,9875,2025-06-04,Aakash Tigers MWS v Mumbai South Central Maratha Royals,ok,
119303,t20_mumbai,9875,2025-06-04,Eagle Thane Strikers v Triumphs Knights MNE,ok,
119306,t20_mumbai,9875,2025-06-04,NaMo Bandra Blasters v North Mumbai Panthers,ok,
119312,t20_mumbai,9875,2025-06-05,ARCS Andheri v Aakash Tigers MWS,ok,
119315,t20_mumbai,9875,2025-06-05,NaMo Bandra Blasters v Eagle Thane Strikers,ok,
119324,t20_mumbai,9875,2025-06-05,SoBo Mumbai Falcons v North Mumbai Panthers,ok,
119330,t20_mumbai,9875,2025-06-05,Triumphs Knights MNE v Mumbai South Central Maratha Royals,ok,
119333,t20_mumbai,9875,2025-06-06,Aakash Tigers MWS v NaMo Bandra Blasters,ok,
119342,t20_mumbai,9875,2025-06-06,SoBo Mumbai Falcons v Triumphs Knights MNE,ok,
119351,t20_mumbai,9875,2025-06-06,Eagle Thane Strikers v Mumbai South Central Maratha Royals,ok,
119360,t20_mumbai,9875,2025-06-06,ARCS Andheri v North Mumbai Panthers,ok,inn1 off by 1; 
119366,t20_mumbai,9875,2025-06-07,Triumphs Knights MNE v NaMo Bandra Blasters,ok,
119375,t20_mumbai,9875,2025-06-07,North Mumbai Panthers v Aakash Tigers MWS,ok,
119378,t20_mumbai,9875,2025-06-07,Mumbai South Central Maratha Royals v ARCS Andheri,ok,
119384,t20_mumbai,9875,2025-06-07,SoBo Mumbai Falcons v Eagle Thane Strikers,ok,
119393,t20_mumbai,9875,2025-06-08,Mumbai South Central Maratha Royals v NaMo Bandra Blasters,ok,
119396,t20_mumbai,9875,2025-06-08,Eagle Thane Strikers v ARCS Andheri,ok,inn1 off by -2; 
119402,t20_mumbai,9875,2025-06-08,North Mumbai Panthers v Triumphs Knights MNE,ok,
119411,t20_mumbai,9875,2025-06-08,Aakash Tigers MWS v SoBo Mumbai Falcons,ok,
119420,t20_mumbai,9875,,,skip:no-scorecard,
119429,t20_mumbai,9875,2025-06-10,SoBo Mumbai Falcons v NaMo Bandra Blasters,ok,
119438,t20_mumbai,9875,2025-06-12,Mumbai South Central Maratha Royals v SoBo Mumbai Falcons,ok,
156707,t20_mumbai,12299,2026-06-01,Bandra Blasters v Eagle Thane Strikers,ok,
156718,t20_mumbai,12299,2026-06-01,MSC Maratha Royals v Aakash Tigers MWS,ok,
156729,t20_mumbai,12299,2026-06-02,North Mumbai Panthers v Triumphs Knights MNE,ok,
156731,t20_mumbai,12299,2026-06-02,SoBo Mumbai Falcons v ARCS Andheri,ok,
156739,t20_mumbai,12299,2026-06-03,North Mumbai Panthers v Bandra Blasters,skip:inn1 runs 224/228 balls 120/120 wkts 5/5,
156750,t20_mumbai,12299,2026-06-03,Aakash Tigers MWS v Eagle Thane Strikers,ok,
156761,t20_mumbai,12299,2026-06-04,MSC Maratha Royals v SoBo Mumbai Falcons,ok,
156772,t20_mumbai,12299,2026-06-04,Triumphs Knights MNE v Bandra Blasters,ok,
156783,t20_mumbai,12299,2026-06-05,Eagle Thane Strikers v ARCS Andheri,ok,
156784,t20_mumbai,12299,2026-06-05,Aakash Tigers MWS v North Mumbai Panthers,ok,inn1 off by 1; inn2 off by -2; 
156795,t20_mumbai,12299,2026-06-06,Bandra Blasters v MSC Maratha Royals,ok,
156806,t20_mumbai,12299,2026-06-06,Triumphs Knights MNE v SoBo Mumbai Falcons,ok,
156817,t20_mumbai,12299,2026-06-07,ARCS Andheri v Aakash Tigers MWS,ok,
156828,t20_mumbai,12299,2026-06-07,Eagle Thane Strikers v North Mumbai Panthers,ok,inn2 off by 1; 
156839,t20_mumbai,12299,2026-06-08,MSC Maratha Royals v Triumphs Knights MNE,ok,
156850,t20_mumbai,12299,2026-06-08,ARCS Andheri v Bandra Blasters,ok,
156861,t20_mumbai,12299,2026-06-09,SoBo Mumbai Falcons v Aakash Tigers MWS,ok,
156872,t20_mumbai,12299,2026-06-09,Triumphs Knights MNE v Eagle Thane Strikers,ok,
156883,t20_mumbai,12299,2026-06-10,SoBo Mumbai Falcons v North Mumbai Panthers,ok,
156894,t20_mumbai,12299,2026-06-10,ARCS Andheri v MSC Maratha Royals,ok,
156905,t20_mumbai,12299,2026-06-11,ARCS Andheri v Aakash Tigers MWS,ok,
156916,t20_mumbai,12299,2026-06-11,North Mumbai Panthers v MSC Maratha Royals,ok,
156927,t20_mumbai,12299,2026-06-13,ARCS Andheri v MSC Maratha Royals,ok,
22595,t20_mumbai,2832,2019-05-14,Aakash Tigers MWS v Triumphs Knights MNE,ok,inn1 off by -3; 
22596,t20_mumbai,2832,2019-05-14,ARCS Andheri v SoBo SuperSonics,skip:inn1 runs 192/188 balls 120/120 wkts 5/5,
22597,t20_mumbai,2832,2019-05-15,Eagle Thane Strikers v North Mumbai Panthers,ok,
22598,t20_mumbai,2832,2019-05-15,NaMo Bandra Blasters v ARCS Andheri,ok,
22599,t20_mumbai,2832,2019-05-16,Triumphs Knights MNE v SoBo SuperSonics,ok,
22600,t20_mumbai,2832,2019-05-16,Eagle Thane Strikers v Aakash Tigers MWS,skip:inn2 runs 145/140 balls 115/115 wkts 4/4,
22601,t20_mumbai,2832,2019-05-17,Shivaji Park Lions v ARCS Andheri,skip:inn1 runs 157/159 balls 118/120 wkts 5/6,
22602,t20_mumbai,2832,2019-05-17,North Mumbai Panthers v NaMo Bandra Blasters,ok,
22603,t20_mumbai,2832,2019-05-18,Triumphs Knights MNE v Eagle Thane Strikers,skip:inn1 runs 115/162 balls 86/120 wkts 2/7 | inn2 runs 101/124 balls 87/120 wkts 7/9,"unparsed: legbyes, 1 run, to short mid wicket; "
22604,t20_mumbai,2832,2019-05-18,SoBo SuperSonics v Aakash Tigers MWS,skip:inn1 runs 108/143 balls 93/120 wkts 5/6 | inn2 runs 101/133 balls 99/120 wkts 5/7,
22605,t20_mumbai,2832,2019-05-19,North Mumbai Panthers v ARCS Andheri,ok,inn2 off by -3; 
22606,t20_mumbai,2832,2019-05-19,Shivaji Park Lions v NaMo Bandra Blasters,ok,
22607,t20_mumbai,2832,2019-05-20,Aakash Tigers MWS v North Mumbai Panthers,ok,
22608,t20_mumbai,2832,2019-05-20,Shivaji Park Lions v Triumphs Knights MNE,ok,
22609,t20_mumbai,2832,2019-05-21,SoBo SuperSonics v NaMo Bandra Blasters,ok,
22610,t20_mumbai,2832,2019-05-21,ARCS Andheri v Eagle Thane Strikers,ok,
22611,t20_mumbai,2832,2019-05-22,SoBo SuperSonics v Shivaji Park Lions,ok,inn1 off by -3; 
22612,t20_mumbai,2832,2019-05-22,Triumphs Knights MNE v North Mumbai Panthers,ok,inn1 off by -1; 
22613,t20_mumbai,2832,2019-05-23,NaMo Bandra Blasters v Eagle Thane Strikers,ok,
22614,t20_mumbai,2832,2019-05-23,Aakash Tigers MWS v Shivaji Park Lions,ok,
22615,t20_mumbai,2832,2019-05-24,ARCS Andheri v North Mumbai Panthers,ok,"unparsed: leg byes 1 run, to point; "
22616,t20_mumbai,2832,2019-05-25,SoBo SuperSonics v Aakash Tigers MWS,skip:inn1 runs 209/217 balls 118/120 wkts 4/4 | inn2 no commentary,
22617,t20_mumbai,2832,2019-05-26,North Mumbai Panthers v SoBo SuperSonics,skip:inn2 no commentary,"unparsed: legbyes, 1 run, to backward square leg; "
103944,t20_spring_challenge,8679,2024-10-11,Sydney Thunder Women v Brisbane Heat Women,ok,
103953,t20_spring_challenge,8679,2024-10-11,Melbourne Renegades Women v Hobart Hurricanes Women,ok,inn1 off by 1; 
103962,t20_spring_challenge,8679,2024-10-11,Sydney Sixers Women v Australian Capital Territory Women,ok,inn1 off by 1; 
103971,t20_spring_challenge,8679,2024-10-11,Adelaide Strikers Women v Perth Scorchers Women,ok,
103978,t20_spring_challenge,8679,2024-10-12,Australian Capital Territory Women v Melbourne Stars Women,ok,
103980,t20_spring_challenge,8679,2024-10-12,Sydney Sixers Women v Brisbane Heat Women,ok,
103987,t20_spring_challenge,8679,2024-10-12,Melbourne Renegades Women v Perth Scorchers Women,ok,inn1 off by 1; 
103996,t20_spring_challenge,8679,2024-10-12,Adelaide Strikers Women v Hobart Hurricanes Women,ok,
103998,t20_spring_challenge,8679,2024-10-13,Sydney Thunder Women v Melbourne Stars Women,ok,
104007,t20_spring_challenge,8679,2024-10-14,Australian Capital Territory Women v Brisbane Heat Women,ok,inn1 off by -1; 
104016,t20_spring_challenge,8679,2024-10-14,Hobart Hurricanes Women v Perth Scorchers Women,ok,
104023,t20_spring_challenge,8679,2024-10-15,Adelaide Strikers Women v Melbourne Renegades Women,ok,
104032,t20_spring_challenge,8679,2024-10-15,Sydney Sixers Women v Melbourne Stars Women,ok,
104034,t20_spring_challenge,8679,2024-10-16,Australian Capital Territory Women v Hobart Hurricanes Women,ok,
104041,t20_spring_challenge,8679,2024-10-16,Adelaide Strikers Women v Brisbane Heat Women,ok,
104050,t20_spring_challenge,8679,2024-10-16,Sydney Thunder Women v Perth Scorchers Women,ok,
104059,t20_spring_challenge,8679,2024-10-17,Sydney Thunder Women v Sydney Sixers Women,ok,
104061,t20_spring_challenge,8679,2024-10-17,Melbourne Renegades Women v Melbourne Stars Women,ok,
104068,t20_spring_challenge,8679,2024-10-19,Brisbane Heat Women v Adelaide Strikers Women,ok,
104077,t20_spring_challenge,8679,2024-10-19,Hobart Hurricanes Women v Melbourne Stars Women,ok,
104079,t20_spring_challenge,8679,2024-10-20,Brisbane Heat Women v Hobart Hurricanes Women,ok,
131246,t20_spring_challenge,10675,2025-10-21,Sydney Sixers Women v Hobart Hurricanes Women,ok,
131257,t20_spring_challenge,10675,2025-10-21,Sydney Thunder Women v ACT Women,ok,
131262,t20_spring_challenge,10675,2025-10-21,Brisbane Heat Women v Melbourne Renegades Women,ok,
131273,t20_spring_challenge,10675,2025-10-21,Adelaide Strikers Women v Melbourne Stars Women,ok,
131284,t20_spring_challenge,10675,2025-10-22,Perth Scorchers Women v Sydney Sixers Women,ok,
131295,t20_spring_challenge,10675,2025-10-22,Hobart Hurricanes Women v Sydney Thunder Women,ok,
131301,t20_spring_challenge,10675,2025-10-23,Adelaide Strikers Women v ACT Women,skip:inn1 runs 126/126 balls 120/120 wkts 7/8,
131306,t20_spring_challenge,10675,2025-10-23,Perth Scorchers Women v Brisbane Heat Women,ok,
131317,t20_spring_challenge,10675,2025-10-24,Melbourne Stars Women v Hobart Hurricanes Women,ok,
131323,t20_spring_challenge,10675,2025-10-24,Melbourne Renegades Women v Adelaide Strikers Women,ok,
131334,t20_spring_challenge,10675,2025-10-25,Brisbane Heat Women v Melbourne Stars Women,ok,
131345,t20_spring_challenge,10675,2025-10-25,Sydney Sixers Women v Sydney Thunder Women,ok,unparsed: FOUR run; 
131350,t20_spring_challenge,10675,2025-10-26,Perth Scorchers Women v ACT Women,ok,inn1 off by -1; 
131361,t20_spring_challenge,10675,2025-10-26,Sydney Thunder Women v Adelaide Strikers Women,ok,
131372,t20_spring_challenge,10675,2025-10-26,Hobart Hurricanes Women v Brisbane Heat Women,ok,
131383,t20_spring_challenge,10675,2025-10-26,Sydney Sixers Women v Melbourne Renegades Women,ok,
131394,t20_spring_challenge,10675,2025-10-27,Perth Scorchers Women v Melbourne Stars Women,ok,
131405,t20_spring_challenge,10675,2025-10-27,Melbourne Renegades Women v ACT Women,ok,inn1 off by 2; 
131411,t20_spring_challenge,10675,,,skip:no-scorecard,
131422,t20_spring_challenge,10675,,,skip:no-scorecard,
131433,t20_spring_challenge,10675,2025-10-30,Hobart Hurricanes Women v Brisbane Heat Women,ok,
162429,tg20,12664,2026-06-21,Anvita Khammam Aces v Palamuru Strikers,ok,
162438,tg20,12664,2026-06-22,Anurag Nalgonda Knights v Ranga Reddy Risers,ok,
162440,tg20,12664,2026-06-22,Warangal Warriors v Medak Falcons,skip:inn2 no commentary,
162449,tg20,12664,2026-06-23,Palamuru Strikers v Hyderabad E Champions,ok,
162460,tg20,12664,2026-06-23,Medak Falcons v Ranga Reddy Risers,ok,
162462,tg20,12664,2026-06-24,Anvita Khammam Aces v Warangal Warriors,ok,
162471,tg20,12664,2026-06-24,Karimnagar Diamonds v Anurag Nalgonda Knights,ok,
162473,tg20,12664,2026-06-25,Ranga Reddy Risers v Hyderabad E Champions,ok,
162482,tg20,12664,2026-06-25,Medak Falcons v Palamuru Strikers,ok,
162492,tg20,12664,2026-06-26,Anurag Nalgonda Knights v Warangal Warriors,ok,inn1 off by -3; 
162503,tg20,12664,2026-06-26,Anvita Khammam Aces v Karimnagar Diamonds,ok,
162504,tg20,12664,2026-06-27,Hyderabad E Champions v Medak Falcons,ok,
162514,tg20,12664,2026-06-27,Palamuru Strikers v Ranga Reddy Risers,ok,
162525,tg20,12664,2026-06-28,Karimnagar Diamonds v Warangal Warriors,ok,
162536,tg20,12664,2026-06-29,Anurag Nalgonda Knights v Palamuru Strikers,ok,
162547,tg20,12664,2026-06-29,Hyderabad E Champions v Anvita Khammam Aces,ok,
162558,tg20,12664,2026-06-30,Karimnagar Diamonds v Medak Falcons,ok,
162559,tg20,12664,2026-07-01,Hyderabad E Champions v Warangal Warriors,ok,
162570,tg20,12664,2026-07-01,Anurag Nalgonda Knights v Anvita Khammam Aces,ok,
162581,tg20,12664,2026-07-02,Karimnagar Diamonds v Ranga Reddy Risers,ok,
162592,tg20,12664,2026-07-03,Anurag Nalgonda Knights v Medak Falcons,ok,
162603,tg20,12664,2026-07-03,Palamuru Strikers v Warangal Warriors,ok,
162613,tg20,12664,2026-07-04,Anvita Khammam Aces v Ranga Reddy Risers,ok,
162616,tg20,12664,2026-07-04,Hyderabad E Champions v Karimnagar Diamonds,ok,
162627,tg20,12664,2026-07-06,Anvita Khammam Aces v Medak Falcons,ok,
162635,tg20,12664,2026-07-06,Hyderabad E Champions v Anurag Nalgonda Knights,ok,
162638,tg20,12664,2026-07-07,Karimnagar Diamonds v Palamuru Strikers,ok,
162647,tg20,12664,2026-07-07,Ranga Reddy Risers v Warangal Warriors,ok,
162649,tg20,12664,2026-07-09,Karimnagar Diamonds v Ranga Reddy Risers,ok,
162658,tg20,12664,2026-07-09,Hyderabad E Champions v Anvita Khammam Aces,ok,
162668,tg20,12664,2026-07-10,Hyderabad E Champions v Karimnagar Diamonds,ok,
162679,tg20,12664,2026-07-12,Anvita Khammam Aces v Hyderabad E Champions,ok,
119060,tnpl,9866,2025-06-05,Dindigul Dragons v Lyca Kovai Kings,ok,
119063,tnpl,9866,2025-06-06,IDream Tiruppur Tamizhans v Chepauk Super Gillies,ok,
119072,tnpl,9866,2025-06-07,Nellai Royal Kings v Trichy Grand Cholas,ok,
119078,tnpl,9866,2025-06-08,Siechem Madurai Panthers v Salem Spartans,ok,
119087,tnpl,9866,2025-06-08,IDream Tiruppur Tamizhans v Dindigul Dragons,ok,
119096,tnpl,9866,2025-06-09,Chepauk Super Gillies v Nellai Royal Kings,ok,
119105,tnpl,9866,2025-06-10,Salem Spartans v Trichy Grand Cholas,ok,
119108,tnpl,9866,2025-06-11,Lyca Kovai Kings v Siechem Madurai Panthers,ok,
119117,tnpl,9866,2025-06-13,IDream Tiruppur Tamizhans v Salem Spartans,ok,
119126,tnpl,9866,2025-06-14,Chepauk Super Gillies v Lyca Kovai Kings,ok,
119135,tnpl,9866,2025-06-14,Dindigul Dragons v Siechem Madurai Panthers,ok,
119144,tnpl,9866,2025-06-15,Trichy Grand Cholas v IDream Tiruppur Tamizhans,ok,
119153,tnpl,9866,2025-06-15,Nellai Royal Kings v Salem Spartans,ok,
119159,tnpl,9866,2025-06-16,Dindigul Dragons v Chepauk Super Gillies,ok,
119162,tnpl,9866,2025-06-17,Trichy Grand Cholas v Lyca Kovai Kings,ok,
119168,tnpl,9866,2025-06-18,Siechem Madurai Panthers v Nellai Royal Kings,ok,
119171,tnpl,9866,2025-06-19,Salem Spartans v Chepauk Super Gillies,ok,inn1 off by 1; 
119180,tnpl,9866,2025-06-21,Lyca Kovai Kings v Nellai Royal Kings,ok,
119189,tnpl,9866,2025-06-22,Salem Spartans v Dindigul Dragons,ok,
119195,tnpl,9866,2025-06-22,Siechem Madurai Panthers v IDream Tiruppur Tamizhans,ok,
119204,tnpl,9866,2025-06-23,Chepauk Super Gillies v Trichy Grand Cholas,ok,
119207,tnpl,9866,2025-06-24,Lyca Kovai Kings v IDream Tiruppur Tamizhans,ok,
119213,tnpl,9866,2025-06-25,Trichy Grand Cholas v Siechem Madurai Panthers,ok,
119222,tnpl,9866,2025-06-26,Nellai Royal Kings v Dindigul Dragons,ok,
119231,tnpl,9866,2025-06-28,Chepauk Super Gillies v Siechem Madurai Panthers,ok,
119240,tnpl,9866,2025-06-29,IDream Tiruppur Tamizhans v Nellai Royal Kings,ok,
119249,tnpl,9866,2025-06-29,Dindigul Dragons v Trichy Grand Cholas,ok,
119258,tnpl,9866,2025-07-01,Chepauk Super Gillies v IDream Tiruppur Tamizhans,ok,
119267,tnpl,9866,2025-07-02,Dindigul Dragons v Trichy Grand Cholas,ok,
119276,tnpl,9866,2025-07-04,Chepauk Super Gillies v Dindigul Dragons,ok,
119279,tnpl,9866,2025-07-06,IDream Tiruppur Tamizhans v Dindigul Dragons,skip:inn2 runs 102/102 balls 88/88 wkts 9/10,
119684,tnpl,9866,2025-06-28,Lyca Kovai Kings v Salem Spartans,ok,
166810,tnpl,12620,2026-08-04,IDream Tiruppur Tamizhans v Dindigul Dragons,ok,
166820,tnpl,12620,2026-08-05,Trichy Grand Cholas v Madurai Panthers,ok,
166823,tnpl,12620,2026-08-05,Chepauk Super Gillies v Nellai Royal Kings,ok,
166833,tnpl,12620,2026-08-06,SKM Salem Spartans v Vida Kovai Kings,ok,
166840,tnpl,12620,2026-08-07,Chepauk Super Gillies v IDream Tiruppur Tamizhans,ok,
166843,tnpl,12620,2026-08-07,Nellai Royal Kings v Dindigul Dragons,ok,
166853,tnpl,12620,2026-08-08,Madurai Panthers v Vida Kovai Kings,ok,
166863,tnpl,12620,2026-08-08,SKM Salem Spartans v Trichy Grand Cholas,ok,
166873,tnpl,12620,2026-08-09,Dindigul Dragons v Chepauk Super Gillies,ok,
166880,tnpl,12620,2026-08-09,IDream Tiruppur Tamizhans v Nellai Royal Kings,ok,
166883,tnpl,12620,2026-08-10,SKM Salem Spartans v Madurai Panthers,ok,
166893,tnpl,12620,2026-08-11,Nellai Royal Kings v Trichy Grand Cholas,ok,
166903,tnpl,12620,2026-08-11,Vida Kovai Kings v IDream Tiruppur Tamizhans,ok,
166910,tnpl,12620,2026-08-12,Chepauk Super Gillies v Salem Spartans,ok,
166913,tnpl,12620,2026-08-12,Dindigul Dragons v Siechem Madurai Panthers,ok,
166923,tnpl,12620,2026-08-13,Vida Kovai Kings v Nellai Royal Kings,ok,
166933,tnpl,12620,2026-08-13,Trichy Grand Cholas v IDream Tiruppur Tamizhans,ok,
166943,tnpl,12620,2026-08-14,SKM Salem Spartans v Dindigul Dragons,ok,inn2 off by -1; 
166953,tnpl,12620,2026-08-14,Madurai Panthers v Chepauk Super Gillies,ok,
166963,tnpl,12620,2026-08-15,Vida Kovai Kings v Trichy Grand Cholas,ok,
166973,tnpl,12620,2026-08-18,Chepauk Super Gillies v Vida Kovai Kings,ok,inn1 off by -1; 
166980,tnpl,12620,2026-08-19,Dindigul Dragons v Trichy Grand Cholas,ok,
166983,tnpl,12620,2026-08-20,Madurai Panthers v IDream Tiruppur Tamizhans,ok,
166993,tnpl,12620,2026-08-20,Nellai Royal Kings v SKM Salem Spartans,ok,
167000,tnpl,12620,2026-08-21,Vida Kovai Kings v Dindigul Dragons,ok,
167003,tnpl,12620,2026-08-21,Trichy Grand Cholas v Chepauk Super Gillies,ok,
167013,tnpl,12620,2026-08-22,IDream Tiruppur Tamizhans v SKM Salem Spartans,ok,
167017,tnpl,12620,2026-08-22,Nellai Royal Kings v Madurai Panthers,ok,
167020,tnpl,12620,2026-08-23,Madurai Panthers v Trichy Grand Cholas,ok,
167027,tnpl,12620,2026-08-24,Vida Kovai Kings v IDream Tiruppur Tamizhans,ok,
167030,tnpl,12620,2026-08-26,Trichy Grand Cholas v Vida Kovai Kings,ok,
167040,tnpl,12620,2026-08-28,Madurai Panthers v Vida Kovai Kings,ok,
16956,tnpl,2499,2016-08-24,Chepauk Super Gillies v TUTI Patriots,skip:inn1 no commentary | inn2 no commentary,
16957,tnpl,2499,2016-08-25,VB Thiruvallur Veerans v Karaikudi Kaalai,skip:inn1 no commentary | inn2 no commentary,
16958,tnpl,2499,2016-08-26,Lyca Kovai Kings v Ruby Kanchi Warriors,skip:inn1 no commentary | inn2 no commentary,
16959,tnpl,2499,2016-08-27,Dindigul Dragons v Madurai Panthers,skip:inn1 no commentary | inn2 no commentary,
16960,tnpl,2499,2016-08-28,Chepauk Super Gillies v Karaikudi Kaalai,skip:inn1 no commentary | inn2 no commentary,
16961,tnpl,2499,2016-08-29,VB Thiruvallur Veerans v Madurai Panthers,skip:inn1 no commentary | inn2 no commentary,
16962,tnpl,2499,2016-08-30,Dindigul Dragons v Ruby Kanchi Warriors,skip:inn1 no commentary | inn2 no commentary,
16963,tnpl,2499,2016-08-31,Lyca Kovai Kings v TUTI Patriots,skip:inn1 no commentary | inn2 no commentary,
16964,tnpl,2499,2016-09-01,Dindigul Dragons v VB Thiruvallur Veerans,skip:inn1 no commentary | inn2 no commentary,
16965,tnpl,2499,2016-09-02,Madurai Panthers v Lyca Kovai Kings,skip:inn1 no commentary | inn2 no commentary,
16966,tnpl,2499,2016-09-03,Karaikudi Kaalai v TUTI Patriots,skip:inn1 no commentary | inn2 no commentary,
16967,tnpl,2499,2016-09-03,Ruby Kanchi Warriors v Chepauk Super Gillies,skip:inn1 no commentary | inn2 no commentary,
16968,tnpl,2499,2016-09-04,Dindigul Dragons v TUTI Patriots,skip:inn1 no commentary | inn2 no commentary,
16969,tnpl,2499,2016-09-05,VB Thiruvallur Veerans v Ruby Kanchi Warriors,skip:inn1 no commentary | inn2 no commentary,
16970,tnpl,2499,2016-09-05,Lyca Kovai Kings v Chepauk Super Gillies,skip:inn1 no commentary | inn2 no commentary,
16971,tnpl,2499,2016-09-06,Madurai Panthers v Karaikudi Kaalai,skip:inn1 no commentary | inn2 no commentary,
16972,tnpl,2499,2016-09-07,VB Thiruvallur Veerans v TUTI Patriots,skip:inn1 no commentary | inn2 no commentary,
16974,tnpl,2499,2016-09-08,Dindigul Dragons v Chepauk Super Gillies,skip:inn1 no commentary | inn2 no commentary,
16975,tnpl,2499,2016-09-09,Madurai Panthers v Ruby Kanchi Warriors,skip:inn1 no commentary | inn2 no commentary,
16976,tnpl,2499,2016-09-09,Karaikudi Kaalai v Lyca Kovai Kings,skip:inn1 no commentary | inn2 no commentary,
16977,tnpl,2499,2016-09-10,Madurai Panthers v Chepauk Super Gillies,skip:inn1 no commentary | inn2 no commentary,
16978,tnpl,2499,2016-09-10,VB Thiruvallur Veerans v Lyca Kovai Kings,skip:inn1 no commentary | inn2 no commentary,
16979,tnpl,2499,2016-09-11,Dindigul Dragons v Karaikudi Kaalai,skip:inn1 no commentary | inn2 no commentary,
16980,tnpl,2499,2016-09-11,Ruby Kanchi Warriors v TUTI Patriots,skip:inn1 no commentary | inn2 no commentary,
16981,tnpl,2499,2016-09-12,VB Thiruvallur Veerans v Chepauk Super Gillies,skip:inn1 no commentary | inn2 no commentary,
16982,tnpl,2499,2016-09-13,Dindigul Dragons v Lyca Kovai Kings,skip:inn1 no commentary | inn2 no commentary,
16983,tnpl,2499,2016-09-13,TUTI Patriots v Madurai Panthers,skip:inn1 no commentary | inn2 no commentary,
16984,tnpl,2499,2016-09-14,Karaikudi Kaalai v Ruby Kanchi Warriors,skip:inn1 no commentary | inn2 no commentary,
16985,tnpl,2499,2016-09-16,Dindigul Dragons v TUTI Patriots,skip:inn1 no commentary | inn2 no commentary,
16986,tnpl,2499,2016-09-17,Chepauk Super Gillies v Lyca Kovai Kings,skip:inn1 no commentary | inn2 no commentary,
16987,tnpl,2499,2016-09-18,TUTI Patriots v Chepauk Super Gillies,skip:inn1 no commentary | inn2 no commentary,
18406,tnpl,2594,2017-07-22,TUTI Patriots v Dindigul Dragons,ok,
18407,tnpl,2594,2017-07-23,Lyca Kovai Kings v Karaikudi Kaalai,ok,"unparsed: legbyes, 1 run, banged in short and just; "
18408,tnpl,2594,2017-07-24,Chepauk Super Gillies v VB Thiruvallur Veerans,ok,inn1 off by -1; 
18409,tnpl,2594,2017-07-25,Madurai Panthers v Dindigul Dragons,ok,
18410,tnpl,2594,2017-07-26,Ruby Trichy Warriors v TUTI Patriots,ok,inn1 off by -3; 
18411,tnpl,2594,2017-07-27,Madurai Panthers v Karaikudi Kaalai,ok,inn1 off by -2; 
18412,tnpl,2594,2017-07-28,Dindigul Dragons v VB Thiruvallur Veerans,ok,inn1 off by -1; 
18413,tnpl,2594,2017-07-29,Chepauk Super Gillies v Lyca Kovai Kings,ok,
18414,tnpl,2594,2017-07-30,Karaikudi Kaalai v TUTI Patriots,ok,inn1 off by -3; inn2 off by -2; 
18415,tnpl,2594,2017-07-30,VB Thiruvallur Veerans v Ruby Trichy Warriors,ok,
18416,tnpl,2594,,,skip:no-scorecard,
18417,tnpl,2594,2017-08-01,Chepauk Super Gillies v TUTI Patriots,ok,inn2 off by -1; 
18418,tnpl,2594,2017-08-02,Karaikudi Kaalai v VB Thiruvallur Veerans,ok,unparsed: SIX. consecutive sixes for Kaalai. Horri; 
18419,tnpl,2594,2017-08-02,Ruby Trichy Warriors v Madurai Panthers,ok,
18420,tnpl,2594,2017-08-03,TUTI Patriots v Lyca Kovai Kings,ok,"unparsed: 1 leg bye, angles the ball into the sout; inn2 off by -1; "
18421,tnpl,2594,2017-08-04,Karaikudi Kaalai v Chepauk Super Gillies,ok,inn2 off by -3; 
18422,tnpl,2594,2017-08-05,Dindigul Dragons v Ruby Trichy Warriors,ok,
18423,tnpl,2594,2017-08-05,VB Thiruvallur Veerans v TUTI Patriots,ok,
18424,tnpl,2594,2017-08-06,Madurai Panthers v Chepauk Super Gillies,ok,
18425,tnpl,2594,2017-08-07,Dindigul Dragons v Karaikudi Kaalai,ok,
18426,tnpl,2594,2017-08-08,Madurai Panthers v VB Thiruvallur Veerans,ok,inn1 off by -1; 
18427,tnpl,2594,2017-08-09,Chepauk Super Gillies v Ruby Trichy Warriors,ok,
18428,tnpl,2594,,,skip:no-scorecard,
18429,tnpl,2594,2017-08-11,Karaikudi Kaalai v Ruby Trichy Warriors,ok,unresolved name; 
18430,tnpl,2594,2017-08-12,VB Thiruvallur Veerans v Lyca Kovai Kings,ok,
18431,tnpl,2594,2017-08-13,TUTI Patriots v Madurai Panthers,ok,inn1 off by -1; 
18432,tnpl,2594,2017-08-13,Dindigul Dragons v Chepauk Super Gillies,ok,
18433,tnpl,2594,2017-08-14,Ruby Trichy Warriors v Lyca Kovai Kings,ok,unparsed: opens the punchy push to backward point; 
18434,tnpl,2594,2017-08-15,TUTI Patriots v Chepauk Super Gillies,ok,inn2 off by -3; 
18435,tnpl,2594,2017-08-16,Karaikudi Kaalai v Lyca Kovai Kings,ok,
18436,tnpl,2594,2017-08-18,Chepauk Super Gillies v Lyca Kovai Kings,ok,
18437,tnpl,2594,2017-08-20,TUTI Patriots v Chepauk Super Gillies,ok,inn1 off by -3; 
20469,tnpl,2716,2018-07-11,Dindigul Dragons v Ruby Trichy Warriors,ok,
20470,tnpl,2716,2018-07-13,Madurai Panthers v Dindigul Dragons,ok,
20471,tnpl,2716,2018-07-14,Chepauk Super Gillies v Ruby Trichy Warriors,ok,inn2 off by -1; 
20472,tnpl,2716,2018-07-15,TUTI Patriots v VB Kanchi Veerans,ok,
20473,tnpl,2716,2018-07-15,Lyca Kovai Kings v Karaikudi Kaalai,ok,inn1 off by -2; inn2 off by -2; 
20474,tnpl,2716,2018-07-16,Madurai Panthers v Chepauk Super Gillies,ok,inn2 off by -2; 
20475,tnpl,2716,2018-07-18,Lyca Kovai Kings v Dindigul Dragons,ok,
20476,tnpl,2716,2018-07-19,Karaikudi Kaalai v VB Kanchi Veerans,ok,inn1 off by -2; 
20477,tnpl,2716,2018-07-20,TUTI Patriots v Lyca Kovai Kings,ok,
20478,tnpl,2716,2018-07-21,Chepauk Super Gillies v Karaikudi Kaalai,ok,
20479,tnpl,2716,2018-07-22,Madurai Panthers v TUTI Patriots,ok,
20480,tnpl,2716,2018-07-22,Dindigul Dragons v VB Kanchi Veerans,ok,
20481,tnpl,2716,2018-07-23,Ruby Trichy Warriors v Lyca Kovai Kings,ok,inn1 off by -3; 
20482,tnpl,2716,2018-07-24,TUTI Patriots v Dindigul Dragons,skip:inn2 runs 172/178 balls 113/114 wkts 6/6,
20483,tnpl,2716,2018-07-25,VB Kanchi Veerans v Madurai Panthers,ok,
20484,tnpl,2716,2018-07-26,Lyca Kovai Kings v Chepauk Super Gillies,ok,
20485,tnpl,2716,2018-07-27,Ruby Trichy Warriors v Karaikudi Kaalai,ok,inn2 off by -3; 
20486,tnpl,2716,2018-07-28,Chepauk Super Gillies v TUTI Patriots,ok,
20487,tnpl,2716,2018-07-29,Ruby Trichy Warriors v Madurai Panthers,ok,
20488,tnpl,2716,2018-07-29,VB Kanchi Veerans v Lyca Kovai Kings,ok,
20489,tnpl,2716,2018-07-30,Dindigul Dragons v Karaikudi Kaalai,ok,"unparsed: free hit, SIX, short ball, slower one at; "
20490,tnpl,2716,2018-07-31,Chepauk Super Gillies v VB Kanchi Veerans,ok,
20491,tnpl,2716,2018-08-01,TUTI Patriots v Ruby Trichy Warriors,ok,
20492,tnpl,2716,2018-08-02,Karaikudi Kaalai v Madurai Panthers,ok,
20493,tnpl,2716,2018-08-03,Chepauk Super Gillies v Dindigul Dragons,ok,
20494,tnpl,2716,2018-08-04,Lyca Kovai Kings v Madurai Panthers,ok,
20495,tnpl,2716,2018-08-05,VB Kanchi Veerans v Ruby Trichy Warriors,ok,"unparsed: no ru, shortish and on the stumps, Divak; "
20496,tnpl,2716,2018-08-05,Karaikudi Kaalai v TUTI Patriots,ok,
20497,tnpl,2716,,,skip:no-scorecard,
20498,tnpl,2716,2018-08-09,Lyca Kovai Kings v Karaikudi Kaalai,ok,
20499,tnpl,2716,2018-08-10,Madurai Panthers v Lyca Kovai Kings,ok,"inn1 off by -1; unparsed: legbyes, 1 run, walks across to the off-; "
20500,tnpl,2716,2018-08-12,Dindigul Dragons v Madurai Panthers,ok,
20844,tnpl,2716,2018-08-09,Dindigul Dragons v Madurai Panthers,ok,
22917,tnpl,2864,2019-07-19,Dindigul Dragons v Chepauk Super Gillies,ok,
22918,tnpl,2864,2019-07-20,Karaikudi Kaalai v Ruby Trichy Warriors,ok,inn2 off by 1; 
22919,tnpl,2864,2019-07-20,TUTI Patriots v Madurai Panthers,ok,inn1 off by -3; 
22920,tnpl,2864,2019-07-21,Lyca Kovai Kings v VB Kanchi Veerans,ok,inn1 off by 2; 
22921,tnpl,2864,2019-07-22,Dindigul Dragons v Madurai Panthers,ok,
22922,tnpl,2864,2019-07-23,Ruby Trichy Warriors v Chepauk Super Gillies,ok,
22923,tnpl,2864,2019-07-24,Karaikudi Kaalai v VB Kanchi Veerans,ok,
22924,tnpl,2864,2019-07-25,TUTI Patriots v Lyca Kovai Kings,ok,
22925,tnpl,2864,2019-07-26,Chepauk Super Gillies v Karaikudi Kaalai,ok,inn1 off by -2; inn2 off by -1; 
22926,tnpl,2864,2019-07-27,Dindigul Dragons v TUTI Patriots,skip:inn2 runs 133/133 balls 120/120 wkts 10/9,
22927,tnpl,2864,2019-07-27,Lyca Kovai Kings v Ruby Trichy Warriors,ok,
22928,tnpl,2864,2019-07-28,Madurai Panthers v VB Kanchi Veerans,ok,
22929,tnpl,2864,2019-07-28,Chepauk Super Gillies v Lyca Kovai Kings,ok,
22930,tnpl,2864,2019-07-29,Dindigul Dragons v Karaikudi Kaalai,ok,
22931,tnpl,2864,2019-07-30,TUTI Patriots v VB Kanchi Veerans,ok,
22932,tnpl,2864,2019-07-31,Ruby Trichy Warriors v Madurai Panthers,ok,
22933,tnpl,2864,2019-08-01,Karaikudi Kaalai v TUTI Patriots,ok,
22934,tnpl,2864,2019-08-02,Lyca Kovai Kings v Madurai Panthers,ok,
22935,tnpl,2864,2019-08-02,Chepauk Super Gillies v VB Kanchi Veerans,ok,inn2 off by -3; 
22936,tnpl,2864,2019-08-03,Dindigul Dragons v Ruby Trichy Warriors,ok,
22937,tnpl,2864,2019-08-03,Chepauk Super Gillies v Madurai Panthers,ok,
22938,tnpl,2864,2019-08-04,Karaikudi Kaalai v Lyca Kovai Kings,ok,
22939,tnpl,2864,2019-08-05,Dindigul Dragons v VB Kanchi Veerans,ok,inn1 off by -1; 
22940,tnpl,2864,2019-08-06,TUTI Patriots v Ruby Trichy Warriors,ok,"unparsed: 1 run .. 99, with a no-fuss flick to lon; "
22941,tnpl,2864,2019-08-07,Dindigul Dragons v Lyca Kovai Kings,ok,
22942,tnpl,2864,2019-08-08,Karaikudi Kaalai v Madurai Panthers,ok,inn2 off by -1; 
22943,tnpl,2864,2019-08-09,TUTI Patriots v Chepauk Super Gillies,ok,
22944,tnpl,2864,2019-08-09,VB Kanchi Veerans v Ruby Trichy Warriors,ok,
22945,tnpl,2864,2019-08-11,Dindigul Dragons v Chepauk Super Gillies,ok,inn2 off by -3; 
22946,tnpl,2864,2019-08-11,Madurai Panthers v VB Kanchi Veerans,ok,
22947,tnpl,2864,2019-08-13,Dindigul Dragons v Madurai Panthers,ok,
22948,tnpl,2864,2019-08-15,Chepauk Super Gillies v Dindigul Dragons,ok,unparsed: FOUR .. and Dindigul are finally off. Ni; 
36636,tnpl,3517,2021-07-19,Lyca Kovai Kings v Salem Spartans,ok,
36641,tnpl,3517,2021-07-20,Chepauk Super Gillies v IDream Tiruppur Tamizhans,ok,
36646,tnpl,3517,2021-07-21,Nellai Royal Kings v Ruby Trichy Warriors,ok,
36647,tnpl,3517,2021-07-22,Dindigul Dragons v Madurai Panthers,ok,
36651,tnpl,3517,2021-07-23,Ruby Trichy Warriors v Lyca Kovai Kings,ok,
36652,tnpl,3517,2021-07-24,Chepauk Super Gillies v Nellai Royal Kings,ok,
36657,tnpl,3517,2021-07-24,IDream Tiruppur Tamizhans v Salem Spartans,ok,
36662,tnpl,3517,2021-07-25,Madurai Panthers v Ruby Trichy Warriors,skip:inn2 runs 138/138 balls 113/114 wkts 6/7,
36666,tnpl,3517,2021-07-25,Lyca Kovai Kings v Dindigul Dragons,skip:inn2 runs 202/202 balls 108/108 wkts 6/5,
36671,tnpl,3517,2021-07-26,Nellai Royal Kings v IDream Tiruppur Tamizhans,ok,
36676,tnpl,3517,2021-07-27,Dindigul Dragons v Ruby Trichy Warriors,ok,
36677,tnpl,3517,2021-07-28,Salem Spartans v Chepauk Super Gillies,ok,
36682,tnpl,3517,2021-07-28,Madurai Panthers v Lyca Kovai Kings,ok,
36686,tnpl,3517,2021-07-29,Ruby Trichy Warriors v IDream Tiruppur Tamizhans,ok,
36687,tnpl,3517,2021-07-30,Dindigul Dragons v Salem Spartans,ok,
36691,tnpl,3517,2021-07-31,Lyca Kovai Kings v IDream Tiruppur Tamizhans,ok,
36696,tnpl,3517,2021-07-31,Madurai Panthers v Nellai Royal Kings,ok,
36701,tnpl,3517,2021-08-01,Salem Spartans v Ruby Trichy Warriors,ok,
36706,tnpl,3517,2021-08-01,Chepauk Super Gillies v Dindigul Dragons,ok,
36711,tnpl,3517,2021-08-02,IDream Tiruppur Tamizhans v Madurai Panthers,ok,
36716,tnpl,3517,2021-08-03,Nellai Royal Kings v Dindigul Dragons,ok,
36721,tnpl,3517,2021-08-04,Madurai Panthers v Chepauk Super Gillies,ok,
36726,tnpl,3517,2021-08-05,Salem Spartans v Nellai Royal Kings,ok,
36731,tnpl,3517,2021-08-06,Chepauk Super Gillies v Lyca Kovai Kings,ok,
36736,tnpl,3517,2021-08-07,IDream Tiruppur Tamizhans v Dindigul Dragons,ok,inn2 off by -1; 
36741,tnpl,3517,2021-08-07,Salem Spartans v Madurai Panthers,ok,
36742,tnpl,3517,2021-08-08,Lyca Kovai Kings v Nellai Royal Kings,ok,
36746,tnpl,3517,2021-08-08,Ruby Trichy Warriors v Chepauk Super Gillies,ok,
36751,tnpl,3517,2021-08-10,Ruby Trichy Warriors v Chepauk Super Gillies,ok,
36752,tnpl,3517,2021-08-11,Dindigul Dragons v Lyca Kovai Kings,ok,inn1 off by -1; 
36757,tnpl,3517,2021-08-13,Chepauk Super Gillies v Dindigul Dragons,ok,
36761,tnpl,3517,2021-08-15,Ruby Trichy Warriors v Chepauk Super Gillies,ok,
48221,tnpl,4184,2022-06-23,Chepauk Super Gillies v Nellai Royal Kings,ok,inn2 off by 1; 
48226,tnpl,4184,2022-06-24,Dindigul Dragons v Ruby Trichy Warriors,ok,
48233,tnpl,4184,2022-06-25,Madurai Panthers v Chepauk Super Gillies,ok,
48240,tnpl,4184,2022-06-25,Salem Spartans v Nellai Royal Kings,ok,
48242,tnpl,4184,2022-06-26,Lyca Kovai Kings v Dindigul Dragons,ok,
48247,tnpl,4184,2022-06-27,Ruby Trichy Warriors v IDream Tiruppur Tamizhans,ok,
48249,tnpl,4184,2022-06-30,Nellai Royal Kings v Dindigul Dragons,ok,
48256,tnpl,4184,2022-06-30,Madurai Panthers v Lyca Kovai Kings,ok,
48263,tnpl,4184,2022-07-04,IDream Tiruppur Tamizhans v Dindigul Dragons,ok,
48268,tnpl,4184,2022-07-05,Nellai Royal Kings v Madurai Panthers,ok,
48275,tnpl,4184,2022-07-06,Lyca Kovai Kings v Salem Spartans,ok,
48277,tnpl,4184,2022-07-06,Ruby Trichy Warriors v Chepauk Super Gillies,ok,
48282,tnpl,4184,2022-07-07,Dindigul Dragons v Madurai Panthers,ok,
48289,tnpl,4184,2022-07-10,Nellai Royal Kings v IDream Tiruppur Tamizhans,ok,
48291,tnpl,4184,2022-07-10,Ruby Trichy Warriors v Lyca Kovai Kings,ok,
48298,tnpl,4184,2022-07-11,Salem Spartans v Madurai Panthers,ok,
48303,tnpl,4184,2022-07-12,Chepauk Super Gillies v Lyca Kovai Kings,ok,
48305,tnpl,4184,2022-07-13,IDream Tiruppur Tamizhans v Salem Spartans,ok,
48310,tnpl,4184,2022-07-15,Nellai Royal Kings v Ruby Trichy Warriors,ok,
48317,tnpl,4184,2022-07-16,Lyca Kovai Kings v IDream Tiruppur Tamizhans,ok,
48324,tnpl,4184,2022-07-16,Chepauk Super Gillies v Dindigul Dragons,ok,
48326,tnpl,4184,2022-07-19,Salem Spartans v Chepauk Super Gillies,ok,
48333,tnpl,4184,2022-07-20,IDream Tiruppur Tamizhans v Madurai Panthers,ok,"unparsed: legbyes, 1 run, fired in on the pads as ; inn2 off by 1; "
48338,tnpl,4184,2022-07-21,Salem Spartans v Ruby Trichy Warriors,ok,unparsed: no run .. and again. This good length ba; unparsed: no run .. and back to playing and missin; 
48345,tnpl,4184,2022-07-22,Chepauk Super Gillies v IDream Tiruppur Tamizhans,ok,unparsed: no run a good square drive but played st; 
48352,tnpl,4184,2022-07-23,Lyca Kovai Kings v Nellai Royal Kings,ok,inn1 off by -1; 
48359,tnpl,4184,2022-07-24,Madurai Panthers v Ruby Trichy Warriors,ok,
48361,tnpl,4184,2022-07-24,Dindigul Dragons v Salem Spartans,ok,
48368,tnpl,4184,2022-07-26,Madurai Panthers v Lyca Kovai Kings,ok,
48375,tnpl,4184,2022-07-27,Nellai Royal Kings v Chepauk Super Gillies,ok,
48382,tnpl,4184,2022-07-29,Lyca Kovai Kings v Nellai Royal Kings,ok,
48389,tnpl,4184,2022-07-31,Chepauk Super Gillies v Lyca Kovai Kings,ok,inn1 off by -1; 
68847,tnpl,6158,2023-06-12,Lyca Kovai Kings v IDream Tiruppur Tamizhans,ok,
68854,tnpl,6158,2023-06-13,Salem Spartans v Chepauk Super Gillies,ok,
68861,tnpl,6158,2023-06-14,Siechem Madurai Panthers v Nellai Royal Kings,ok,"unparsed: 1 rum, yorker, Ajitesh disg it out to lo; "
68868,tnpl,6158,2023-06-14,Dindigul Dragons v Ba11sy Trichy,ok,
68875,tnpl,6158,2023-06-15,Chepauk Super Gillies v IDream Tiruppur Tamizhans,ok,"inn1 off by -1; unparsed: legbyes, 1 run, the off-break from Apara; "
68878,tnpl,6158,2023-06-16,Lyca Kovai Kings v Nellai Royal Kings,skip:inn2 runs 182/182 balls 120/120 wkts 7/6,
68882,tnpl,6158,2023-06-18,Salem Spartans v Ba11sy Trichy,ok,
68889,tnpl,6158,2023-06-18,Dindigul Dragons v Siechem Madurai Panthers,ok,
68896,tnpl,6158,2023-06-19,Lyca Kovai Kings v Chepauk Super Gillies,ok,
68899,tnpl,6158,2023-06-20,Nellai Royal Kings v IDream Tiruppur Tamizhans,ok,"unparsed: full and on off-stump, pushed towards co; "
68903,tnpl,6158,2023-06-21,Chepauk Super Gillies v Dindigul Dragons,ok,inn1 off by 2; 
68906,tnpl,6158,2023-06-21,Ba11sy Trichy v Lyca Kovai Kings,ok,
68910,tnpl,6158,2023-06-22,Nellai Royal Kings v Salem Spartans,ok,
68913,tnpl,6158,2023-06-24,Nellai Royal Kings v Chepauk Super Gillies,skip:inn1 runs 159/159 balls 120/120 wkts 8/7,"unparsed: 1 run quicker on the stumps, another tuc; "
68917,tnpl,6158,2023-06-24,Salem Spartans v Siechem Madurai Panthers,ok,
68924,tnpl,6158,2023-06-25,Dindigul Dragons v Lyca Kovai Kings,ok,
68927,tnpl,6158,2023-06-25,IDream Tiruppur Tamizhans v Ba11sy Trichy,ok,inn1 off by 1; 
68934,tnpl,6158,2023-06-26,Chepauk Super Gillies v Siechem Madurai Panthers,ok,
68941,tnpl,6158,2023-06-27,Salem Spartans v Lyca Kovai Kings,ok,
68948,tnpl,6158,2023-06-28,IDream Tiruppur Tamizhans v Dindigul Dragons,ok,"unparsed: leg bye, flatter delivery on off-stump, ; "
68955,tnpl,6158,2023-06-29,Siechem Madurai Panthers v Ba11sy Trichy,ok,
68962,tnpl,6158,2023-07-01,IDream Tiruppur Tamizhans v Salem Spartans,skip:inn2 runs 147/147 balls 120/120 wkts 10/9,
68969,tnpl,6158,2023-07-01,Nellai Royal Kings v Dindigul Dragons,ok,
68973,tnpl,6158,2023-07-02,Siechem Madurai Panthers v Lyca Kovai Kings,ok,
68976,tnpl,6158,2023-07-02,Ba11sy Trichy v Chepauk Super Gillies,ok,
68980,tnpl,6158,2023-07-03,Dindigul Dragons v Salem Spartans,ok,
68983,tnpl,6158,2023-07-04,Madurai Panthers v IDream Tiruppur Tamizhans,ok,
68987,tnpl,6158,2023-07-05,Ba11sy Trichy v Nellai Royal Kings,ok,
68990,tnpl,6158,2023-07-07,Lyca Kovai Kings v Dindigul Dragons,ok,
68994,tnpl,6158,2023-07-08,Nellai Royal Kings v Siechem Madurai Panthers,ok,
68997,tnpl,6158,2023-07-10,Dindigul Dragons v Nellai Royal Kings,skip:inn2 runs 191/191 balls 120/120 wkts 3/2,
69001,tnpl,6158,2023-07-12,Lyca Kovai Kings v Nellai Royal Kings,ok,
92410,tnpl,7862,2024-07-05,Lyca Kovai Kings v Chepauk Super Gillies,ok,inn2 off by 1; 
92419,tnpl,7862,2024-07-06,Dindigul Dragons v Trichy Grand Cholas,ok,
92428,tnpl,7862,2024-07-06,Salem Spartans v Siechem Madurai Panthers,ok,
92433,tnpl,7862,2024-07-07,Nellai Royal Kings v Chepauk Super Gillies,ok,inn2 off by 1; 
92437,tnpl,7862,2024-07-07,Lyca Kovai Kings v IDream Tiruppur Tamizhans,ok,
92446,tnpl,7862,2024-07-08,Dindigul Dragons v Salem Spartans,skip:inn2 runs 150/150 balls 109/109 wkts 4/3,
92469,tnpl,7862,2024-07-09,Siechem Madurai Panthers v Trichy Grand Cholas,ok,inn2 off by 1; unparsed: 1 run. nudged to mid-wicket by Murugan A; unparsed: slapped through cover by Sasidev; 
92473,tnpl,7862,2024-07-10,Chepauk Super Gillies v IDream Tiruppur Tamizhans,ok,
92482,tnpl,7862,2024-07-11,Nellai Royal Kings v Salem Spartans,ok,"unparsed: leg byes 1 run, Nellai don't lose the re; "
92581,tnpl,7862,2024-07-13,Siechem Madurai Panthers v IDream Tiruppur Tamizhans,ok,
92588,tnpl,7862,2024-07-13,Lyca Kovai Kings v Nellai Royal Kings,ok,unparsed: no run looks to slash it away and misses; 
92597,tnpl,7862,2024-07-14,Salem Spartans v Trichy Grand Cholas,ok,
92599,tnpl,7862,2024-07-14,Chepauk Super Gillies v Dindigul Dragons,ok,
92608,tnpl,7862,2024-07-15,Siechem Madurai Panthers v Nellai Royal Kings,ok,
92617,tnpl,7862,2024-07-16,Trichy Grand Cholas v Lyca Kovai Kings,ok,
92626,tnpl,7862,2024-07-17,IDream Tiruppur Tamizhans v Dindigul Dragons,ok,
92633,tnpl,7862,2024-07-18,Salem Spartans v Chepauk Super Gillies,ok,unparsed: no run. beaten! Good length delivery mov; unparsed: no run. defended; 
92640,tnpl,7862,2024-07-20,Trichy Grand Cholas v Nellai Royal Kings,ok,"unparsed: leg byes 1 run, looks to flick and misse; "
92649,tnpl,7862,2024-07-21,Dindigul Dragons v Lyca Kovai Kings,skip:inn1 runs 172/172 balls 120/120 wkts 7/5,
92658,tnpl,7862,2024-07-21,IDream Tiruppur Tamizhans v Salem Spartans,skip:inn2 runs 141/141 balls 120/120 wkts 10/8,
92678,tnpl,7862,2024-07-22,Trichy Grand Cholas v Chepauk Super Gillies,ok,
92680,tnpl,7862,2024-07-23,Siechem Madurai Panthers v Lyca Kovai Kings,ok,
92698,tnpl,7862,2024-07-24,Nellai Royal Kings v IDream Tiruppur Tamizhans,ok,
92703,tnpl,7862,2024-07-26,Dindigul Dragons v Siechem Madurai Panthers,skip:inn2 runs 171/171 balls 120/120 wkts 9/8,
92716,tnpl,7862,2024-07-27,Salem Spartans v Lyca Kovai Kings,ok,
92721,tnpl,7862,2024-07-27,IDream Tiruppur Tamizhans v Trichy Grand Cholas,ok,
92723,tnpl,7862,2024-07-28,Chepauk Super Gillies v Siechem Madurai Panthers,skip:inn2 runs 182/182 balls 120/120 wkts 9/8,
92734,tnpl,7862,2024-07-28,Nellai Royal Kings v Dindigul Dragons,ok,
92743,tnpl,7862,2024-07-30,Lyca Kovai Kings v IDream Tiruppur Tamizhans,ok,
92748,tnpl,7862,2024-07-31,Chepauk Super Gillies v Dindigul Dragons,ok,
92752,tnpl,7862,2024-08-02,IDream Tiruppur Tamizhans v Dindigul Dragons,ok,"unparsed: leg bye, 1 run, fuller, slower and spinn; "
92761,tnpl,7862,2024-08-04,Lyca Kovai Kings v Dindigul Dragons,ok,
38552,uae_summer_t20_bash,3677,2021-10-05,United Arab Emirates v Namibia,ok,
132379,uppl,10735,2025-08-17,Meerut Mavericks v Kanpur Superstars,ok,
132384,uppl,10735,2025-08-18,Kashi Rudras v Gaur Gorakhapur Lions,ok,
132390,uppl,10735,2025-08-18,Noida Kings v Lucknow Falcons,ok,
132395,uppl,10735,2025-08-19,Kanpur Superstars v Kashi Rudras,ok,
132401,uppl,10735,2025-08-19,Meerut Mavericks v Lucknow Falcons,ok,
132406,uppl,10735,2025-08-20,Noida Kings v Gaur Gorakhapur Lions,ok,
132417,uppl,10735,2025-08-20,Lucknow Falcons v Kanpur Superstars,ok,
132423,uppl,10735,2025-08-21,Noida Kings v Kashi Rudras,ok,
132434,uppl,10735,2025-08-21,Meerut Mavericks v Gaur Gorakhapur Lions,ok,
132445,uppl,10735,2025-08-22,Noida Kings v Kanpur Superstars,ok,
132456,uppl,10735,2025-08-22,Lucknow Falcons v Gaur Gorakhapur Lions,ok,
132467,uppl,10735,2025-08-23,Kashi Rudras v Meerut Mavericks,ok,
132472,uppl,10735,2025-08-23,Gaur Gorakhapur Lions v Kanpur Superstars,ok,
132478,uppl,10735,2025-08-24,Meerut Mavericks v Noida Kings,ok,
132489,uppl,10735,2025-08-24,Kashi Rudras v Lucknow Falcons,ok,
132494,uppl,10735,2025-08-25,Kanpur Superstars v Meerut Mavericks,ok,
132500,uppl,10735,2025-08-25,Kashi Rudras v Gaur Gorakhapur Lions,ok,
132505,uppl,10735,2025-08-26,Lucknow Falcons v Noida Kings,skip:inn1 runs 143/139 balls 120/120 wkts 9/9,
132516,uppl,10735,2025-08-26,Kanpur Superstars v Kashi Rudras,ok,
132522,uppl,10735,2025-08-27,Lucknow Falcons v Meerut Mavericks,ok,
132533,uppl,10735,2025-08-27,Gaur Gorakhapur Lions v Noida Kings,ok,
132544,uppl,10735,2025-08-28,Kanpur Superstars v Lucknow Falcons,ok,
132549,uppl,10735,2025-08-28,Noida Kings v Kashi Rudras,ok,
132555,uppl,10735,2025-08-29,Gaur Gorakhapur Lions v Meerut Mavericks,ok,
132566,uppl,10735,2025-08-29,Kanpur Superstars v Noida Kings,ok,
132577,uppl,10735,2025-08-30,Gaur Gorakhapur Lions v Lucknow Falcons,ok,inn1 off by -1; 
132582,uppl,10735,2025-08-30,Kashi Rudras v Meerut Mavericks,ok,
132593,uppl,10735,2025-08-31,Gaur Gorakhapur Lions v Kanpur Superstars,ok,
132604,uppl,10735,2025-08-31,Meerut Mavericks v Noida Kings,ok,
132610,uppl,10735,2025-09-01,Lucknow Falcons v Kashi Rudras,ok,
132621,uppl,10735,2025-09-03,Kashi Rudras v Meerut Mavericks,ok,
132632,uppl,10735,2025-09-03,Lucknow Falcons v Gaur Gorakhapur Lions,ok,
132637,uppl,10735,2025-09-04,Meerut Mavericks v Lucknow Falcons,ok,
132648,uppl,10735,2025-09-06,Kashi Rudras v Meerut Mavericks,ok,
