cricbuzz_id,cricbuzz_name,key,rule,cb_years,cb_tournaments,db_full_name,db_years
3014,Mohammad Shahzad,Mohammad Shahzad,exact_name,2018-2026,apl_afg legends_llc t10_abu_dhabi t10_lanka t10_zim_afro,Mohammad Shahzad Mohammadi,2015-2022
9849,Ihsanullah,Ihsanullah,exact_name,2018-2018,apl_afg,Ihsanullah,2022-2026
9719,Cameron Delport,CS Delport,team_context,2015-2024,apl_afg csa_provincial_t20 csa_t20c gt20_canada hk_t20_blitz t10_abu_dhabi,Cameron Scott Delport,2012-2024
9354,Sikandar Raza,Sikandar Raza,exact_name,2018-2024,apl_afg gt20_canada t10_abu_dhabi t10_qatar t10_zim_afro,Sikandar Raza Butt,2013-2026
142,Shahid Afridi,Shahid Afridi,exact_name,2011-2024,apl_afg bbl bpl gt20_canada legends_llc legends_wcl slpl t10_abu_dhabi,Sahibzada Mohammad Shahid Khan Afridi,2006-2026
1416,Calum MacLeod,CS MacLeod,first+surname,2017-2019,apl_afg gt20_canada hk_t20_blitz,Calum Scott MacLeod,2009-2022
3011,Samiullah Shinwari,Samiullah Shinwari,new,2013-2026,apl_afg bpl legends_llc legends_world_legends_pro_t20_league t10_abu_dhabi,,
9854,Sharafuddin Ashraf,Sharafuddin Ashraf,new,2018-2025,apl_afg t10_abu_dhabi,,
9858,Zia-ur-Rehman,Zia-ur-Rehman,exact_name,2018-2018,apl_afg,,2023-2023
11328,Yousuf Zazai,Yousuf Zazai,new,2018-2018,apl_afg,,
11066,Tahir Khan,Tahir Khan,new,2018-2018,apl_afg,,
1692,Wayne Parnell,WD Parnell,team_context,2015-2025,apl_afg cpl csa_provincial_t20 csa_t20c gt20_canada legends_wcl t10_abu_dhabi t20_blast,Wayne Dillon Parnell,2009-2025
11450,Ali Khan,Ali Khan,exact_name,2018-2025,apl_afg gt20_canada t10_abu_dhabi t10_lanka,Muhammad Ahsan Ali Khan,2016-2026
14281,Zahir Shehzad,Zahir Shehzad,new,2018-2018,apl_afg,,
9848,Fareed Ahmad,Fareed Ahmad,new,2018-2024,apl_afg t10_abu_dhabi,,
10738,Rashid Khan,Rashid Khan,exact_name,2017-2024,apl_afg bbl t10_abu_dhabi,Rashid Khan Arman,2016-2026
9852,Muslim Musa,Muslim Musa,new,2018-2018,apl_afg,,
1396,Luke Ronchi,L Ronchi,exact_name,2011-2019,apl_afg bbl gt20_canada hk_t20_blitz super_smash t10_abu_dhabi,Luke Ronchi,2008-2020
12068,Hazratullah Zazai,Hazratullah Zazai,new,2018-2025,apl_afg gt20_canada t10_abu_dhabi t10_zim_afro,,
7614,Javed Ahmadi,Javed Ahmadi,new,2018-2021,apl_afg t10_abu_dhabi,,
6531,Laurie Evans,LJ Evans,team_context,2018-2025,apl_afg bbl t10_abu_dhabi t10_zim_afro,Laurie John Evans,2014-2026
9853,Shahidullah Kamal,Shahidullah Kamal,new,2018-2018,apl_afg,,
1114,Paul Stirling,PR Stirling,team_context,2013-2024,apl_afg bpl t10_abu_dhabi t20_blast,Paul Robert Stirling,2009-2026
201,Brendon McCullum,BB McCullum,team_context,2011-2019,apl_afg bbl cpl gt20_canada t10_abu_dhabi,Brendon Barrie McCullum,2005-2019
3005,Sadiq,Sadiq,new,2018-2019,apl_afg t10_qatar,,
3004,Asghar Afghan,Asghar Afghan,new,2018-2026,apl_afg legends_asian_legends_league legends_legends_cricket_trophy legends_llc legends_world_legends_pro_t20_league,,
11077,Karim Janat,Karim Janat,exact_name,2018-2025,apl_afg t10_abu_dhabi t10_zim_afro,Karim Janat,2021-2026
690,Kevin O Brien,Kevin O Brien,new,2013-2024,apl_afg bpl gt20_canada legends_legends_cricket_trophy legends_llc legends_wcl super_smash,,
8375,Najibullah Zadran,Najibullah Zadran,exact_name,2018-2024,apl_afg gt20_canada t10_abu_dhabi t10_lanka t10_zim_afro,Najibullah Zadran,2017-2025
8031,Amir Hamza,Amir Hamza,exact_name,2018-2024,apl_afg t10_abu_dhabi t10_zim_afro,,2023-2025
9612,Sayed Shirzad,Sayed Shirzad,new,2018-2018,apl_afg t10_abu_dhabi,,
7860,Tymal Mills,TS Mills,team_context,2016-2025,apl_afg bbl super_smash t10_abu_dhabi t10_zim_afro,Tymal Solomon Mills,2014-2026
14277,Waqar Salamkheil,Waqar Salamkheil,exact_name,2018-2026,apl_afg bbl cpl t10_abu_dhabi,Mohammad Waqar Salamkheil,2019-2026
7624,Mitchell McClenaghan,MJ McClenaghan,team_context,2015-2023,apl_afg bbl gt20_canada legends_llc super_smash t10_abu_dhabi,Mitchell John McClenaghan,2012-2021
12071,Mujeeb Ur Rahman,Mujeeb Ur Rahman,exact_name,2018-2026,apl_afg bbl cpl t10_abu_dhabi t10_zim_afro,Mujeeb Ur Rahman,2017-2026
11289,Naveen-ul-Haq,Naveen-ul-Haq,exact_name,2018-2024,apl_afg t10_abu_dhabi,Naveen-ul-Haq Murid,2019-2025
8118,Ben Cutting,BCJ Cutting,team_context,2013-2026,apl_afg bbl gt20_canada legends_international_masters_league_t20 legends_wcl legends_world_legends_pro_t20_league t10_abu_dhabi,Benjamin Colin James Cutting,2012-2024
10828,Zahir Khan,Zahir Khan,exact_name,2018-2023,apl_afg gt20_canada t10_abu_dhabi,Zahir Khan  Pakteen,2017-2026
8571,Rahmat Shah,Rahmat Shah,new,2018-2018,apl_afg,,
9973,Najeeb Tarakai,Najeeb Tarakai,new,2018-2018,apl_afg,,
8101,Johnson Charles,J Charles,exact_name,2016-2026,apl_afg cpl global_super_league gt20_canada t10_abu_dhabi,Johnson Charles,2011-2026
9065,Anton Devcich,AP Devcich,team_context,2015-2024,apl_afg bbl cpl gt20_canada hk_t20_blitz legends_legends_cricket_trophy legends_road_safety super_smash t10_abu_dhabi,Anton Paul Devcich,2013-2021
8277,Hashmatullah Shahidi,Hashmatullah Shahidi,new,2018-2018,apl_afg,,
3016,Shafiqullah Shafiq,Shafiqullah Shafiq,new,2018-2019,apl_afg t10_abu_dhabi,,
7664,Colin Ingram,CA Ingram,team_context,2015-2023,apl_afg bbl csa_t20c t10_abu_dhabi,Colin Alexander Ingram,2010-2026
3007,Mohammad Nabi,Mohammad Nabi,exact_name,2013-2026,apl_afg bbl bpl cpl global_super_league gt20_canada t10_abu_dhabi t10_zim_afro,,2013-2026
6476,Aftab Alam,Aftab Alam,exact_name,2018-2026,apl_afg legends_llc t10_zim_afro,Aftab Alam,2020-2025
3013,Mirwais Ashraf,Mirwais Ashraf,new,2018-2018,apl_afg,,
1842,Ben Laughlin,B Laughlin,exact_name,2011-2025,apl_afg bbl hk_t20_blitz legends_international_masters_league_t20 legends_llc legends_road_safety legends_wcl slpl super_smash t10_abu_dhabi,Ben Laughlin,2009-2021
571,Ravi Bopara,RS Bopara,unique_surname,2013-2025,apl_afg bbl bpl hk_t20_blitz legends_wcl t10_abu_dhabi t10_zim_afro,Ravinder Singh Bopara,2009-2025
8030,Gulbadin Naib,Gulbadin Naib,exact_name,2018-2025,apl_afg global_super_league t10_abu_dhabi,Gulbadin Naib,2023-2026
8085,Colin Munro,C Munro,register,2015-2026,apl_afg bbl cpl gt20_canada super_smash t10_abu_dhabi t10_zim_afro,Colin Munro,2012-2026
9855,Usman Ghani,Usman Ghani,exact_name,2018-2018,apl_afg,,2023-2023
640,Ryan ten Doeschate,RN ten Doeschate,team_context,2013-2019,apl_afg bpl hk_t20_blitz t10_abu_dhabi,Ryan Neil ten Doeschate,2008-2021
12069,Darwish Rasooli,Darwish Rasooli,exact_name,2018-2022,apl_afg t10_abu_dhabi,,2019-2025
11071,Ikram Ali Khil,Ikram Ali Khil,new,2018-2023,apl_afg t10_abu_dhabi,,
13214,Azmatullah Omarzai,Azmatullah Omarzai,exact_name,2018-2025,apl_afg global_super_league gt20_canada t10_abu_dhabi t10_zim_afro,Azmatullah Omarzai,2022-2026
1920,Isuru Udana,I Udana,team_context,2012-2026,apl_afg bpl legends_international_masters_league_t20 legends_legends_cricket_trophy legends_llc legends_road_safety legends_world_legends_pro_t20_league slpl super_provincial_t20_tournament t10_abu_dhabi t10_lanka,Isuru Udana Tillakaratna,2009-2026
11076,Qais Ahmad,Qais Ahmad,exact_name,2018-2025,apl_afg global_super_league t10_abu_dhabi t10_zim_afro,Qais Ahmad Kamawal,2018-2025
7736,Andre Russell,AD Russell,team_context,2012-2026,apl_afg bbl bpl cpl csa_t20c gt20_canada t10_abu_dhabi,Andre Dwayne Russell,2011-2026
11074,Nijat Masood,Nijat Masood,new,2018-2018,apl_afg,,
13213,Rahmanullah Gurbaz,Rahmanullah Gurbaz,exact_name,2018-2026,apl_afg global_super_league gt20_canada t10_abu_dhabi t10_zim_afro,Rahmanullah Gurbaz,2019-2026
9609,Ahmadzai,Ahmadzai,new,2018-2021,apl_afg t10_abu_dhabi,,
14299,Ziaw Rahman,Ziaw Rahman,new,2018-2018,apl_afg,,
247,Chris Gayle,CH Gayle,team_context,2011-2026,apl_afg bbl bpl cpl gt20_canada legends_international_masters_league_t20 legends_legends_cricket_trophy legends_llc legends_wcl legends_world_legends_pro_t20_league t10_abu_dhabi,Christopher Henry Gayle,2006-2022
14279,Fitratullah Khawari,Fitratullah Khawari,new,2018-2018,apl_afg,,
9832,Mohammad Naveed,Mohammad Naveed,exact_name,2016-2019,apl_afg gt20_canada hk_t20_blitz t10_abu_dhabi,,2015-2019
9846,Nasir Jamal,Nasir Jamal,new,2018-2018,apl_afg,,
7987,Riki Wessels,Riki Wessels,new,2013-2020,apl_afg bpl hk_t20_blitz t10_abu_dhabi t20_blast,,
11065,Imran Janat,Imran Janat,new,2018-2018,apl_afg,,
8254,Zamir,Zamir,new,2018-2018,apl_afg,,
14300,Mohammad Sardar,Mohammad Sardar,new,2018-2018,apl_afg,,
11158,Sandeep Lamichhane,S Lamichhane,exact_name,2016-2024,apl_afg bbl gt20_canada hk_t20_blitz t10_abu_dhabi,Sandeep Lamichhane,2018-2026
8278,Afsar Zazai,Afsar Zazai,new,2018-2018,apl_afg,,
9857,Younas Ahmadzai,Younas Ahmadzai (cb9857),new,2018-2018,apl_afg,,
8417,Dilshan Munaweera,Dilshan Munaweera,new,2012-2026,apl_afg bpl legends_asian_legends_league legends_legends_cricket_trophy legends_llc legends_road_safety slpl,,
9952,Niazai,Niazai,new,2018-2018,apl_afg,,
1394,Andre Fletcher,ADS Fletcher,team_context,2016-2026,apl_afg cpl global_super_league gt20_canada t10_abu_dhabi t10_lanka t10_zim_afro,Andre David Stephon Fletcher,2008-2026
10133,Fazal Zazai,Fazal Zazai,new,2018-2019,apl_afg t10_qatar,,
8063,Seekkuge Prasanna,S Prasanna,exact_name,2012-2026,apl_afg legends_international_masters_league_t20 legends_legends_cricket_trophy legends_llc legends_world_legends_pro_t20_league slpl t10_abu_dhabi t10_lanka,Seekkuge Prasanna,2013-2026
14286,Samiullah,Samiullah,new,2018-2018,apl_afg,,
14285,Shawkat Zaman,Shawkat Zaman,new,2018-2018,apl_afg,,
14280,Usman Adil,Usman Adil,new,2018-2018,apl_afg,,
14283,Nasir Totakhil,Nasir Totakhil,new,2018-2018,apl_afg,,
12173,Ibrahim Zadran,Ibrahim Zadran,exact_name,2018-2025,apl_afg global_super_league t10_abu_dhabi,,2023-2026
7772,Nathan Rimmington,NJ Rimmington,team_context,2011-2019,apl_afg bbl t10_abu_dhabi t20_blast,Nathan John Rimmington,2011-2020
1738,Waller,Waller,new,2018-2018,apl_afg,,
7613,Abdullah,Abdullah,new,2018-2018,apl_afg,,
9025,Srikar Bharat,KS Bharat,unique_surname,2022-2025,apl_andhra sma,Kona Srikar Bharat,2016-2023
1460032,Pitta Arjun Tendulkar,Pitta Arjun Tendulkar,new,2025-2025,apl_andhra,,
52453,K P Sai Rahul,K P Sai Rahul,new,2025-2025,apl_andhra,,
15526,Pinninti Tapaswi,Pinninti Tapaswi,new,2023-2025,apl_andhra sma,,
21693,Mitta Lekhaz Reddy,Mitta Lekhaz Reddy,new,2025-2025,apl_andhra,,
10884,Sirla Srinivas,Sirla Srinivas (cb10884),new,2025-2025,apl_andhra,,
14162,Manish Golamaru,Manish Golamaru,exact_name,2023-2025,apl_andhra sma,,2019-2023
1460057,P Manikanta Gangadhar,P Manikanta Gangadhar,new,2025-2025,apl_andhra,,
12649,SK Kamaruddin,SK Kamaruddin,new,2025-2025,apl_andhra,,
35698,Kodavandla Sudharsan,Kodavandla Sudharsan,new,2024-2025,apl_andhra sma,,
1460024,Yarragunta Pramod,Yarragunta Pramod,new,2025-2025,apl_andhra,,
1460010,Mopada Ravikiran,Mopada Ravikiran,new,2025-2025,apl_andhra,,
8755,B Ayyappa,B Ayyappa,new,2022-2025,apl_andhra sma,,
1459625,Santosh Kumar,Santosh Kumar,new,2025-2025,apl_andhra,,
1459672,Gavvala Mallikarjuna,Gavvala Mallikarjuna,new,2025-2025,apl_andhra,,
51739,Bodhala Kumar,Bodhala Kumar,new,2024-2025,apl_andhra sma,,
1459647,Battina Yashwanth,Battina Yashwanth,new,2025-2025,apl_andhra,,
8424,Hanuma Vihari,GH Vihari,unique_surname,2017-2025,apl_andhra sma,Gade Hanuma Vihari,2013-2023
11023,Kirdant Karan Shinde,Kirdant Karan Shinde,new,2022-2025,apl_andhra sma,,
1459673,Seeram Venkata Rahul,Seeram Venkata Rahul,new,2025-2025,apl_andhra,,
22391,Yara Sandeep,Y Sandeep,team_context,2023-2025,apl_andhra sma,,2023-2023
1447757,SDNV Prasad,SDNV Prasad,new,2024-2025,apl_andhra sma,,
1459617,Penmetsa Panduranga Raju,Penmetsa Panduranga Raju,new,2025-2025,apl_andhra sma,,
1459695,Akula Vijay,Akula Vijay,new,2025-2025,apl_andhra,,
14455,Dhruva Kumar Reddy,Dhruva Kumar Reddy,new,2025-2025,apl_andhra,,
22571,Shaik Rasheed,SK Rasheed,exact_name,2022-2025,apl_andhra sma,Shaik Rasheed,2022-2025
1459782,Maddila Harsha Vardhan,Maddila Harsha Vardhan,new,2025-2025,apl_andhra,,
32525,Pyla Avinash,Pyla Avinash,new,2024-2025,apl_andhra sma,,
1459728,M Vasu Deva Raju,M Vasu Deva Raju,new,2025-2025,apl_andhra,,
11024,Girinath Reddy,Girinath Reddy,exact_name,2022-2025,apl_andhra sma,,2016-2022
1459793,Satya Sai Sathwik,Satya Sai Sathwik,new,2025-2025,apl_andhra,,
1459749,Sai Pranav Chandra,Sai Pranav Chandra,new,2025-2025,apl_andhra,,
1459804,Jagarlapudi Ram,Jagarlapudi Ram,new,2025-2025,apl_andhra,,
13584,Siraparapu Ashish,S Ashish,unique_surname,2025-2025,apl_andhra,,2021-2021
1459738,Dheeraj Reddy,Dheeraj Reddy,new,2025-2025,apl_andhra,,
35691,Madhav Rayudu,Madhav Rayudu,new,2025-2025,apl_andhra,,
1460153,Sai Venkata Sumith,Sai Venkata Sumith,new,2025-2025,apl_andhra,,
8900,Lalith Mohan,Lalith Mohan,exact_name,2022-2025,apl_andhra sma,,2021-2023
13113,Prithvi Raj Yarra,Prithvi Raj Yarra,new,2023-2025,apl_andhra sma,,
1460124,Yadla Vasu,Yadla Vasu,new,2025-2025,apl_andhra,,
1460142,K S Narasimha Raju,K S Narasimha Raju,new,2025-2025,apl_andhra,,
1460179,Thanneeru Bharath,Thanneeru Bharath,new,2025-2025,apl_andhra,,
22396,M Vamsi Krishna,M Vamsi Krishna,new,2025-2025,apl_andhra,,
10254,Ashwin Hebbar,Ashwin Hebbar,exact_name,2022-2025,apl_andhra sma,,2016-2023
1449113,Munnangi Abhinav,Munnangi Abhinav,new,2025-2025,apl_andhra,,
1460164,Garimella Teja,Garimella Teja,new,2025-2025,apl_andhra,,
18872,Dheeraj Kumar,Dheeraj Kumar,new,2023-2025,apl_andhra sma,,
10360,Abhishek Reddy,AM Reddy,team_context,2015-2025,apl_andhra kpl sma,,2022-2022
1459823,Kogatam Haneesh Reddy,Kogatam Haneesh Reddy,new,2025-2025,apl_andhra,,
1459827,Dharani Kumar,Dharani Kumar,new,2025-2025,apl_andhra,,
1461103,Chennuboina Kumar,Chennuboina Kumar,new,2025-2025,apl_andhra,,
9425,Ricky Bhui,RK Bhui,team_context,2017-2025,apl_andhra sma,Ricky Kannakumar Bhui,2018-2024
1459878,Marathala Dhanush,Marathala Dhanush,new,2025-2025,apl_andhra,,
1459849,Kothakoona Lakshman,Kothakoona Lakshman,new,2025-2025,apl_andhra,,
22386,Tripurana Vijay,T Vijay,team_context,2023-2025,apl_andhra sma,,2023-2026
1459893,Kaldhi Kumar,Kaldhi Kumar,new,2025-2025,apl_andhra,,
1447077,Yeddala Reddy,Yeddala Reddy,new,2025-2025,apl_andhra,,
14713,Ranjeet Darji,Ranjeet Darji,new,2025-2025,apl_andhra,,
1447057,Bailapudi Yeswanth,Bailapudi Yeswanth,new,2024-2025,apl_andhra sma,,
9620,Cheepurapalli Stephen,Cheepurapalli Stephen,exact_name,2023-2025,apl_andhra sma,,2016-2023
1459925,Toshith Yadav,Toshith Yadav,new,2025-2025,apl_andhra,,
10638,KV Sasikanth,K V Sasikanth,team_context,2022-2025,apl_andhra sma,,2016-2023
1460002,Saurabh Kumar,Saurabh Kumar (cb1460002),new,2025-2025,apl_andhra,,
1459992,Chennu Siddhardha,Chennu Siddhardha,new,2025-2025,apl_andhra,,
14496,CR Gnaneshwar,CR Gnaneshwar,new,2025-2025,apl_andhra,,
1459944,Shree Samanyu Datta,Shree Samanyu Datta,new,2025-2025,apl_andhra,,
55421,Maheep Kumar,Maheep Kumar,new,2025-2025,apl_andhra,,
8758,Prasanth Kumar,Prasanth Kumar,new,2025-2025,apl_andhra,,
1459955,M Datta Reddy,M Datta Reddy,new,2025-2025,apl_andhra,,
1459970,Gutta Rohit,Gutta Rohit,new,2025-2025,apl_andhra,,
1459936,Kancherla Anand Josiah,Kancherla Anand Josiah,new,2025-2025,apl_andhra,,
1460120,S Zaheer Abbas,S Zaheer Abbas,new,2025-2025,apl_andhra,,
1449117,Midde Anjaneyulu,Midde Anjaneyulu,new,2025-2025,apl_andhra,,
1459812,Vinukonda Venu,Vinukonda Venu,new,2025-2025,apl_andhra,,
1459760,Gundluri Reddy,Gundluri Reddy,new,2025-2025,apl_andhra,,
13521,Harishankar Reddy,Harishankar Reddy,exact_name,2022-2025,apl_andhra sma,,2018-2023
1431171,Satyanarayana Raju,Satyanarayana Raju,new,2024-2025,apl_andhra sma,,
1460201,Chennupati Ravi Teja,Chennupati Ravi Teja,new,2025-2025,apl_andhra,,
1460211,Pinninti Tejaswi,Pinninti Tejaswi,new,2025-2025,apl_andhra,,
1460223,Bhupathiraju Munish Varma,Bhupathiraju Munish Varma,new,2025-2025,apl_andhra,,
51501,Hemanth Reddy,Hemanth Reddy,new,2023-2025,apl_andhra sma,,
1460266,Thota Sravan,Thota Sravan,new,2025-2025,apl_andhra,,
55683,Revanth Reddy,Revanth Reddy,new,2025-2025,apl_andhra,,
22381,Thanneru Vamsi Krishna,Thanneru Vamsi Krishna,new,2025-2025,apl_andhra,,
1460189,Allareddi Teja Reddy,Allareddi Teja Reddy,new,2025-2025,apl_andhra,,
1460245,Bendalam Satvik,Bendalam Satvik,new,2025-2025,apl_andhra,,
1460230,Muvvala Yuvan,Muvvala Yuvan,new,2025-2025,apl_andhra,,
10987,Karthik Raman,Karthik Raman,exact_name,2025-2025,apl_andhra,,2016-2019
11987,Manyala Pranith,M Pranith,unique_surname,2025-2025,apl_andhra,,2019-2019
1459859,Roshan Kumar,Roshan Kumar,new,2025-2025,apl_andhra,,
22376,Kavuri Saiteja,K Saiteja,team_context,2023-2025,apl_andhra sma,,2023-2023
1460046,Adivishnu Surya,Adivishnu Surya,new,2025-2025,apl_andhra,,
1460255,Nimmala Himakar,Nimmala Himakar,new,2025-2025,apl_andhra,,
1459650,Tekkam Atchuth Kumar,Tekkam Atchuth Kumar,new,2025-2025,apl_andhra,,
1459892,Shaik Kamil,Shaik Kamil,new,2025-2025,apl_andhra,,
1459713,Manoj Kumar,Manoj Kumar,new,2025-2025,apl_andhra,,
1460190,Challarapu Siva,Challarapu Siva,new,2025-2025,apl_andhra,,
1449105,Brahma Teja,Brahma Teja,new,2025-2025,apl_andhra,,
1459922,GDS Suresh Kumar,GDS Suresh Kumar,new,2025-2025,apl_andhra,,
1461209,Jarajapu Durgakumar,Jarajapu Durgakumar,new,2025-2025,apl_andhra,,
1460035,Adabala Lohith,Adabala Lohith,new,2025-2025,apl_andhra,,
1459966,Madha Deepak,Madha Deepak,new,2025-2025,apl_andhra,,
1460036,Kaki Jayanth,Kaki Jayanth,new,2025-2025,apl_andhra,,
1461781,GS Asish Reddy,GS Asish Reddy,new,2025-2025,apl_andhra,,
1461157,VS Adithya Reddy,VS Adithya Reddy,new,2025-2025,apl_andhra,,
1460274,Patnala Bhuvaneswar Rao,Patnala Bhuvaneswar Rao,new,2025-2025,apl_andhra,,
1459606,Ganta Adarsh,Ganta Adarsh,new,2025-2025,apl_andhra,,
1459614,Chittieni Srihith,Chittieni Srihith,new,2025-2025,apl_andhra,,
1459684,Buddharam Durgeshn Naidu,Buddharam Durgeshn Naidu,new,2025-2025,apl_andhra,,
1459947,Allapureddy Ardrit,Allapureddy Ardrit,new,2025-2025,apl_andhra,,
1459903,Jai Chander Kesav,Jai Chander Kesav,new,2025-2025,apl_andhra,,
9864,Najmul Hossain Shanto,Najmul Hossain Shanto,new,2020-2020,bangabandhu_t20_cup,,
18583,Anisul Islam Emon,Anisul Islam Emon,new,2020-2020,bangabandhu_t20_cup,,
10382,Rony Talukdar,Rony Talukdar,exact_name,2020-2020,bangabandhu_t20_cup,Rony Talukdar,2015-2026
118,Mohammad Ashraful,Mohammad Ashraful,exact_name,2012-2024,bangabandhu_t20_cup bpl legends_legends_cricket_trophy slpl,Mohammad Ashraful,2007-2019
11920,Fazle Mahmud,Fazle Mahmud,exact_name,2020-2020,bangabandhu_t20_cup,,2016-2024
8534,Nurul Hasan,Nurul Hasan,exact_name,2013-2025,bangabandhu_t20_cup bpl global_super_league,Quazi Nurul Hasan,2013-2026
11871,Mahedi Hasan,Mahedi Hasan,exact_name,2020-2024,bangabandhu_t20_cup global_super_league,Mahedi Hasan,2016-2026
543,Farhad Reza,Farhad Reza,exact_name,2012-2020,bangabandhu_t20_cup bpl t10_abu_dhabi,Farhad Reza,2007-2023
8243,Arafat Sunny,Arafat Sunny,exact_name,2012-2020,bangabandhu_t20_cup bpl,Arafat Sunny,2012-2026
12080,Mukidul Islam,Mukidul Islam,exact_name,2020-2020,bangabandhu_t20_cup,,2019-2026
11786,Ebadot Hossain,Ebadot Hossain,new,2020-2020,bangabandhu_t20_cup,,
1736,Rubel Hossain,Rubel Hossain,exact_name,2012-2020,bangabandhu_t20_cup bpl,Mohammad Rubel Hossain,2009-2025
11089,Mehedi Hasan Rana,Mehedi Hasan Rana,exact_name,2020-2020,bangabandhu_t20_cup,,2017-2026
8543,Nasum Ahmed,Nasum Ahmed,exact_name,2020-2020,bangabandhu_t20_cup,Nasum Ahmed,2015-2026
8232,Muktar Ali,Muktar Ali,exact_name,2012-2021,bangabandhu_t20_cup bpl t10_abu_dhabi,Muktar Ali,2012-2023
12081,Nayeem,Nayeem,new,2020-2020,bangabandhu_t20_cup,,
8231,Sabbir Rahman,Sabbir Rahman,exact_name,2012-2024,bangabandhu_t20_cup bpl t10_lanka t10_zim_afro,Mohammad Sabbir Rahman,2012-2026
14205,Tanzid Hasan,Tanzid Hasan,exact_name,2020-2020,bangabandhu_t20_cup,Tanzid Hasan Tamim,2022-2026
9869,Yasir Ali,Yasir Ali,exact_name,2020-2025,bangabandhu_t20_cup global_super_league,Yasir Ali,2019-2025
13281,Naim,Mohammad Naim,team_context,2020-2020,bangabandhu_t20_cup,Mohammad Naim Sheikh,2019-2026
394,Mushfiqur Rahim,Mushfiqur Rahim,exact_name,2012-2023,bangabandhu_t20_cup bpl slpl t10_zim_afro,Mohammad Mushfiqur Rahim,2007-2026
14213,Akbar Ali,Akbar Ali,exact_name,2020-2020,bangabandhu_t20_cup,,2022-2026
11081,Mehidy Hasan,Mehidy Hasan,new,2020-2026,bangabandhu_t20_cup cpl,,
612,Tamim Iqbal,Tamim Iqbal,exact_name,2012-2020,bangabandhu_t20_cup bpl slpl,Tamim Iqbal Khan,2007-2025
15273,Parvez Hossain Emon,Parvez Hossain Emon,exact_name,2020-2026,bangabandhu_t20_cup global_super_league,Mohammad Parvez Hossain Emon,2022-2026
11984,Afif Hossain,Afif Hossain,exact_name,2020-2024,bangabandhu_t20_cup global_super_league t10_abu_dhabi,Afif Hossain Dhrubo,2016-2026
13223,Towhid Hridoy,Towhid Hridoy,exact_name,2020-2020,bangabandhu_t20_cup,Md Towhid Hridoy,2019-2026
10784,Irfan Sukkur,Irfan Sukkur,exact_name,2020-2020,bangabandhu_t20_cup,,2015-2026
12174,Mahidul Islam Ankon,Mahidul Islam Ankon,exact_name,2020-2025,bangabandhu_t20_cup global_super_league,,2019-2026
12077,Aminul Islam,Aminul Islam,exact_name,2020-2020,bangabandhu_t20_cup,Aminul Islam Biplob,2019-2021
15429,Sumon Khan,Sumon Khan,exact_name,2020-2020,bangabandhu_t20_cup,Sumon Khan,2019-2025
8548,Taskin Ahmed,Taskin Ahmed,exact_name,2013-2025,bangabandhu_t20_cup bpl t10_abu_dhabi t10_zim_afro,Taskin Ahmed,2013-2026
8224,Kamrul Islam,Kamrul Islam,new,2020-2025,bangabandhu_t20_cup global_super_league,,
6241,Shafiul Islam,Shafiul Islam,exact_name,2012-2020,bangabandhu_t20_cup bpl,Shafiul Islam,2010-2025
8247,Al-Amin Hossain,Al-Amin Hossain,exact_name,2012-2020,bangabandhu_t20_cup bpl,Al-Amin Hossain,2012-2025
13226,Hasan Mahmud,Hasan Mahmud,exact_name,2020-2020,bangabandhu_t20_cup,Hasan Mahmud,2019-2026
11876,Shahidul Islam,Shahidul Islam,new,2020-2024,bangabandhu_t20_cup t10_abu_dhabi,,
544,Shakib Al Hasan,Shakib Al Hasan,exact_name,2012-2025,bangabandhu_t20_cup bbl bpl cpl global_super_league gt20_canada t10_abu_dhabi t10_lanka,Shakib Al Hasan,2007-2026
1121,Mahmudullah,Mahmudullah,exact_name,2012-2020,bangabandhu_t20_cup bpl slpl,Mohammad Mahmudullah,2007-2026
8237,Anamul Haque,Anamul Haque,exact_name,2012-2024,bangabandhu_t20_cup bpl t10_zim_afro,,2012-2025
1583,Imrul Kayes,Imrul Kayes,exact_name,2012-2020,bangabandhu_t20_cup bpl,Imrul Kayes,2010-2025
6318,Jahurul Islam,Jahurul Islam,exact_name,2012-2020,bangabandhu_t20_cup bpl,Mohammad Jahurul Islam,2010-2022
8225,Ariful Haque,Ariful Haque,exact_name,2012-2020,bangabandhu_t20_cup bpl,,2013-2025
14212,Shamim Hossain,Shamim Hossain,exact_name,2020-2026,bangabandhu_t20_cup global_super_league,Shamim Hossain Patwari,2021-2026
13794,Rishad Hossain,Rishad Hossain,exact_name,2020-2024,bangabandhu_t20_cup global_super_league,Mohammad Rishad Hossain,2019-2026
14211,Shahadat Hossain,Shahadat Hossain,exact_name,2020-2020,bangabandhu_t20_cup,,2008-2026
8535,Abu Hider,Abu Hider,exact_name,2020-2020,bangabandhu_t20_cup,Abu Hider Rony,2015-2026
11875,Nahidul Islam,Nahidul Islam,exact_name,2020-2020,bangabandhu_t20_cup,,2016-2025
13932,Shariful Islam,Shariful Islam,new,2020-2020,bangabandhu_t20_cup,,
9863,Mustafizur Rahman,Mustafizur Rahman,exact_name,2020-2022,bangabandhu_t20_cup t10_abu_dhabi,,2015-2026
8541,Mosaddek Hossain,Mosaddek Hossain,exact_name,2020-2024,bangabandhu_t20_cup t10_abu_dhabi t10_lanka,,2015-2025
8253,Taijul Islam,Taijul Islam,exact_name,2012-2020,bangabandhu_t20_cup bpl,Taijul Islam,2012-2026
8233,Soumya Sarkar,Soumya Sarkar,exact_name,2012-2025,bangabandhu_t20_cup bpl global_super_league,Soumya Sarkar,2012-2026
8540,Liton Das,Liton Das,exact_name,2013-2023,bangabandhu_t20_cup bpl gt20_canada,Litton Kumer Das,2013-2026
8219,Mominul Haque,Mominul Haque,exact_name,2012-2020,bangabandhu_t20_cup bpl,Mominul Haque,2012-2026
8221,Mohammad Mithun,Mohammad Mithun,exact_name,2012-2020,bangabandhu_t20_cup bpl,Mohammad Mithun,2012-2026
1913,Shamsur Rahman,Shamsur Rahman,exact_name,2012-2020,bangabandhu_t20_cup bpl,Mohammad Shamsur Rahman,2012-2024
8227,Ziaur Rahman,Ziaur Rahman,exact_name,2012-2024,bangabandhu_t20_cup bpl t10_abu_dhabi,Ziaur Rahman,2012-2026
13791,Shoriful Islam,Shoriful Islam,exact_name,2020-2024,bangabandhu_t20_cup gt20_canada,Mohammad Shoriful Islam,2019-2026
18588,Rejaur Rahman Raja,Rejaur Rahman Raja,new,2020-2020,bangabandhu_t20_cup,,
8536,Abu Jayed,Abu Jayed,exact_name,2020-2020,bangabandhu_t20_cup,Abu Jayed Chowdhury,2015-2026
10822,Shykat Ali,Shykat Ali,exact_name,2020-2020,bangabandhu_t20_cup,,2013-2025
11091,Sanjit Saha,Sanjit Saha,exact_name,2020-2020,bangabandhu_t20_cup,,2019-2019
7920,Shuvagata Hom,Shuvagata Hom,exact_name,2012-2020,bangabandhu_t20_cup bpl,Shuvagata Hom Chowdhury,2012-2024
15477,Shafiqul Islam,Shafiqul Islam,exact_name,2020-2020,bangabandhu_t20_cup,,2022-2024
16107,Robiul Islam,Robiul Islam (cb16107),new,2020-2020,bangabandhu_t20_cup,,
11090,Saif Hassan,Saif Hassan,exact_name,2020-2025,bangabandhu_t20_cup global_super_league t10_abu_dhabi,Mohammad Saif Hassan,2019-2026
13260,Tanvir Islam,Tanvir Islam,exact_name,2020-2020,bangabandhu_t20_cup,Tanvir Islam,2017-2026
9870,Zakir Hasan,Zakir Hasan,exact_name,2020-2020,bangabandhu_t20_cup,Mohammad Zakir Hasan,2016-2026
14210,Rakibul Hasan,Rakibul Hasan,exact_name,2020-2025,bangabandhu_t20_cup global_super_league,Rakibul Hasan,2019-2026
14273,Mahmudul Hasan Joy,Mahmudul Hasan Joy,exact_name,2020-2020,bangabandhu_t20_cup,Mahmudul Hasan Joy,2022-2026
11088,Jaker Ali,Jaker Ali,exact_name,2020-2020,bangabandhu_t20_cup,Jaker Ali Anik,2019-2026
11084,Saifuddin,Mohammad Saifuddin,team_context,2020-2024,bangabandhu_t20_cup global_super_league,Mohammad Saifuddin,2016-2026
323,Mashrafe Mortaza,Mashrafe Mortaza,exact_name,2012-2020,bangabandhu_t20_cup bpl,Mashrafe Bin Mortaza,2007-2024
8537,Al-Amin,Al-Amin,exact_name,2020-2020,bangabandhu_t20_cup,,2015-2023
8244,Nazmul Islam Apu,Nazmul Islam Apu,new,2012-2020,bangabandhu_t20_cup bpl,,
15430,Salauddin Sakil,Salauddin Sakil,exact_name,2020-2020,bangabandhu_t20_cup,,2019-2024
14215,Mehedi Hasan,Mehedi Hasan,new,2020-2020,bangabandhu_t20_cup,,
15840,Ruyel Miah,Ruyel Miah,exact_name,2020-2020,bangabandhu_t20_cup,,2022-2026
10778,Sunzamul Islam,Sunzamul Islam,exact_name,2020-2020,bangabandhu_t20_cup,,2012-2025
6284,Suhrawadi Shuvo,Suhrawadi Shuvo,exact_name,2012-2020,bangabandhu_t20_cup bpl,,2010-2022
567,Nadif Chowdhury,Nadif Chowdhury,exact_name,2012-2020,bangabandhu_t20_cup bpl,Nadif Chowdhury,2007-2022
9815,Joe Clarke,JM Clarke,team_context,2017-2025,bbl emirates_t20_trophy global_super_league t10_abu_dhabi t20_blast,Joe Michael Clarke,2016-2026
23186,Thomas Rogers,Thomas Rogers,new,2024-2025,bbl,,
10979,Sam Harper,SB Harper,team_context,2016-2025,bbl,Samuel Bryan Harper,2017-2026
8989,Marcus Stoinis,MP Stoinis,team_context,2013-2025,bbl gt20_canada t10_abu_dhabi,Marcus Peter Stoinis,2012-2026
8876,Hilton Cartwright,HWR Cartwright,team_context,2014-2025,bbl,Hilton William Raymond Cartwright,2012-2026
8646,Beau Webster,BJ Webster,team_context,2017-2025,bbl gt20_canada t10_zim_afro,Beau Jacob Webster,2017-2026
9522,Tom Curran,TK Curran,team_context,2018-2025,bbl t10_abu_dhabi t10_zim_afro,Thomas Kevin Curran,2014-2026
32749,Hamish McKenzie,H McKenzie,exact_name,2024-2024,bbl,Hamish McKenzie,2023-2024
7625,Adam Milne,AF Milne,register,2015-2024,bbl super_smash t10_abu_dhabi t10_zim_afro,Adam Fraser Milne,2010-2026
18607,Brody Couch,BL Couch,team_context,2024-2026,bbl global_super_league,Brody L Couch,2021-2026
1444,Peter Siddle,PM Siddle,team_context,2014-2026,bbl global_super_league gt20_canada legends_wcl legends_world_legends_pro_t20_league,Peter Matthew Siddle,2009-2026
7773,Jason Behrendorff,JP Behrendorff,team_context,2013-2025,bbl gt20_canada t10_abu_dhabi,Jason Paul Behrendorff,2012-2026
10280,Jhye Richardson,JA Richardson,team_context,2016-2026,bbl global_super_league,Jhye Avon Richardson,2016-2026
13173,Lance Morris,LR Morris,team_context,2024-2025,bbl,Lance Richard Thomas Morris,2020-2025
8508,Ashton Agar,AC Agar,team_context,2013-2026,bbl global_super_league gt20_canada t20_blast,Ashton Charles Agar,2013-2026
15927,Cooper Connolly,C Connolly,team_context,2024-2025,bbl,Cooper Patrick Leonard Connolly,2023-2026
9617,Andrew Tye,AJ Tye,team_context,2014-2025,bbl gt20_canada t10_abu_dhabi,Andrew James Tye,2014-2026
11172,Finn Allen,Finn Allen,new,2017-2025,bbl super_smash t10_abu_dhabi,,
9330,Keaton Jennings,KK Jennings,team_context,2019-2024,bbl t20_blast,Keaton Kent Jennings,2014-2026
47654,Matthew Hurst,MF Hurst,team_context,2024-2025,bbl t10_abu_dhabi,,2024-2026
8506,Ashton Turner,AJ Turner,team_context,2013-2026,bbl global_super_league t10_zim_afro,Ashton James Turner,2013-2026
11049,Nick Hobson,NR Hobson,team_context,2019-2025,bbl gt20_canada t10_abu_dhabi t10_zim_afro,Nicholas Richard Hobson,2019-2026
14501,Jake Fraser-McGurk,J Fraser-McGurk,team_context,2024-2025,bbl,Jake Matthew Fraser-McGurk,2020-2026
36307,Josh Brown,J Brown,team_context,2024-2025,bbl t10_abu_dhabi,Joshua Shane Casson Brown,2022-2026
9443,Tim Seifert,TL Seifert,team_context,2015-2026,bbl cpl gt20_canada super_smash t10_zim_afro,Tim Louis Seifert,2017-2026
13472,Mackenzie Harvey,MW Harvey,team_context,2018-2025,bbl,Mackenzie Walter Gordon Harvey,2018-2026
11189,Hassan Khan,Hassan Khan,exact_name,2018-2026,bbl cpl global_super_league gt20_canada t10_abu_dhabi,Mohammad Hassan Khan,2017-2026
12229,Will Sutherland,W Sutherland,team_context,2018-2025,bbl,William James Sutherland,2018-2026
24541,Fergus O Neill,Fergus O Neill,new,2024-2025,bbl,,
13126,Thomas Stewart Rogers,TS Rogers,exact_name,2017-2025,bbl,Thomas Stewart Rogers,2017-2026
6262,Kane Richardson,KW Richardson,team_context,2011-2025,bbl,Kane William Richardson,2011-2025
8642,Adam Zampa,A Zampa,exact_name,2013-2025,bbl cpl,Adam Zampa,2012-2026
9739,Ben Dwarshuis,BJ Dwarshuis,team_context,2016-2025,bbl,Benjamin James Dwarshuis,2014-2026
13348,Jack Edwards,J Edwards,team_context,2018-2025,bbl,Jack Richard Edwards,2018-2026
8136,Sean Abbott,SA Abbott,team_context,2011-2025,bbl gt20_canada,Sean Anthony Abbott,2011-2026
15783,Hayden Kerr,H Kerr,team_context,2024-2025,bbl,Hayden Lewis Kerr,2019-2026
53076,Joel Davies,JA Davies,team_context,2024-2025,bbl,Joel Arthur Davies,2023-2026
15146,Todd Murphy,T Murphy,team_context,2024-2025,bbl,Todd Raymond Murphy,2022-2025
13172,Josh Philippe,JR Philippe,team_context,2017-2025,bbl,Joshua Ryan Philippe,2017-2026
6642,James Vince,JM Vince,team_context,2017-2025,bbl legends_wcl t10_abu_dhabi,James Michael Vince,2014-2026
1437,Moises Henriques,MC Henriques,team_context,2011-2025,bbl gt20_canada,Moises Constantino Henriques,2009-2026
8645,Jordan Silk,JC Silk,team_context,2013-2025,bbl,Jordan Christopher Silk,2013-2026
8640,Daniel Hughes,DP Hughes,team_context,2013-2024,bbl,Daniel Peter Hughes,2012-2026
9456,Matthew Short,MW Short,team_context,2017-2025,bbl,Matthew William Short,2014-2026
11375,Weatherald,J Weatherald,team_context,2016-2025,bbl,Jake Beath Weatherald,2016-2025
7752,Chris Lynn,CA Lynn,team_context,2011-2025,bbl cpl gt20_canada legends_wcl slpl t10_abu_dhabi t10_zim_afro,Christopher Austin Lynn,2011-2026
10210,Harry Nielsen,HJ Nielsen,team_context,2019-2024,bbl,Harry James Nielsen,2019-2025
8647,Alex Ross,AI Ross,team_context,2016-2025,bbl cpl,Alexander Ian Ross,2014-2025
8512,Jamie Overton,J Overton,exact_name,2021-2025,bbl t10_abu_dhabi,Jamie Overton,2015-2026
9785,Fabian Allen,FA Allen,team_context,2018-2026,bbl cpl global_super_league gt20_canada t10_abu_dhabi,Fabian Anthony Allen,2017-2026
9813,Bazley,JJ Bazley,team_context,2024-2025,bbl,James J Bazley,2020-2025
12219,Henry Thornton,Henry Thornton,new,2017-2025,bbl,,
8125,Cameron Boyce,CJ Boyce,team_context,2014-2025,bbl,Cameron John Boyce,2012-2026
12227,Lloyd Pope,L Pope,team_context,2018-2025,bbl,Lloyd Aylmer James Pope,2018-2026
11144,Nathan McAndrew,N McAndrew,team_context,2018-2025,bbl,Nathan John McAndrew,2016-2026
10692,Lockie Ferguson,LH Ferguson,register,2015-2025,bbl super_smash,Lachlan Hammond Ferguson,2017-2026
10162,Chris Green,CJ Green,team_context,2016-2026,bbl cpl gt20_canada t10_abu_dhabi t20_blast,Christopher James Green,2015-2026
13162,Daniel Sams,DR Sams,team_context,2017-2026,bbl cpl gt20_canada t10_abu_dhabi,Daniel Richard Sams,2017-2026
15137,T Sangha,T Sangha,exact_name,2024-2025,bbl,Tanveer Singh Sangha,2020-2026
52495,Sam Konstas,S Konstas,team_context,2024-2025,bbl,Sam James Konstas,2024-2026
1739,Warner,DA Warner,team_context,2011-2025,bbl gt20_canada t10_zim_afro,David Andrew Warner,2009-2026
8489,Cameron Bancroft,CT Bancroft,team_context,2017-2025,bbl,Cameron Timothy Bancroft,2015-2026
15144,Oliver Davies,O Davies,team_context,2024-2025,bbl,Oliver Henry Leon Davies,2020-2025
7990,Sam Billings,SW Billings,team_context,2016-2025,bbl t10_abu_dhabi,Samuel William Billings,2014-2026
13748,Sherfane Rutherford,SE Rutherford,team_context,2018-2026,bbl cpl global_super_league gt20_canada t10_abu_dhabi,Sherfane Eviston Rutherford,2018-2026
23426,Campbell Kellaway,C Kellaway,team_context,2024-2024,bbl,Campbell James Kellaway,2022-2026
11689,Xavier Bartlett,XC Bartlett,team_context,2024-2025,bbl,Xavier Colin Bartlett,2020-2026
23456,Tom Whitney,T Whitney,exact_name,2024-2024,bbl,Tom Whitney,2024-2024
13141,M Kuhnemann,MP Kuhnemann,team_context,2024-2025,bbl,Matthew Paul Kuhnemann,2019-2026
23361,Will Prestwidge,W Prestwidge,team_context,2024-2025,bbl,William Alexander Prestwidge,2022-2026
10626,Mitchell Swepson,MJ Swepson,team_context,2016-2025,bbl,Mitchell Joseph Swepson,2016-2026
11527,Paul Walter,PI Walter,team_context,2024-2025,bbl,Paul Ian Walter,2016-2026
18598,Jack Wood,JP Wood,team_context,2024-2025,bbl,Jack P Wood,2020-2025
8500,Jimmy Peirson,JJ Peirson,team_context,2016-2024,bbl,James John Peirson,2014-2026
10055,Matt Renshaw,MT Renshaw,team_context,2019-2025,bbl,Matthew Thomas Renshaw,2018-2026
13120,Max Bryant,M Bryant,team_context,2018-2025,bbl,Max Arthur Bryant,2018-2026
13385,Daniel Drew,DR Drew,team_context,2024-2025,bbl,Daniel Robert Drew,2021-2025
1649,Matthew Wade,MS Wade,team_context,2011-2025,bbl t10_abu_dhabi,Matthew Scott Wade,2011-2026
18568,Mitchell Owen,MJ Owen,team_context,2024-2025,bbl,Mitchell J Owen,2021-2026
10384,Shai Hope,SD Hope,team_context,2024-2026,bbl cpl global_super_league,Shai Diego Hope,2015-2026
9453,Ben McDermott,BR McDermott,team_context,2014-2025,bbl global_super_league gt20_canada t10_abu_dhabi t10_zim_afro,Benjamin Reginald McDermott,2014-2026
12338,Nikhil Chaudhary,Nikhil Chaudhary,exact_name,2024-2025,bbl global_super_league t10_abu_dhabi,Nikhil Chaudhary,2019-2026
13169,Tim David,TH David,team_context,2018-2025,bbl t10_abu_dhabi,Timothy Hays David,2018-2026
6532,Chris Jordan,CJ Jordan,team_context,2016-2025,bbl hk_t20_blitz super_smash t10_abu_dhabi,Christopher James Jordan,2014-2026
15480,Nathan Ellis,NT Ellis,exact_name,2024-2025,bbl,Nathan Ellis,2019-2026
12226,Riley Meredith,RP Meredith,team_context,2018-2025,bbl,Riley Patrick Meredith,2018-2026
9572,Billy Stanlake,B Stanlake,team_context,2016-2025,bbl global_super_league,Billy James Stanlake,2015-2026
19636,Jacob Bethell,JG Bethell,team_context,2024-2025,bbl,Jacob Graham Bethell,2021-2026
11050,D Arcy Short,DJM Short,team_context,2016-2026,bbl global_super_league legends_wcl t20_blast,D'Arcy John Matthew Short,2016-2026
11691,Ollie Pope,OJ Pope,team_context,2024-2025,bbl,,2017-2026
15143,Liam Scott,L Scott,team_context,2024-2025,bbl,Liam Alexander Hamilton Scott,2020-2026
7662,Glenn Maxwell,GJ Maxwell,team_context,2011-2025,bbl t20_blast,Glenn James Maxwell,2011-2026
51921,Doug Warren,D Warren,unique_surname,2024-2025,bbl,Douglas Warren,2024-2025
8502,Ben Duckett,BM Duckett,team_context,2017-2025,bbl emirates_t20_trophy t10_abu_dhabi t20_blast,Ben Matthew Duckett,2014-2026
10637,Josh Inglis,JP Inglis,team_context,2017-2024,bbl,Joshua Patrick Inglis,2017-2026
11426,Caleb Jewell,CP Jewell,team_context,2019-2025,bbl,Caleb Paul Jewell,2019-2026
8435,Akeal Hosein,AJ Hosein,team_context,2016-2026,bbl cpl global_super_league t10_abu_dhabi,Akeal Jerome Hosein,2014-2026
23446,Lachlan Shaw,L Shaw,team_context,2024-2025,bbl,Lachlan Darryl Shaw,2024-2026
13346,Nathan McSweeney,NA McSweeney,team_context,2024-2025,bbl,Nathan A McSweeney,2020-2026
15758,Matthew Spoors,M Spoors,exact_name,2023-2025,bbl gt20_canada,Matthew Spoors,2022-2026
9451,Matthew Kelly,M Kelly,exact_name,2018-2025,bbl,Matthew Kelly,2018-2025
13122,Jonathan Merlo,J Merlo,team_context,2019-2024,bbl,Jonathan Adam Merlo,2019-2025
11318,Usama Mir,Usama Mir,exact_name,2018-2026,bbl cpl global_super_league gt20_canada,Usama Mir,2016-2026
8165,Jackson Bird,JM Bird,team_context,2012-2025,bbl global_super_league,Jackson Munro Bird,2012-2025
13170,Aaron Hardie,AM Hardie,team_context,2019-2025,bbl,Aaron Mark Hardie,2019-2026
13143,Spencer Johnson,SH Johnson,team_context,2023-2025,bbl gt20_canada,Spencer Henry Johnson,2023-2026
12254,Tom Banton,T Banton,exact_name,2019-2025,bbl t10_abu_dhabi t10_zim_afro,Tom Banton,2017-2026
11839,Jason Sangha,JJS Sangha,team_context,2018-2024,bbl,Jason Jaskirat Singh Sangha,2018-2026
9568,Tom Andrews,TD Andrews,team_context,2024-2025,bbl,Thomas David Andrews,2016-2026
11757,Wes Agar,Wes Agar,new,2017-2025,bbl,,
8498,Joel Paris,JS Paris,team_context,2018-2025,bbl,Joel Samuel Paris,2015-2026
8488,Kurtis Patterson,KR Patterson,team_context,2013-2025,bbl,Kurtis Robert Patterson,2012-2025
14495,Matthew Gilkes,M Gilkes,team_context,2019-2025,bbl,Matthew Robert Gilkes,2019-2026
11772,Brendan Doggett,B Doggett,team_context,2017-2025,bbl,Brendan James Doggett,2017-2026
18608,Peter Hatzoglou,P Hatzoglou,exact_name,2022-2025,bbl t10_abu_dhabi t10_zim_afro,Peter Hatzoglou,2020-2026
8503,Mark Steketee,MT Steketee,team_context,2014-2025,bbl,Mark Thomas Steketee,2014-2025
10385,Daniel Lawrence,DW Lawrence,team_context,2019-2025,bbl t10_abu_dhabi t10_lanka,Daniel William Lawrence,2015-2026
24321,Blake Nikitaras,B Nikitaras,exact_name,2025-2025,bbl,Blake Nikitaras,2023-2025
53786,Hugh Weibgen,HD Weibgen,team_context,2025-2025,bbl,Hugh D Weibgen,2025-2026
8162,Jonathan Wells,JW Wells,team_context,2011-2025,bbl global_super_league,Jonathan Wayne Wells,2011-2025
13128,Xavier Crone,XA Crone,team_context,2025-2025,bbl,Xavier Alexander Crone,2022-2025
8501,Gurinder Sandhu,GS Sandhu,team_context,2013-2025,bbl,Gurinder Singh Sandhu,2012-2026
6283,Daniel Christian,DT Christian,team_context,2011-2025,bbl legends_international_masters_league_t20 legends_legends_cricket_trophy legends_llc legends_wcl t20_blast,Daniel Trevor Christian,2010-2025
8130,Michael Neser,MG Neser,team_context,2011-2025,bbl,Michael Gertges Neser,2011-2026
10071,Tom Alsop,TP Alsop,team_context,2017-2025,bbl emirates_t20_trophy,,2016-2026
6250,Mitchell Marsh,MR Marsh,team_context,2011-2025,bbl,Mitchell Ross Marsh,2010-2026
7776,Marcus Harris,MS Harris,team_context,2016-2025,bbl,Marcus Sinclair Harris,2014-2026
10924,George Garton,GHS Garton,team_context,2019-2025,bbl t10_abu_dhabi t10_lanka,George Henry Simmons Garton,2016-2025
14248,Mohammad Hasnain,Mohammad Hasnain,exact_name,2022-2025,bbl t10_abu_dhabi,Mohammad Hasnain,2019-2026
13127,Charlie Wakim,CA Wakim,team_context,2025-2025,bbl,Charles A Wakim,2022-2025
2250,Steven Smith,SPD Smith,team_context,2011-2025,bbl gt20_canada,Steven Peter Devereux Smith,2010-2026
15140,Sam Fanning,S Fanning,team_context,2025-2026,bbl global_super_league,Samuel Thomas Fanning,2024-2026
9200,Alex Carey,AT Carey,team_context,2017-2025,bbl,Alex Tyson Carey,2017-2026
50577,Liam Haskett,L Haskett,exact_name,2025-2025,bbl,Liam Haskett,2025-2025
24603,Jordan Buckingham,JS Buckingham,team_context,2025-2025,bbl,Jordan Steven Dermott,2025-2025
52918,Harry Dixon,HT Dixon,team_context,2025-2025,bbl,Harry Thomas Dixon,2025-2026
51665,Mahli Beardman,M Beardman,exact_name,2025-2025,bbl,Mahli Beardman,2025-2026
1446918,Callum Stow,C Stow,team_context,2024-2026,bbl global_super_league,,2025-2026
9448,Jake Doran,JR Doran,team_context,2016-2025,bbl global_super_league,Jake Richard Doran,2016-2025
28297,Harry Manenti,HJ Manenti,team_context,2025-2025,bbl,Harry John Manenti,2022-2026
44728,Jafer Chohan,JA Chohan,team_context,2025-2025,bbl,,2023-2026
6635,Usman Khawaja,UT Khawaja,team_context,2011-2025,bbl gt20_canada,Usman Tariq Khawaja,2011-2026
10182,Marnus Labuschagne,M Labuschagne,exact_name,2017-2025,bbl,Marnus Labuschagne,2017-2026
1449141,Marcus Bean,M Bean,exact_name,2025-2025,bbl,Marcus Bean,2025-2025
19546,Tawanda Muyeye,TS Muyeye,team_context,2025-2025,bbl,Tawanda Sean Muyeye,2022-2026
55281,Oliver Peake,OJ Peake,team_context,2025-2026,bbl global_super_league,Oliver John Peake,2025-2026
8635,Cameron Gannon,CJ Gannon,team_context,2013-2025,bbl,Cameron John Gannon,2012-2026
15760,Mitchell Perry,M Perry,team_context,2025-2025,bbl,Mitchell John Perry,2021-2025
14500,Ben Manenti,BAD Manenti,team_context,2018-2025,bbl gt20_canada,Benjamin Andrew Davey Manenti,2018-2026
8159,Peter Handscomb,PSP Handscomb,team_context,2014-2025,bbl t20_blast,Peter Stephen Patrick Handscomb,2012-2025
157,Matthew Hayden,ML Hayden,team_context,2011-2012,bbl,Matthew Lawrence Hayden,2005-2012
364,James Hopes,JR Hopes,team_context,2011-2014,bbl,James Redfern Hopes,2005-2016
8133,Andrew Robinson,AW Robinson,team_context,2011-2012,bbl,,2011-2012
7799,Peter Forrest,PJ Forrest,team_context,2011-2014,bbl,Peter James Forrest,2011-2015
8134,Chris Hartley,CD Hartley,team_context,2011-2012,bbl,Christopher Desmond Hartley,2011-2016
8129,Nick Buchanan,ND Buchanan,team_context,2011-2017,bbl,Nicholas David Buchanan,2011-2017
279,Nathan Hauritz,NM Hauritz,team_context,2011-2013,bbl,Nathan Michael Hauritz,2009-2015
8128,Alister McDermott,AC McDermott,team_context,2011-2014,bbl,Alister Craig McDermott,2011-2015
42,Brett Lee,B Lee,exact_name,2011-2025,bbl legends_llc legends_road_safety legends_wcl,Brett Lee,2005-2015
7710,Mitchell Starc,MA Starc,team_context,2011-2014,bbl,Mitchell Aaron Starc,2011-2026
6258,Josh Hazlewood,JR Hazlewood,team_context,2011-2014,bbl,Josh Reginald Hazlewood,2011-2026
242,Dwayne Bravo,DJ Bravo,team_context,2011-2026,bbl bpl cpl csa_t20c gt20_canada legends_wcl legends_world_legends_pro_t20_league t10_abu_dhabi,Dwayne John Bravo,2006-2024
329,Stuart MacGill,SCG MacGill,team_context,2011-2012,bbl,Stuart Charles Glyndwr MacGill,2011-2012
159,Brad Haddin,BJ Haddin,unique_surname,2011-2022,bbl legends_llc legends_road_safety,Bradley James Haddin,2007-2017
6289,Michael Lumb,MJ Lumb,team_context,2011-2017,bbl,Michael John Lumb,2010-2017
6261,Nic Maddinson,NJ Maddinson,unique_surname,2011-2019,bbl cpl,Nicolas James Maddinson,2011-2026
8120,Ed Cowan,EJM Cowan,first+surname,2011-2011,bbl,Edward James McKenzie Cowan,2014-2016
1648,Rob Quiney,RJ Quiney,team_context,2011-2025,bbl legends_wcl slpl,Robert John Quiney,2009-2018
1440,George Bailey,GJ Bailey,team_context,2011-2019,bbl gt20_canada,George John Bailey,2009-2020
562,David Hussey,DJ Hussey,team_context,2011-2017,bbl,David John Hussey,2008-2017
282,Cameron White,CL White,team_context,2011-2024,bbl legends_legends_cricket_trophy legends_road_safety,Cameron Leon White,2007-2020
605,Adam Voges,AC Voges,team_context,2011-2018,bbl,Adam Charles Voges,2007-2018
776,Luke Wright,LJ Wright,team_context,2011-2021,bbl bpl t10_abu_dhabi,,2007-2022
7789,James Faulkner,JP Faulkner,team_context,2011-2021,bbl t10_abu_dhabi t20_blast,James Peter Faulkner,2011-2022
1646,Clint McKay,Clint McKay,new,2011-2020,bbl legends_road_safety,,
135,Shane Warne,SK Warne,team_context,2011-2012,bbl,Shane Keith Warne,2008-2013
6537,Jade Dernbach,JW Dernbach,team_context,2011-2022,bbl hk_t20_blitz legends_road_safety super_smash t10_abu_dhabi,,2011-2021
559,Doug Bollinger,DE Bollinger,unique_surname,2011-2017,bbl,Douglas Erwin Bollinger,2010-2017
381,Fidel Edwards,FH Edwards,team_context,2011-2026,bbl bpl gt20_canada legends_international_masters_league_t20 legends_legends_cricket_trophy legends_llc legends_wcl legends_world_legends_pro_t20_league t10_abu_dhabi t20_blast,Fidel Henderson Edwards,2007-2021
8139,Scott Coyte,SJ Coyte,team_context,2011-2014,bbl,Scott James Coyte,2011-2014
6255,Luke Doran,LA Doran,team_context,2011-2012,bbl,Luke Andrew Doran,2011-2014
2249,Daniel Smith,Daniel Smith,new,2011-2014,bbl slpl,,
8144,Craig Philipson,CA Philipson,team_context,2011-2011,bbl,Craig Andrew Philipson,2011-2011
8142,Ben Dunk,BR Dunk,team_context,2011-2025,bbl gt20_canada legends_international_masters_league_t20 legends_legends_cricket_trophy legends_llc legends_road_safety legends_wcl t10_abu_dhabi,Ben Robert Dunk,2011-2025
7656,Daniel Harris,DJ Harris,team_context,2011-2014,bbl bpl slpl,Daniel Joseph Harris,2011-2014
7657,Michael Klinger,M Klinger,exact_name,2011-2020,bbl legends_road_safety,Michael Klinger,2011-2019
1745,Callum Ferguson,CJ Ferguson,team_context,2011-2026,bbl legends_international_masters_league_t20 legends_legends_cricket_trophy legends_road_safety legends_wcl legends_world_legends_pro_t20_league,Callum James Ferguson,2009-2021
1641,Aiden Blizzard,AC Blizzard,team_context,2011-2017,bbl super_smash,Aiden Craig Blizzard,2011-2018
8154,Adam Crosthwaite,AJ Crosthwaite,team_context,2011-2012,bbl,Adam John Crosthwaite,2011-2012
7653,Cameron Borgas,CJ Borgas,team_context,2011-2014,bbl bpl slpl,Cameron James Borgas,2011-2014
487,Johan Botha,J Botha,team_context,2011-2023,bbl hk_t20_blitz legends_llc legends_road_safety,,2006-2021
7659,Aaron O Brien,Aaron O Brien,new,2011-2014,bbl,,
320,Alfonso Thomas,AC Thomas,team_context,2011-2014,bbl bpl,,2011-2015
7850,Nathan Lyon,NM Lyon,team_context,2011-2018,bbl,Nathan Michael Lyon,2011-2023
407,Shaun Tait,SW Tait,team_context,2011-2017,bbl bpl,Shaun William Tait,2007-2017
1647,Dirk Nannes,DP Nannes,team_context,2011-2024,bbl bpl legends_road_safety legends_wcl slpl,Dirk Peter Nannes,2009-2015
78,Abdul Razzaq,Abdul Razzaq,exact_name,2011-2024,bbl bpl legends_llc legends_wcl slpl,Abdul Razzaq,2006-2013
7777,Aaron Heal,AK Heal,team_context,2011-2012,bbl,Aaron Keith Heal,2011-2012
1645,Andrew McDonald,AB McDonald,team_context,2011-2012,bbl slpl,Andrew Barry McDonald,2009-2016
1643,Aaron Finch,AJ Finch,team_context,2011-2024,bbl legends_legends_cricket_trophy legends_llc legends_wcl slpl,Aaron James Finch,2010-2024
8160,Meyrick Buchanan,MJ Buchanan,team_context,2011-2011,bbl,,2011-2011
8155,Nathan Reardon,NJ Reardon,team_context,2011-2025,bbl legends_international_masters_league_t20 legends_road_safety super_smash,Nathan Jon Reardon,2011-2018
1981,Graham Manou,GA Manou,team_context,2011-2012,bbl,Graham Allan Manou,2011-2012
498,Phil Jaques,PA Jaques,team_context,2011-2012,bbl,Philip Anthony Jaques,2011-2014
38,Ricky Ponting,RT Ponting,team_context,2011-2011,bbl,Ricky Thomas Ponting,2005-2013
6280,Travis Birt,TR Birt,team_context,2011-2020,bbl bpl legends_road_safety slpl,Travis Rodney Birt,2010-2015
520,Owais Shah,OA Shah,team_context,2011-2024,bbl bpl legends_llc legends_road_safety legends_wcl,,2007-2018
8149,Tom Triffitt,TIF Triffitt,team_context,2011-2012,bbl,Thomas Ian Francis Triffitt,2011-2015
8147,Rhett Lockyear,RJG Lockyear,team_context,2011-2012,bbl,Rhett John Gaven Lockyear,2011-2012
1443,Jason Krejza,JJ Krejza,team_context,2011-2022,bbl legends_road_safety,Jason John Krejza,2011-2012
1565,Naved-ul-Hasan,Naved-ul-Hasan,exact_name,2011-2012,bbl bpl slpl,Rana Naved-ul-Hasan,2006-2012
7729,Xavier Doherty,XJ Doherty,team_context,2011-2025,bbl legends_international_masters_league_t20 legends_road_safety legends_wcl,Xavier John Doherty,2011-2017
561,Ben Hilfenhaus,BW Hilfenhaus,team_context,2011-2025,bbl legends_international_masters_league_t20 super_smash,Benjamin William Hilfenhaus,2007-2017
7731,Michael Beer,MA Beer,team_context,2011-2019,bbl,Michael Anthony Beer,2011-2019
7746,Ben Edmondson,BM Edmondson,team_context,2011-2013,bbl bpl,Ben Matthew Edmondson,2011-2013
140,Brad Hogg,Brad Hogg,new,2011-2018,bbl bpl slpl,,
66,Paul Collingwood,PD Collingwood,team_context,2011-2023,bbl emirates_t20_trophy legends_llc,Paul David Collingwood,2005-2018
212,Herschelle Gibbs,HH Gibbs,team_context,2011-2024,bbl bpl legends_llc legends_road_safety legends_wcl,Herschelle Herman Gibbs,2005-2013
1439,Marcus North,MJ North,team_context,2011-2014,bbl,Marcus James North,2009-2014
280,Simon Katich,SM Katich,team_context,2011-2014,bbl bpl,Simon Mathew Katich,2005-2014
4772,Michael Hussey,MEK Hussey,team_context,2011-2016,bbl cpl super_smash,Michael Edward Killeen Hussey,2005-2016
1442,Ryan Harris,RJ Harris,team_context,2011-2014,bbl,Ryan James Harris,2009-2014
1839,Dominic Thornely,DJ Thornely,team_context,2011-2012,bbl,Dominic John Thornely,2008-2012
7738,Peter Nevill,PM Nevill,team_context,2011-2025,bbl legends_international_masters_league_t20,Peter Michael Nevill,2011-2021
7765,William Sheridan,WD Sheridan,team_context,2011-2016,bbl hk_t20_blitz,William David Sheridan,2012-2013
609,Shane Harwood,SM Harwood,team_context,2011-2012,bbl bpl,Shane Michael Harwood,2007-2012
563,Shaun Marsh,SE Marsh,team_context,2011-2026,bbl legends_international_masters_league_t20 legends_legends_cricket_trophy legends_llc legends_wcl legends_world_legends_pro_t20_league,Shaun Edward Marsh,2008-2024
1445,Bryce McGain,BE McGain,team_context,2011-2025,bbl legends_international_masters_league_t20 legends_road_safety,Bryce Edward McGain,2011-2012
8143,Jason Floros,JS Floros,team_context,2011-2016,bbl,Jason Scott Floros,2011-2018
2248,Ben Rohrer,BJ Rohrer,team_context,2011-2018,bbl,Ben James Rohrer,2011-2018
8158,Chris Simpson,CP Simpson,team_context,2011-2012,bbl,Christopher Patrick Simpson,2011-2011
7778,Matt Johnston,MJ Johnston,team_context,2011-2012,bbl,Matthew James Johnston,2011-2012
6708,Tom Cooper,TLW Cooper,team_context,2011-2023,bbl bpl gt20_canada,Tom Lexley William Cooper,2011-2022
7774,Nathan Coulter-Nile,NM Coulter-Nile,team_context,2011-2026,bbl legends_international_masters_league_t20 legends_wcl legends_world_legends_pro_t20_league,Nathan Mitchell Coulter-Nile,2011-2024
1669,Roelof van der Merwe,RE van der Merwe,team_context,2011-2025,bbl csa_t20c hk_t20_blitz t10_abu_dhabi t20_blast,,2009-2026
283,Brad Hodge,Brad Hodge,new,2011-2022,bbl bpl cpl legends_road_safety slpl,,
7782,Luke Butterworth,LR Butterworth,team_context,2011-2012,bbl,Luke Rex Butterworth,2011-2012
8140,Tim Cruickshank,TD Cruickshank,team_context,2011-2012,bbl,Timothy Dale Cruickshank,2011-2012
8156,Brendan Drew,BG Drew,team_context,2012-2012,bbl,,2012-2012
8157,James Muirhead,JM Muirhead,team_context,2012-2018,bbl,James Matthew Muirhead,2012-2018
8131,Steve Paulsen,Steve Paulsen,new,2012-2012,bbl,,
205,Daniel Vettori,DL Vettori,team_context,2012-2022,bbl legends_llc,Daniel Luca Vettori,2007-2015
8127,Ian Moran,IA Moran,team_context,2012-2012,bbl,,2012-2015
6251,Tim Armstrong,TJ Armstrong,team_context,2012-2013,bbl,Timothy John Armstrong,2012-2013
8171,Daniel Salpietro,DR Salpietro,team_context,2012-2012,bbl,Daniel Robin Salpietro,2012-2012
7732,Michael Hogan,MG Hogan,team_context,2012-2012,bbl,Michael Garry Hogan,2012-2023
579,Nathan McCullum,NL McCullum,team_context,2012-2015,bbl super_smash,Nathan Leslie McCullum,2007-2016
2247,Steve OKeefe,Steve OKeefe,new,2012-2025,bbl legends_international_masters_league_t20 legends_wcl,,
7739,Trent Copeland,TA Copeland,team_context,2012-2014,bbl,Trent Aaron Copeland,2014-2014
6252,T Beaton,T Beaton,new,2012-2016,bbl super_smash,,
8141,Matthew Day,MR Day,team_context,2012-2012,bbl,Matthew Raymond Day,2012-2012
8138,Nicholas Bills,ND Bills,team_context,2012-2012,bbl,Nicholas David Bills,2012-2012
8135,Chris Swan,CR Swan,team_context,2012-2012,bbl,Christopher Richard Swan,2012-2012
8153,Brenton McDonald,BG McDonald,team_context,2012-2012,bbl,Brenton G McDonald,2012-2012
8152,Jayde Herrick,JM Herrick,team_context,2012-2013,bbl,Jayde Matthew Herrick,2012-2013
533,Mark Cosgrove,MJ Cosgrove,team_context,2012-2020,bbl legends_road_safety t20_blast,Mark James Cosgrove,2012-2019
8123,Josh Lalor,JK Lalor,team_context,2012-2019,bbl,Joshua Kendall Lalor,2012-2022
419,James Franklin,JEC Franklin,team_context,2012-2022,bbl hk_t20_blitz legends_road_safety,James Edward Charles Franklin,2006-2018
1644,John Hastings,JW Hastings,team_context,2012-2025,bbl legends_road_safety legends_wcl slpl,John Wayne Hastings,2010-2018
8928,Clive Rose,CA Rose,team_context,2013-2019,bbl,Clive Andrew Rose,2012-2020
110,Muthiah Muralidaran,Muthiah Muralidaran,new,2012-2022,bbl bpl legends_llc legends_road_safety slpl,,
8122,Alex Doolan,AJ Doolan,team_context,2013-2022,bbl legends_road_safety,Alexander James Doolan,2013-2019
2258,Jos Buttler,JC Buttler,team_context,2013-2024,bbl t10_abu_dhabi,Joseph Charles Buttler,2011-2026
624,Eoin Morgan,EJG Morgan,team_context,2013-2026,bbl legends_international_masters_league_t20 legends_wcl legends_world_legends_pro_t20_league t10_abu_dhabi t10_zim_afro,Eoin Joseph Gerard Morgan,2009-2023
6670,Chris Woakes,CR Woakes,team_context,2013-2013,bbl,Christopher Roger Woakes,2011-2026
7661,Ryan Carters,RGL Carters,team_context,2013-2016,bbl,Ryan Graham Leslie Carters,2012-2016
9740,Blake Dean,BS Dean,team_context,2013-2013,bbl,Blake S Dean,2013-2013
9741,Carl Stephen Sandri,CS Sandri,team_context,2013-2013,bbl,,2013-2013
8145,Luke Feldman,LW Feldman,team_context,2013-2017,bbl super_smash,Luke William Feldman,2012-2015
6734,Alex Hales,AD Hales,team_context,2013-2025,bbl gt20_canada t10_abu_dhabi t10_lanka t20_blast,Alexander Daniel Hales,2011-2026
1438,Phillip Hughes,Phillip Hughes,new,2013-2014,bbl,,
7658,Tim Ludeman,TP Ludeman,team_context,2013-2018,bbl,Timothy Paul Ludeman,2012-2018
7800,Joe Mennie,JM Mennie,team_context,2013-2019,bbl,Joe Matthew Mennie,2012-2020
8150,Evan Gulbis,EP Gulbis,team_context,2013-2019,bbl super_smash,Evan Peter Gulbis,2012-2019
8630,Sam Whiteman,SM Whiteman,team_context,2013-2019,bbl,Sam McFarlan Whiteman,2013-2026
1006,Luke Pomersbach,LA Pomersbach,team_context,2013-2014,bbl,Luke Anthony Pomersbach,2007-2014
2261,Craig Kieswetter,C Kieswetter,exact_name,2013-2014,bbl,Craig Kieswetter,2010-2014
8121,Joe Burns,JA Burns,team_context,2013-2019,bbl,,2012-2025
494,Yasir Arafat,Yasir Arafat,exact_name,2012-2024,bbl bpl hk_t20_blitz legends_wcl,Yasir Arafat Satti,2007-2016
8644,Andrew Fekete,AL Fekete,team_context,2013-2017,bbl,Andrew Loton Fekete,2013-2020
33,Shoaib Malik,Shoaib Malik,exact_name,2012-2025,bbl cpl gt20_canada legends_wcl slpl t10_abu_dhabi,Shoaib Malik,2006-2025
1994,Tim Paine,TD Paine,team_context,2013-2024,bbl legends_wcl,Timothy David Paine,2010-2022
111,Lasith Malinga,Lasith Malinga,new,2012-2019,bbl gt20_canada slpl super_provincial_t20_tournament t10_abu_dhabi,,
2283,James Pattinson,JL Pattinson,team_context,2013-2025,bbl legends_international_masters_league_t20,James Lee Pattinson,2011-2022
9695,Ben Oakley,Ben Oakley,new,2013-2013,bbl,,
7761,Michael Hill,MW Hill,team_context,2014-2016,bbl hk_t20_blitz,,2013-2016
8132,Matthew Gale,MG Gale,team_context,2014-2014,bbl,,2014-2014
105,Tillakaratne Dilshan,TM Dilshan,team_context,2012-2026,bbl bpl hk_t20_blitz legends_asian_legends_league legends_legends_cricket_trophy legends_llc legends_road_safety slpl,Tillakaratne Mudiyanselage Dilshan,2006-2016
8971,Chris Sabburg,CJM Sabburg,team_context,2014-2014,bbl,Christopher John Martin Sabburg,2014-2022
8641,Chris Tremain,CP Tremain,team_context,2014-2019,bbl,Christopher Peter Tremain,2012-2021
8161,Craig Simmons,CJ Simmons,team_context,2014-2016,bbl hk_t20_blitz,Craig Joseph Simmons,2014-2015
1390,Ajantha Mendis,Ajantha Mendis,new,2012-2026,bbl legends_llc legends_road_safety slpl t10_qatar,,
2277,Jon Holland,JM Holland,team_context,2014-2018,bbl,Jonathan Mark Holland,2014-2020
7660,Gary Putland,GD Putland,team_context,2014-2014,bbl,Gary David Putland,2012-2016
397,Chris Tremlett,CT Tremlett,team_context,2014-2025,bbl legends_international_masters_league_t20 legends_road_safety legends_wcl,Christopher Timothy Tremlett,2007-2014
8969,Fawad Ahmed,Fawad Ahmed,exact_name,2014-2019,bbl gt20_canada t10_abu_dhabi,Fawad Ahmed,2013-2023
8095,Pat Cummins,PJ Cummins,team_context,2014-2017,bbl,Patrick James Cummins,2011-2026
8497,Travis Head,TM Head,team_context,2014-2019,bbl,Travis Michael Head,2013-2026
9694,Jonathon Dean,JR Dean,team_context,2014-2018,bbl,Jonathon Robert Dean,2014-2018
9737,Solomon Mire,SF Mire,team_context,2014-2024,bbl legends_legends_cricket_trophy legends_llc,Solomon Farai Mire,2014-2019
741,Dimitri Mascarenhas,AD Mascarenhas,unique_surname,2013-2025,bbl bpl legends_international_masters_league_t20 legends_road_safety legends_wcl,Adrian Dimitri Mascarenhas,2007-2014
8631,Scott Boland,SM Boland,team_context,2014-2019,bbl,Scott Michael Boland,2014-2024
360,Mohammad Hafeez,Mohammad Hafeez,exact_name,2012-2025,bbl bpl gt20_canada legends_llc legends_wcl slpl t10_abu_dhabi t10_qatar t10_zim_afro,,2006-2023
6259,Alex Keath,AR Keath,team_context,2014-2014,bbl,Alexander Robin Keath,2013-2015
8648,Daniel Worrall,DJ Worrall,team_context,2014-2018,bbl,Daniel James Worrall,2014-2026
10981,Ryan Gibson,RJ Gibson,team_context,2016-2018,bbl,Ryan James Gibson,2016-2023
6534,Jason Roy,JJ Roy,team_context,2012-2025,bbl bpl t10_abu_dhabi t10_lanka,Jason Jonathan Roy,2012-2026
1609,Samuel Badree,S Badree,exact_name,2013-2024,bbl bpl cpl hk_t20_blitz legends_legends_cricket_trophy legends_road_safety legends_wcl,Samuel Badree,2012-2018
8509,Jack Wildermuth,JD Wildermuth,team_context,2016-2019,bbl,Jack David Wildermuth,2016-2026
10163,Jake Lehmann,JS Lehmann,team_context,2016-2019,bbl,Jake Scott Lehmann,2016-2022
657,Kieron Pollard,KA Pollard,team_context,2012-2026,bbl bpl cpl csa_t20c gt20_canada legends_wcl legends_world_legends_pro_t20_league t10_abu_dhabi,Kieron Adrian Pollard,2008-2026
11051,Liam O'Connor,LN O'Connor,team_context,2016-2019,bbl,Liam Nicholas O'Connor,2016-2021
2276,Sunil Narine,SP Narine,team_context,2016-2026,bbl cpl gt20_canada t10_abu_dhabi,Sunil Philip Narine,2012-2026
11368,Arjun Nair,AJ Nair,team_context,2016-2019,bbl,Arjun Jayanand Nair,2016-2021
104,Kumar Sangakkara,KC Sangakkara,team_context,2016-2025,bbl cpl hk_t20_blitz legends_international_masters_league_t20,Kumar Chokshanada Sangakkara,2006-2018
9199,Dominic Michael,DP Michael,team_context,2016-2016,bbl,,2016-2022
10164,Hamish Kingston,HP Kingston,team_context,2016-2017,bbl,Hamish Phillip Kingston,2015-2017
554,Stuart Broad,SCJ Broad,team_context,2016-2026,bbl legends_world_legends_pro_t20_league,Stuart Christopher John Broad,2006-2017
385,Ian Bell,IR Bell,team_context,2016-2025,bbl emirates_t20_trophy hk_t20_blitz legends_international_masters_league_t20 legends_llc legends_road_safety legends_wcl t20_blast,Ian Ronald Bell,2006-2020
6592,David Willey,DJ Willey,team_context,2016-2024,bbl t10_abu_dhabi t10_zim_afro t20_blast,David Jonathan Willey,2014-2026
496,Mitchell Johnson,MG Johnson,team_context,2016-2022,bbl legends_llc,Mitchell Guy Johnson,2007-2018
10185,Somerville,WER Somerville,team_context,2016-2018,bbl,William Edgar Richard Somerville,2016-2022
158,Shane Watson,SR Watson,team_context,2015-2026,bbl cpl legends_international_masters_league_t20 legends_llc legends_road_safety legends_world_legends_pro_t20_league super_smash t10_abu_dhabi,Shane Robert Watson,2006-2020
12216,Tom Andrews,TD Andrews,team_context,2016-2017,bbl,Thomas David Andrews,2016-2026
9663,Lawford,TL Lawford,team_context,2016-2017,bbl super_smash,Trent Lee Lawford,2014-2017
11005,Cameron Stevenson,CAH Stevenson,team_context,2017-2017,bbl,Cameron Aaron Henry Stevenson,2015-2024
395,Kevin Pietersen,KP Pietersen,team_context,2015-2024,bbl csa_t20c legends_llc legends_road_safety legends_wcl,Kevin Peter Pietersen,2005-2018
9607,Jay Lenton,JS Lenton,team_context,2017-2019,bbl,Jay Stephen Lenton,2017-2022
10165,Simon Milenko,S Milenko,team_context,2017-2019,bbl,Simon Alexander Milenko,2014-2020
8110,Carlos Brathwaite,CR Brathwaite,team_context,2016-2026,bbl cpl global_super_league gt20_canada legends_world_legends_pro_t20_league t10_abu_dhabi t10_zim_afro,Carlos Ricardo Brathwaite,2011-2024
2281,Thisara Perera,Thisara Perera,new,2012-2026,bbl cpl gt20_canada legends_asian_legends_league legends_legends_cricket_trophy legends_llc legends_world_legends_pro_t20_league slpl super_provincial_t20_tournament t10_abu_dhabi t10_lanka t10_zim_afro,,
9571,Kelvin Smith,KR Smith,team_context,2017-2018,bbl,Kelvin R Smith,2015-2018
8561,Ish Sodhi,Ish Sodhi,new,2015-2019,bbl gt20_canada super_smash,,
12230,Liam Bowe,L Bowe,exact_name,2017-2019,bbl,Liam Bowe,2017-2020
537,Tim Bresnan,TT Bresnan,team_context,2017-2025,bbl legends_international_masters_league_t20 legends_llc t20_blast,Timothy Thomas Bresnan,2006-2021
10624,Sam Heazlett,SD Heazlett,team_context,2017-2019,bbl,Samuel Daly Heazlett,2015-2025
8623,Sam Rainbird,SL Rainbird,team_context,2017-2019,bbl,Samuel Leigh Rainbird,2015-2022
9738,Jake Reed,JK Reed,team_context,2017-2017,bbl,Jake Kenneth Reed,2015-2017
10199,Seb Gotch,SE Gotch,unique_surname,2017-2019,bbl,Sebastian Edward Gotch,2017-2021
12248,Andrew Harriott,Andrew Harriott,new,2017-2017,bbl,,
11186,Shadab Khan,Shadab Khan,exact_name,2017-2026,bbl cpl global_super_league gt20_canada t10_abu_dhabi,Shadab Khan,2017-2026
11540,Jofra Archer,JC Archer,team_context,2017-2019,bbl t10_abu_dhabi,Jofra Chioke Archer,2016-2026
13387,Aaron Summers,AW Summers,team_context,2017-2021,bbl t10_abu_dhabi,Aaron William Summers,2017-2019
8487,William Bosisto,WG Bosisto,team_context,2017-2019,bbl,William Giles Bosisto,2017-2025
8064,Yasir Shah,Yasir Shah,exact_name,2017-2024,bbl legends_legends_cricket_trophy t10_zim_afro,Yasir Shah,2011-2021
10980,Mickey Edwards,Mickey Edwards,new,2018-2018,bbl,,
6254,Coleman,JR Coleman,team_context,2018-2018,bbl,Jackson Ray Coleman,2018-2020
13121,Daniel Fallins,D Fallins,exact_name,2018-2018,bbl,Daniel Fallins,2018-2018
1995,Joe Denly,JL Denly,team_context,2013-2019,bbl bpl,Joseph Liam Denly,2009-2026
8373,Usman Qadir,Usman Qadir,exact_name,2017-2023,bbl emirates_t20_trophy gt20_canada,Usman Qadir,2018-2024
9698,Usman Khan,Usman Khan,exact_name,2018-2023,bbl t10_abu_dhabi t10_zim_afro,,2021-2026
8019,Root,JE Root,team_context,2018-2019,bbl,Joseph Edward Root,2013-2026
10751,Travis Dean,TJ Dean,team_context,2018-2018,bbl,Travis Jeffrey Dean,2018-2022
10109,Nick Larkin,NCR Larkin,team_context,2018-2019,bbl,Nicholas Christopher Richard Larkin,2016-2023
9457,Valente,C Valente,team_context,2018-2019,bbl,Cameron Valente,2018-2021
14461,Jonathan Cook,JD Cook,team_context,2018-2019,bbl,Jonathan D Cook,2018-2021
10989,Greg West,GA West,team_context,2018-2018,bbl,Gregory Aaron West,2016-2018
14402,Justin Avendano,J Avendano,exact_name,2019-2019,bbl,Justin Avendano,2019-2022
479,Liam Plunkett,LE Plunkett,team_context,2017-2025,bbl emirates_t20_trophy legends_llc legends_wcl t10_abu_dhabi,Liam Edward Plunkett,2006-2025
6496,Harry Gurney,HF Gurney,team_context,2018-2019,bbl t10_abu_dhabi t20_blast,Harry Frederick Gurney,2014-2019
12225,Green,C Green,team_context,2019-2019,bbl,,2019-2026
14038,Tom O Connell,Tom O Connell,new,2019-2019,bbl,,
13384,Jack Prestwidge,JA Prestwidge,team_context,2019-2023,bbl t10_zim_afro,Jack Arthur Prestwidge,2019-2023
10201,David Moody,DJM Moody,team_context,2019-2019,bbl,David John Masson Moody,2019-2023
77,Kamran Akmal,Kamran Akmal,exact_name,2012-2025,bpl gt20_canada hk_t20_blitz legends_llc legends_wcl slpl t10_abu_dhabi t10_qatar,Kamran Akmal,2007-2022
2264,Peter Trego,PD Trego,team_context,2012-2026,bpl legends_legends_cricket_trophy legends_llc legends_world_legends_pro_t20_league t10_abu_dhabi,,2012-2021
119,Alok Kapali,Alok Kapali,exact_name,2012-2022,bpl legends_road_safety,Alok Kapali,2007-2022
58,Scott Styris,SB Styris,team_context,2012-2022,bpl legends_road_safety slpl,Scott Bernard Styris,2005-2014
859,Sohail Tanvir,Sohail Tanvir,exact_name,2012-2025,bpl cpl gt20_canada hk_t20_blitz legends_llc legends_wcl slpl t10_abu_dhabi t10_qatar,Sohail Tanvir,2007-2025
1584,Naeem Islam,Naeem Islam,exact_name,2012-2013,bpl,Mohammed Naeem Islam,2008-2025
8240,Noor Hossain,Noor Hossain,exact_name,2012-2013,bpl,,2012-2013
1787,Ahmed Shehzad,Ahmed Shehzad,exact_name,2012-2016,bpl cpl slpl,Ahmed Shehzad,2009-2024
393,Shahriar Nafees,Shahriar Nafees,exact_name,2012-2013,bpl,,2012-2019
8220,Farhad Hossain,Farhad Hossain,exact_name,2012-2013,bpl,,2012-2013
1055,Nasir Jamshed,Nasir Jamshed,exact_name,2012-2012,bpl slpl,Nasir Jamshed,2012-2016
1415,Kyle Coetzer,KJ Coetzer,first+surname,2012-2023,bpl gt20_canada hk_t20_blitz legends_llc,Kyle James Coetzer,2008-2021
390,Enamul Haque jnr,Enamul Haque jnr,exact_name,2012-2013,bpl,,2012-2019
31,Mohammad Sami,Mohammad Sami,exact_name,2012-2019,bpl gt20_canada t10_abu_dhabi t10_qatar,Mohammad Sami,2010-2019
3453,Sean Ervine,SM Ervine,team_context,2012-2013,bpl,Sean Michael Ervine,2012-2017
433,Syed Rasel,Syed Rasel,exact_name,2012-2012,bpl,Syed Rasel,2007-2012
356,Marlon Samuels,MN Samuels,team_context,2012-2017,bpl hk_t20_blitz,Marlon Nathaniel Samuels,2007-2018
8234,Saqlain Sajib,Saqlain Sajib,exact_name,2012-2013,bpl,Saqlain Sajib,2012-2017
8230,Asif Ahmed,Asif Ahmed,exact_name,2012-2013,bpl,,2013-2015
5820,Qaiser Abbas,Qaiser Abbas,new,2012-2012,bpl,,
784,Zunaed Siddique,Zunaed Siddique,new,2012-2013,bpl,,
244,Shivnarine Chanderpaul,S Chanderpaul,exact_name,2012-2020,bpl legends_road_safety slpl,Shivnarine Chanderpaul,2006-2015
255,Dwayne Smith,DR Smith,team_context,2012-2025,bpl cpl gt20_canada hk_t20_blitz legends_international_masters_league_t20 legends_legends_cricket_trophy legends_llc legends_road_safety legends_wcl t10_abu_dhabi,Dwayne Romel Smith,2006-2019
8246,Nazmul Hossain Milon,Nazmul Hossain Milon,exact_name,2012-2013,bpl,,2012-2020
8018,Nasir Hossain,Nasir Hossain,exact_name,2012-2021,bpl t10_abu_dhabi,Mohammad Nasir Hossain,2011-2026
127,Abdur Razzak,Abdur Razzak,exact_name,2012-2024,bpl legends_llc legends_road_safety,Abdur Razzak,2007-2017
6240,Saghir Hossain,Saghir Hossain,exact_name,2012-2012,bpl,,2012-2012
322,Andre Adams,AR Adams,team_context,2012-2012,bpl,Andre Ryan Adams,2005-2012
206,Azhar Mahmood,Azhar Mahmood,exact_name,2012-2022,bpl legends_llc slpl,Azhar Mahmood Sagar,2012-2016
1393,Mosharraf Hossain,Mosharraf Hossain,exact_name,2012-2013,bpl,,2012-2019
8109,Elias Sunny,Elias Sunny,exact_name,2012-2022,bpl legends_road_safety,Mohammad Elias Sunny,2012-2015
131,Imran Nazir,Imran Nazir,exact_name,2012-2018,bpl slpl t10_abu_dhabi,Imran Nazir,2007-2012
788,Nazimuddin,Nazimuddin,exact_name,2012-2022,bpl legends_road_safety,Mohammed Nazimuddin,2007-2013
8000,Darren Stevens,DI Stevens,team_context,2012-2019,bpl t20_blast,,2012-2022
8228,Mizanur Rahman,Mizanur Rahman,exact_name,2012-2013,bpl,,2012-2025
697,Fawad Alam,Fawad Alam,exact_name,2012-2025,bpl legends_wcl,Fawad Alam,2007-2012
1611,Kevon Cooper,KK Cooper,team_context,2012-2024,bpl cpl gt20_canada legends_llc slpl t10_abu_dhabi,,2012-2018
3193,Faisal Hossain,Faisal Hossain,exact_name,2012-2012,bpl,,2012-2012
6715,Gary Keedy,Gary Keedy,new,2012-2012,bpl,,
8241,Nabil Samad,Nabil Samad,exact_name,2012-2013,bpl,,2012-2025
183,Aftab Ahmed,Aftab Ahmed,exact_name,2012-2022,bpl legends_road_safety,Aftab Ahmed Chowdhury,2007-2021
813,Phil Mustard,P Mustard,team_context,2012-2026,bpl legends_international_masters_league_t20 legends_legends_cricket_trophy legends_llc legends_road_safety legends_wcl legends_world_legends_pro_t20_league,Philip Mustard,2008-2017
102,Sanath Jayasuriya,ST Jayasuriya,team_context,2012-2022,bpl legends_llc legends_road_safety slpl,Sanath Teran Jayasuriya,2006-2012
392,Shahadat Hossain,Shahadat Hossain,exact_name,2012-2022,bpl legends_road_safety,,2008-2026
511,Faisal Iqbal,Faisal Iqbal,new,2012-2012,bpl,,
162,Kabir Ali,Kabir Ali,exact_name,2012-2021,bpl legends_road_safety,,2012-2014
8222,Alauddin Babu,Alauddin Babu,exact_name,2012-2013,bpl,,2012-2025
8248,Abul Hossain,Abul Hossain,new,2012-2012,bpl,,
1918,Shahzaib Hasan,Shahzaib Hasan,exact_name,2012-2012,bpl,Mohammad Shahzaib Hasan Khan,2009-2017
8218,Sohag Gazi,Sohag Gazi,exact_name,2012-2021,bpl t10_abu_dhabi,Sohag Gazi,2012-2025
860,Khalid Latif,Khalid Latif,exact_name,2012-2012,bpl,Khalid Latif,2010-2016
3183,Anwar Hossain Monir,Anwar Hossain Monir,new,2012-2012,bpl,,
185,Nazmul Hossain,Nazmul Hossain,exact_name,2012-2013,bpl,,2009-2013
634,Alexei Kervezee,AN Kervezee,team_context,2012-2012,bpl,Alexei Nicolaas Kervezee,2009-2016
3186,Talha Jubair,Talha Jubair,exact_name,2012-2012,bpl,,2012-2012
8229,Sanjamul Islam,Sanjamul Islam,new,2012-2013,bpl,,
566,Mehrab Hossain jnr,Mehrab Hossain jnr,exact_name,2012-2013,bpl,Mehrab Hossain jnr,2008-2013
691,Niall O Brien,Niall O Brien,new,2012-2013,bpl,,
9221,Marshall Ayub,Marshall Ayub,exact_name,2012-2013,bpl,,2012-2019
1357,Dolar Mahmud,Dolar Mahmud,exact_name,2012-2022,bpl legends_road_safety,,2012-2013
8066,Rameez Raja,Rameez Raja (2),exact_name,2012-2012,bpl,,2011-2018
1111,Dhiman Ghosh,Dhiman Ghosh,exact_name,2012-2025,bpl legends_asian_legends_league legends_road_safety,Dhiman Ghosh,2008-2017
6617,Thomas Lloyd Maynard,TL Maynard,team_context,2012-2012,bpl,,2012-2012
180,Brendan Taylor,BRM Taylor,team_context,2012-2024,bpl legends_legends_cricket_trophy slpl t10_abu_dhabi,Brendan Ross Murray Taylor,2007-2026
1426,Rizwan Cheema,Rizwan Cheema,exact_name,2012-2023,bpl gt20_canada,Rizwan Ahmed Cheema,2010-2019
8249,Awais Zia,Awais Zia,exact_name,2012-2017,bpl emirates_t20_trophy,Awais Zia,2012-2019
1053,Saeed Ajmal,Saeed Ajmal,exact_name,2012-2025,bpl hk_t20_blitz legends_wcl slpl,Saeed Ajmal,2009-2017
6272,Hammad Azam,Hammad Azam,exact_name,2012-2026,bpl global_super_league slpl,Hammad Azam,2012-2026
6495,Josh Cobb,JJ Cobb,team_context,2013-2023,bpl t10_abu_dhabi t20_blast,,2013-2024
6564,Chris Liddle,CJ Liddle,team_context,2013-2013,bpl,,2013-2019
223,Kaushal Lokuarachchi,KS Lokuarachchi,team_context,2012-2013,bpl slpl,Kaushal Samaraweera Lokuarachchi,2012-2013
425,Hamilton Masakadza,H Masakadza,exact_name,2013-2026,bpl legends_legends_cricket_trophy legends_llc t10_zim_afro,Hamilton Masakadza,2007-2019
170,Elton Chigumbura,E Chigumbura,exact_name,2013-2024,bpl legends_llc,Elton Chigumbura,2007-2020
9059,Bishawnath Halder,Bishawnath Halder,exact_name,2013-2013,bpl,,2013-2013
9057,Mahmudul Hasan,Mahmudul Hasan,exact_name,2013-2013,bpl,,2013-2019
9045,Jubair Ahmed,Jubair Ahmed,exact_name,2013-2013,bpl,,2013-2013
6692,Moeen Ali,MM Ali,team_context,2013-2026,bpl cpl global_super_league legends_wcl t10_abu_dhabi t20_blast,Moeen Munir Ali,2013-2026
8332,Abul Hasan,Abul Hasan,exact_name,2013-2025,bpl legends_asian_legends_league legends_road_safety,Mohammed Abul Hasan,2012-2017
9061,Nayeem Islam Jr.,Nayeem Islam Jr.,new,2013-2013,bpl,,
9047,Monir Hossain,Monir Hossain,exact_name,2013-2021,bpl t10_abu_dhabi,,2012-2020
59,Jacob Oram,JDP Oram,team_context,2012-2022,bpl legends_road_safety slpl,Jacob David Philip Oram,2005-2013
125,Tapash Baisya,Tapash Baisya,exact_name,2013-2013,bpl,,2013-2013
611,Mohammad Sharif,Mohammad Sharif,exact_name,2013-2022,bpl legends_road_safety,,2013-2017
9062,Amit Majumder,Amit Majumder,new,2013-2013,bpl,,
9060,Maruf Reza,Maruf Reza,new,2013-2013,bpl,,
417,Lou Vincent,L Vincent,exact_name,2013-2013,bpl,Lou Vincent,2006-2013
3015,Shapoor Zadran,Shapoor Zadran,exact_name,2013-2019,bpl t10_abu_dhabi,,2013-2013
9063,Denly Joseph Liam,Denly Joseph Liam,new,2013-2013,bpl,,
9054,Taposh Ghosh,Taposh Ghosh,exact_name,2013-2013,bpl,,2013-2013
9064,Amit Kumar,Amit Kumar,exact_name,2013-2013,bpl,,2013-2013
3460,Charles Coventry,CK Coventry,team_context,2013-2013,bpl,Charles Kevin Coventry,2010-2015
7921,Danza Hyatt,DP Hyatt,team_context,2013-2022,bpl legends_road_safety,Danza Pacino Hyatt,2011-2016
1117,Sulieman Benn,SJ Benn,team_context,2013-2025,bpl cpl legends_international_masters_league_t20 legends_legends_cricket_trophy legends_llc legends_road_safety legends_wcl,Sulieman Jamaal Benn,2008-2016
9136,Saikat Ali,Saikat Ali,new,2013-2013,bpl,,
491,Chamara Kapugedera,CK Kapugedera,team_context,2012-2024,bpl legends_legends_cricket_trophy legends_road_safety slpl,Chamara Kantha Kapugedera,2006-2017
1585,Mahbubul Alam,Mahbubul Alam,exact_name,2013-2013,bpl,,2013-2013
112,Farveez Maharoof,MF Maharoof,unique_surname,2012-2022,bpl legends_llc legends_road_safety slpl,Mohamed Farveez Maharoof,2006-2016
3215,Raqibul Hasan,Raqibul Hasan,exact_name,2013-2013,bpl,,2008-2017
9195,Murad Khan,Murad Khan,exact_name,2013-2013,bpl,,2013-2013
6349,David Miller,DA Miller,team_context,2013-2023,bpl cpl csa_t20c gt20_canada t10_abu_dhabi,David Andrew Miller,2010-2026
7923,Krishmar Santokie,K Santokie,exact_name,2013-2022,bpl cpl legends_road_safety,Krishmar Santokie,2011-2020
305,Jehan Mubarak,J Mubarak,exact_name,2012-2013,bpl slpl,Jehan Mubarak,2007-2013
9196,Jashimuddin,Jashimuddin,exact_name,2013-2013,bpl,,2016-2016
3001,Hamid Hassan,Hamid Hassan,exact_name,2013-2024,bpl legends_llc t10_abu_dhabi,,2013-2013
9197,Saju Datta,Saju Datta,exact_name,2013-2013,bpl,,2013-2013
9050,Imtiaz Hossain,Imtiaz Hossain,exact_name,2013-2013,bpl,,2013-2013
1063,Sajedul Islam,Sajedul Islam,exact_name,2013-2013,bpl,Sajedul Islam,2013-2015
415,Dilhara Lokuhettige,Dilhara Lokuhettige,new,2012-2013,bpl slpl,,
7883,Shehan Jayasuriya,Shehan Jayasuriya,new,2012-2024,bpl slpl super_provincial_t20_tournament t10_abu_dhabi t10_lanka t10_zim_afro,,
36111,Aayush Pandey,Aayush Pandey,new,2024-2025,chhattisgarh_cricket_premier_league sma,,
1455526,Harsh Sahu,Harsh Sahu,new,2025-2025,chhattisgarh_cricket_premier_league,,
1455326,Shobhit Sharma,Shobhit Sharma,new,2025-2025,chhattisgarh_cricket_premier_league,,
18908,Mohit Raut,MR Raut,team_context,2022-2025,chhattisgarh_cricket_premier_league sma,,2021-2022
32728,Prateek Yadav,Prateek Yadav,new,2022-2025,chhattisgarh_cricket_premier_league sma,,
1455447,Mohammad Irfan,Mohammad Irfan (cb1455447),new,2025-2025,chhattisgarh_cricket_premier_league,,
10919,Shashank Singh,Shashank Singh,exact_name,2022-2025,chhattisgarh_cricket_premier_league sma,Shashank Singh,2016-2026
1455482,Varun Singh Bhue,Varun Singh Bhue,new,2025-2025,chhattisgarh_cricket_premier_league,,
1455557,Rudra Pratap,Rudra Pratap,new,2025-2025,chhattisgarh_cricket_premier_league,,
1455599,Ankit Kumar,Ankit Kumar,exact_name,2025-2025,chhattisgarh_cricket_premier_league,,2019-2023
1455579,Harsh Rathore,Harsh Rathore,new,2025-2025,chhattisgarh_cricket_premier_league,,
51515,Ashish Chouhan,Ashish Chouhan,new,2023-2025,chhattisgarh_cricket_premier_league sma,,
1455214,Mayank Yadav Jr,Mayank Yadav Jr,new,2025-2025,chhattisgarh_cricket_premier_league,,
13586,Sahban Khan,Sahban Khan,exact_name,2022-2025,chhattisgarh_cricket_premier_league sma,,2022-2022
1455282,Sudhanshu Verma,Sudhanshu Verma,new,2025-2025,chhattisgarh_cricket_premier_league,,
51294,Prashant Painkra,PS Painkra,team_context,2023-2025,chhattisgarh_cricket_premier_league sma,,2023-2023
1455260,Shreyam Sundram Kamal,Shreyam Sundram Kamal,new,2025-2025,chhattisgarh_cricket_premier_league,,
1455280,Daksh Kumar Parakh,Daksh Kumar Parakh,new,2025-2025,chhattisgarh_cricket_premier_league,,
10949,Amandeep Khare,Amandeep Khare,exact_name,2017-2025,chhattisgarh_cricket_premier_league sma,,2018-2023
1455141,Anuj Tiwari,Anuj Tiwari,new,2025-2025,chhattisgarh_cricket_premier_league,,
1455139,Harsh Sharma,Harsh Sharma,new,2025-2025,chhattisgarh_cricket_premier_league,,
1455152,Vaibhav Sahu,Vaibhav Sahu,new,2025-2025,chhattisgarh_cricket_premier_league,,
1455709,Aditya Shingh,Aditya Shingh,new,2025-2025,chhattisgarh_cricket_premier_league,,
11779,Rishabh Tiwari,Rishabh Tiwari,exact_name,2022-2025,chhattisgarh_cricket_premier_league sma,,2018-2021
1455632,Anurag Sahu,Anurag Sahu,new,2025-2025,chhattisgarh_cricket_premier_league,,
1455647,Kivnoor Singh Chhabra,Kivnoor Singh Chhabra,new,2025-2025,chhattisgarh_cricket_premier_league,,
1455656,Alok Sahu,Alok Sahu,new,2025-2025,chhattisgarh_cricket_premier_league,,
1455687,Rohit Netani,Rohit Netani,new,2025-2025,chhattisgarh_cricket_premier_league,,
12322,Shubham Agarwal,SS Agarwal,team_context,2022-2025,chhattisgarh_cricket_premier_league sma,Shubham Sanjay Agarwal,2017-2023
1455678,Imtiyaj Khan,Imtiyaj Khan,new,2025-2025,chhattisgarh_cricket_premier_league,,
35229,Aayush Thakur,AS Thakur,team_context,2023-2025,chhattisgarh_cricket_premier_league sma,,2023-2023
1455713,Jitesh Kumar Verma,Jitesh Kumar Verma,new,2025-2025,chhattisgarh_cricket_premier_league,,
1455667,Aditya Agarwal,Aditya Agarwal,new,2025-2025,chhattisgarh_cricket_premier_league,,
1455680,Praveen Kumar Yadav,Praveen Kumar Yadav,new,2025-2025,chhattisgarh_cricket_premier_league,,
52348,Satyam Dubey,Satyam Dubey,new,2025-2025,chhattisgarh_cricket_premier_league,,
8720,Sumit Ruikar,Sumit Ruikar,exact_name,2022-2025,chhattisgarh_cricket_premier_league sma,,2018-2023
1455621,Dev Aditya Singh,Dev Aditya Singh,new,2025-2025,chhattisgarh_cricket_premier_league sma,,
11777,Ajay Jadav Mandal,Ajay Mandal,team_context,2022-2025,chhattisgarh_cricket_premier_league sma,,2018-2023
1455612,Abhyuday Singh,Abhyuday Singh,new,2025-2025,chhattisgarh_cricket_premier_league,,
1455436,Aryan Jaiswal,Aryan Jaiswal,new,2025-2025,chhattisgarh_cricket_premier_league,,
1447237,Ashish Dahariya,Ashish Dahariya,new,2025-2025,chhattisgarh_cricket_premier_league,,
13606,Sanjeet Desai,Sanjeet Desai,exact_name,2023-2025,chhattisgarh_cricket_premier_league sma,,2021-2023
1455359,Sahil Shariff,Sahil Shariff,new,2025-2025,chhattisgarh_cricket_premier_league,,
1455610,Pawan Parnate,Pawan Parnate,new,2025-2025,chhattisgarh_cricket_premier_league,,
1455513,Aishwary Marya,Aishwary Marya,new,2025-2025,chhattisgarh_cricket_premier_league,,
13585,Hurkat,Sanidhya Hurkat,team_context,2023-2025,chhattisgarh_cricket_premier_league sma,,2021-2023
11032,Ashutosh,Ashutosh,new,2024-2025,chhattisgarh_cricket_premier_league sma,,
1455302,Pratham Jachak,Pratham Jachak,new,2025-2025,chhattisgarh_cricket_premier_league,,
18712,Anand Rao,Anand Rao,new,2025-2025,chhattisgarh_cricket_premier_league sma,,
1455346,Shashwat Sharda,Shashwat Sharda,new,2025-2025,chhattisgarh_cricket_premier_league,,
51112,Gagandeep Singh,Gagandeep Singh (cb51112),new,2023-2025,chhattisgarh_cricket_premier_league sma,,
1455799,Abhishek Sohgaura,Abhishek Sohgaura,new,2025-2025,chhattisgarh_cricket_premier_league,,
12820,Shubham Singh,Shubham Singh,exact_name,2017-2025,chhattisgarh_cricket_premier_league rajputana_premier_league,,2019-2019
1449249,Harsh Yadav,Harsh Yadav,new,2025-2025,chhattisgarh_cricket_premier_league,,
1455458,Snehil Chadda,Snehil Chadda,new,2025-2025,chhattisgarh_cricket_premier_league,,
1455372,Dhananjay Nayak,Dhananjay Nayak,new,2025-2025,chhattisgarh_cricket_premier_league,,
1455361,Amitesh Pandey,Amitesh Pandey,new,2025-2025,chhattisgarh_cricket_premier_league,,
18892,Sourabh Majumdar,Sourabh Majumdar,exact_name,2022-2025,chhattisgarh_cricket_premier_league sma,,2021-2023
1455251,Naman Dhruw,Naman Dhruw,new,2025-2025,chhattisgarh_cricket_premier_league,,
1455183,Shashank Tiwari,Shashank Tiwari,new,2025-2025,chhattisgarh_cricket_premier_league,,
1455236,Utkarsh Tiwari,Utkarsh Tiwari,new,2025-2025,chhattisgarh_cricket_premier_league,,
1455196,Abdul Anas Khan,Abdul Anas Khan,new,2025-2025,chhattisgarh_cricket_premier_league,,
1455108,Rishi Sharma,Rishi Sharma,new,2025-2025,chhattisgarh_cricket_premier_league,,
13490,Shashank Chandrakar,Shashank Chandrakar,exact_name,2022-2025,chhattisgarh_cricket_premier_league sma,,2018-2023
1449241,Sangeet Soni,Sangeet Soni,new,2025-2025,chhattisgarh_cricket_premier_league,,
1455225,Rahul Pradhan,Rahul Pradhan,new,2025-2025,chhattisgarh_cricket_premier_league,,
1455185,Karthik Naidu,Karthik Naidu,new,2025-2025,chhattisgarh_cricket_premier_league,,
1455119,Tejas Morey,Tejas Morey,new,2025-2025,chhattisgarh_cricket_premier_league,,
38125,Vashudev Bareth,Vashudev Bareth,new,2025-2025,chhattisgarh_cricket_premier_league,,
1455306,R Krish Chopra,R Krish Chopra,new,2025-2025,chhattisgarh_cricket_premier_league,,
1455383,Rohan Taank,Rohan Taank,new,2025-2025,chhattisgarh_cricket_premier_league,,
14526,Lavin Coster,Lavin Coster,exact_name,2022-2025,chhattisgarh_cricket_premier_league sma,,2019-2022
13951,Rahul Naik,Rahul Naik,new,2025-2025,chhattisgarh_cricket_premier_league,,
1455227,Amit Kumar Yadav,Amit Kumar Yadav,new,2025-2025,chhattisgarh_cricket_premier_league sma,,
1455313,Krishna Taunk,Krishna Taunk,new,2025-2025,chhattisgarh_cricket_premier_league,,
1455425,Deepak Baghel,Deepak Baghel,new,2025-2025,chhattisgarh_cricket_premier_league,,
1447193,Vijay Yadav,Vijay Yadav,new,2025-2025,chhattisgarh_cricket_premier_league uppl,,
1455130,Ambrish Kumar Singh,Ambrish Kumar Singh,new,2025-2025,chhattisgarh_cricket_premier_league,,
37166,Mayank Verma,Mayank Verma,new,2025-2025,chhattisgarh_cricket_premier_league sma,,
13574,Pawandeep Singh,Pawandeep Singh,new,2025-2025,chhattisgarh_cricket_premier_league,,
1455691,Lovyam Rajput,Lovyam Rajput,new,2025-2025,chhattisgarh_cricket_premier_league,,
1455478,Diwakar Tamrakar,Diwakar Tamrakar,new,2025-2025,chhattisgarh_cricket_premier_league,,
51480,Jivesh Butte,J Butte,team_context,2023-2025,chhattisgarh_cricket_premier_league sma,,2023-2023
1455379,Shubham Maurya,Shubham Maurya,new,2025-2025,chhattisgarh_cricket_premier_league,,
1455548,Ravi Roshan Singh,Ravi Roshan Singh,new,2025-2025,chhattisgarh_cricket_premier_league,,
1455700,Ashish Pandey,Ashish Pandey,new,2025-2025,chhattisgarh_cricket_premier_league,,
1455291,Gaurav Chaturvedi,Gaurav Chaturvedi,new,2025-2025,chhattisgarh_cricket_premier_league,,
1455172,Kritesh Sahu,Kritesh Sahu,new,2025-2025,chhattisgarh_cricket_premier_league,,
1455293,Mohammad Sohail,Mohammad Sohail,new,2025-2025,chhattisgarh_cricket_premier_league,,
1455247,Manraj Singh Dhillon,Manraj Singh Dhillon,new,2025-2025,chhattisgarh_cricket_premier_league,,
1455106,Suryakant Tiwari,Suryakant Tiwari,new,2025-2025,chhattisgarh_cricket_premier_league,,
11909,Avnish Dhaliwal,Avnish Dhaliwal,new,2025-2025,chhattisgarh_cricket_premier_league,,
1455216,Shivam Yadav,Shivam Yadav,new,2025-2025,chhattisgarh_cricket_premier_league,,
1456567,Nitant Singh,Nitant Singh,new,2025-2025,chhattisgarh_cricket_premier_league,,
1456571,Mohammad Faiz Khan,Mohammad Faiz Khan,new,2025-2025,chhattisgarh_cricket_premier_league,,
1456580,Soumya Keshri,Soumya Keshri,new,2025-2025,chhattisgarh_cricket_premier_league,,
1455405,Janendra Sidar,Janendra Sidar,new,2025-2025,chhattisgarh_cricket_premier_league,,
1455368,Anurag Mishra,Anurag Mishra,new,2025-2025,chhattisgarh_cricket_premier_league,,
11959,Andries Gous,AGS Gous,team_context,2019-2026,cpl csa_t20c global_super_league gt20_canada t10_abu_dhabi,Andries Gustav Stephanus Gous,2016-2026
1477391,Kamil Pooran,K Pooran,team_context,2026-2026,cpl,,2026-2026
23271,Ackeem Auguste,AWJ Auguste,team_context,2026-2026,cpl,Ackeem Wayne Jarrell Auguste,2022-2026
54287,Jewel Andrew,J Andrew,exact_name,2025-2026,cpl global_super_league,Jewel Andrew,2024-2026
11543,Roston Chase,RL Chase,team_context,2024-2026,cpl global_super_league gt20_canada,Roston Lamar Chase,2018-2026
1477847,Darron Nedd,D Nedd,team_context,2026-2026,cpl,,2026-2026
15809,Matthew Forde,MW Forde,team_context,2023-2026,cpl global_super_league gt20_canada t10_abu_dhabi,Matthew Walter Forde,2022-2026
15063,Joshua Bishop,J Bishop,exact_name,2024-2026,cpl t10_abu_dhabi t10_zim_afro,Joshua Bishop,2019-2026
2245,Shadley van Schalkwyk,SC van Schalkwyk,team_context,2015-2026,cpl csa_t20c,Shadley Claude van Schalkwyk,2013-2026
23306,McKenny Clarke,M Clarke,team_context,2026-2026,cpl,,2023-2026
18504,Maheesh Theekshana,M Theekshana,unique_surname,2021-2026,cpl t10_abu_dhabi t10_lanka,Morawakage Maheesh Theekshana,2020-2026
15817,Jayden Seales,JNT Seales,team_context,2026-2026,cpl,Jayden Nigel Tristen Seales,2020-2026
11220,Alzarri Joseph,AS Joseph,team_context,2016-2026,cpl,Alzarri Shaheim Joseph,2016-2026
9394,Rahkeem Cornwall,RRS Cornwall,team_context,2022-2026,cpl t10_abu_dhabi,Rahkeem Rashawn Shane Cornwall,2013-2026
11223,Shamar Springer,SK Springer,team_context,2016-2026,cpl global_super_league gt20_canada,Shamar Kamal Springer,2017-2026
8579,Evin Lewis,E Lewis,exact_name,2016-2026,cpl global_super_league gt20_canada t10_abu_dhabi t10_zim_afro,Evin Lewis,2014-2026
22081,Tim Robinson,TB Robinson,team_context,2026-2026,cpl global_super_league,Timothy Blake Robinson,2021-2026
12332,Tajinder Dhillon,T R Dhillon,unique_surname,2024-2026,cpl gt20_canada legends_llc,,2021-2021
14811,Karima Gore,K Gore,exact_name,2024-2026,cpl global_super_league,Karima Gore,2019-2026
9396,Jahmar Hamilton,JN Hamilton,team_context,2024-2026,cpl global_super_league,Jahmar Neville Hamilton,2013-2026
10934,Charith Asalanka,KIC Asalanka,unique_surname,2018-2026,cpl super_provincial_t20_tournament t10_abu_dhabi t10_lanka t10_zim_afro,Kariyawasam Indipalage Charith Asalanka,2020-2026
9748,Saurabh Netravalkar,SN Netravalkar,team_context,2026-2026,cpl,Saurabh Naresh Netravalkar,2019-2026
8313,Jason Holder,JO Holder,team_context,2023-2026,cpl t10_abu_dhabi,Jason Omar Holder,2013-2026
10926,Wanindu Hasaranga,Wanindu Hasaranga,new,2019-2026,cpl t10_abu_dhabi,,
11221,Obed McCoy,OC McCoy,team_context,2018-2026,cpl gt20_canada t10_abu_dhabi,Obed  Christopher McCoy,2017-2026
8440,Kyle Mayers,KR Mayers,team_context,2016-2026,cpl global_super_league gt20_canada t10_abu_dhabi t10_lanka,Kyle Rico Mayers,2013-2026
24006,Kevin Wickham,KO Wickham,team_context,2024-2026,cpl t10_lanka,,2023-2026
8422,Shanaka,MD Shanaka,team_context,2018-2026,cpl super_provincial_t20_tournament t10_abu_dhabi t10_lanka t10_zim_afro,Madagamagamage Dasun Shanaka,2015-2026
1446985,Navin Bidaisee,N Bidaisee,exact_name,2026-2026,cpl,Navin Bidaisee,2025-2026
12674,Amir Jangoo,AA Jangoo,team_context,2026-2026,cpl,Amir Anthony Jangoo,2020-2026
15810,Joshua James,JM James,team_context,2026-2026,cpl,,2021-2026
1430289,Khari Campbell,K Campbell,team_context,2026-2026,cpl,,2024-2026
9791,Brandon King,BA King,team_context,2018-2026,cpl gt20_canada t10_abu_dhabi,Brandon Alexander King,2017-2026
1467475,Zachary Carter,ZN Carter,team_context,2026-2026,cpl global_super_league,,2026-2026
8520,Quinton de Kock,Q de Kock,exact_name,2015-2026,cpl csa_t20c t10_abu_dhabi,Quinton de Kock,2012-2026
23301,Rivaldo Clarke,RA Clarke,team_context,2026-2026,cpl,,2023-2026
15807,Kevlon Anderson,KA Anderson,team_context,2024-2026,cpl global_super_league,Kevlon Alston Anderson,2023-2026
9793,Gudakesh Motie,G Motie,exact_name,2024-2026,cpl global_super_league,Gudakesh Motie,2021-2026
15818,Ramon Simmonds,RR Simmonds,team_context,2026-2026,cpl global_super_league,Ramon Romario Simmonds,2022-2026
1428447,Johann Jeremiah,JF Jeremiah,team_context,2026-2026,cpl,,2024-2026
1477401,Amari Goodridge,A Goodridge,team_context,2026-2026,cpl,,2026-2026
12678,Khary Pierre,K Pierre,exact_name,2018-2026,cpl global_super_league gt20_canada t10_abu_dhabi,Khary Pierre,2017-2026
8651,Dwaine Pretorius,D Pretorius,team_context,2015-2026,cpl csa_t20c global_super_league gt20_canada t10_abu_dhabi t10_lanka t20_blast,,2012-2026
13646,Romario Shepherd,R Shepherd,exact_name,2021-2026,cpl global_super_league gt20_canada t10_abu_dhabi,Romario Shepherd,2018-2026
6667,Imran Tahir,Imran Tahir,exact_name,2016-2026,cpl csa_t20c global_super_league legends_llc legends_wcl t10_abu_dhabi,Mohammad Imran Tahir,2012-2026
50458,Shamar Joseph,S Joseph,exact_name,2026-2026,cpl,Shamar Joseph,2023-2026
10693,Glenn Phillips,GD Phillips,register,2016-2026,cpl super_smash,Glenn Dominic Phillips,2017-2026
54290,Mavendra Dindyal,M Dindyal,team_context,2026-2026,cpl,,2026-2026
9789,Shimron Hetmyer,SO Hetmyer,team_context,2016-2026,cpl global_super_league t10_abu_dhabi,Shimron Odilon Hetmyer,2016-2026
1456809,Quentin Sampson,Q Sampson,exact_name,2025-2026,cpl global_super_league t10_abu_dhabi,Quentin Sampson,2025-2026
15814,Kirk McKenzie,KSA McKenzie,team_context,2024-2026,cpl t10_zim_afro,Kirk Sanjay Alexander McKenzie,2021-2026
11217,Keacy Carty,KU Carty,team_context,2026-2026,cpl,Keacy Uydess Carty,2022-2026
14241,Saim Ayub,Saim Ayub,exact_name,2026-2026,cpl,Saim Ayub,2021-2026
19013,Usman Khan,Usman Khan,exact_name,2022-2026,cpl global_super_league gt20_canada t10_abu_dhabi,,2021-2026
11445,Rovman Powell,R Powell,exact_name,2016-2026,cpl global_super_league t10_abu_dhabi,Rovman Powell,2016-2026
11214,Keemo Paul,KMA Paul,team_context,2022-2026,cpl global_super_league t10_abu_dhabi,Keemo Mandela Angus Paul,2017-2026
11215,Odean Smith,OF Smith,team_context,2021-2026,cpl global_super_league t10_abu_dhabi,Odean Fabian Smith,2017-2026
1467499,Vitel Lawes,VO Lawes,team_context,2026-2026,cpl global_super_league,,2026-2026
55092,Hunain Shah,Hunain Shah,exact_name,2026-2026,cpl,Hunain Shah,2024-2026
8431,John Campbell,JD Campbell,team_context,2026-2026,cpl,John Dillon Campbell,2019-2026
9706,Obus Pienaar,Obus Pienaar,new,2022-2026,cpl legends_llc legends_world_legends_pro_t20_league t10_abu_dhabi,,
1456820,Keon Gaston,K Gaston,team_context,2026-2026,cpl,,2025-2026
13750,Dominic Drakes,DC Drakes,team_context,2021-2026,cpl global_super_league t10_abu_dhabi,Dominic Conneil Drakes,2018-2026
55799,Usman Tariq,Usman Tariq,exact_name,2024-2026,cpl t10_abu_dhabi,,2024-2026
1477381,Abdul Raheem Toppin,Abdul Raheem Toppin,new,2026-2026,cpl,,
13089,Breetzke,MP Breetzke,team_context,2019-2026,cpl csa_provincial_t20 csa_t20c t10_zim_afro,Matthew Paul Breetzke,2019-2026
9406,Nicholas Pooran,N Pooran,exact_name,2016-2026,cpl gt20_canada hk_t20_blitz t10_abu_dhabi,Nicholas Pooran,2013-2026
46681,Matthew Tromp,MW Tromp,team_context,2026-2026,cpl,,2025-2026
11211,Jyd Goolie,JU Goolie,team_context,2026-2026,cpl,Jyd Uri Goolie,2023-2026
13352,Alick Athanaze,A Athanaze,exact_name,2018-2026,cpl gt20_canada,Alick Athanaze,2023-2026
14247,Naseem Shah,Naseem Shah,exact_name,2026-2026,cpl,Naseem Shah,2020-2026
11447,Jeremiah Louis,JS Louis,team_context,2018-2026,cpl gt20_canada,Jeremiah Stevenson Louis,2016-2026
13400,Ashmead Nedd,AR Nedd,team_context,2025-2026,cpl t10_abu_dhabi,Ashmead Romano Nedd,2020-2026
1467524,Jakeem Pollard,JJ Pollard,team_context,2026-2026,cpl,,2026-2026
46965,Sadrack Descarte,S Descarte,team_context,2026-2026,cpl,,2023-2026
1430553,Kemol Savory,K Savory,team_context,2026-2026,cpl,,2026-2026
15038,Mohammad Haris,Mohammad Haris,exact_name,2023-2026,cpl global_super_league gt20_canada,Mohammad Haris,2022-2026
41169,Sufyan Moqim,Sufyan Moqim,new,2026-2026,cpl global_super_league,,
41113,Hasan Nawaz,Hasan Nawaz,new,2026-2026,cpl,,
22816,Maaz Sadaqat,Maaz Sadaqat,exact_name,2026-2026,cpl,Maaz Sadaqat,2025-2026
1477840,Romaine Morris,Romaine Morris,new,2026-2026,cpl,,
599,Lendl Simmons,LMP Simmons,team_context,2016-2025,cpl gt20_canada legends_international_masters_league_t20 legends_llc legends_wcl t10_abu_dhabi,Lendl Mark Platter Simmons,2007-2022
7825,Faf du Plessis,F du Plessis,team_context,2016-2025,cpl gt20_canada t10_abu_dhabi,Francois du Plessis,2012-2026
1990,Devon Thomas,DC Thomas,team_context,2016-2021,cpl t10_abu_dhabi,Devon Cuthbert Thomas,2013-2022
8314,Jonathan Carter,JL Carter,team_context,2016-2025,cpl legends_international_masters_league_t20 legends_legends_cricket_trophy legends_wcl,Jonathan Lyndon Carter,2013-2021
10173,Tabraiz Shamsi,T Shamsi,exact_name,2015-2026,cpl csa_t20c global_super_league t10_abu_dhabi,Tabraiz Shamsi,2014-2026
608,Morne Morkel,M Morkel,team_context,2016-2022,cpl legends_llc t10_abu_dhabi,,2007-2021
6474,Nitish Kumar,NR Kumar,team_context,2016-2024,cpl gt20_canada,,2012-2025
253,Daren Sammy,DJG Sammy,team_context,2016-2024,cpl gt20_canada hk_t20_blitz legends_llc legends_wcl t10_abu_dhabi,Daren Julius Garvey Sammy,2007-2020
8432,Derone Davis,Derone Davis,new,2016-2016,cpl,,
11524,Kristopher Ramsaran,K Ramsaran,exact_name,2016-2016,cpl,Kristopher Ramsaran,2016-2016
7668,JJ Smuts,JT Smuts,team_context,2015-2025,cpl csa_provincial_t20 csa_t20c legends_wcl,,2012-2026
4265,Ravi Rampaul,R Rampaul,unique_surname,2016-2025,cpl legends_international_masters_league_t20 t10_abu_dhabi t20_blast,Ravindranath Rampaul,2007-2023
7922,Ashley Nurse,AR Nurse,team_context,2016-2025,cpl gt20_canada legends_international_masters_league_t20 legends_legends_cricket_trophy legends_llc legends_wcl,Ashley Renaldo Nurse,2011-2021
10282,Imran Khan,I Khan,exact_name+team,2016-2024,cpl legends_llc,Imran Khan,2012-2021
8589,David Wiese,D Wiese,team_context,2015-2025,cpl csa_t20c global_super_league gt20_canada hk_t20_blitz t10_abu_dhabi t10_lanka uae_summer_t20_bash,,2012-2026
8670,Steven Taylor,SR Taylor,team_context,2016-2024,cpl global_super_league,Steven Ryan Taylor,2015-2025
370,AB de Villiers,AB de Villiers,exact_name,2016-2025,cpl csa_t20c legends_wcl,Abraham Benjamin de Villiers,2006-2021
1988,Chadwick Walton,CAK Walton,team_context,2016-2026,cpl gt20_canada legends_international_masters_league_t20 legends_legends_cricket_trophy legends_llc legends_wcl legends_world_legends_pro_t20_league t10_abu_dhabi,Chadwick Antonio Kirkpatrick Walton,2013-2024
8069,Nkrumah Bonner,NE Bonner,team_context,2016-2016,cpl,Nkrumah Eljego Bonner,2011-2020
11441,Andre McCarthy,AM McCarthy,team_context,2016-2023,cpl legends_llc,Andre McIntosh McCarthy,2016-2024
10408,Imad Wasim,Imad Wasim,exact_name,2016-2025,cpl legends_wcl t10_abu_dhabi t10_lanka t20_blast,Syed Imad Wasim,2015-2026
508,Dale Steyn,DW Steyn,team_context,2016-2026,cpl csa_t20c legends_wcl legends_world_legends_pro_t20_league,Dale Willem Steyn,2007-2021
8102,Garey Mathurin,GE Mathurin,team_context,2016-2016,cpl,Garey Earl Mathurin,2011-2017
11443,Kesrick Williams,KOK Williams,team_context,2016-2022,cpl gt20_canada t10_abu_dhabi,Kesrick Omari Kenal Williams,2016-2022
7639,Steven Jacobs,SA Jacobs,team_context,2016-2018,cpl gt20_canada,Steven Anthony Jacobs,2013-2019
8312,Veerasammy Permaul,V Permaul,exact_name,2016-2016,cpl,Veerasammy Permaul,2013-2026
610,Rayad Emrit,RR Emrit,team_context,2016-2026,cpl gt20_canada hk_t20_blitz legends_llc legends_wcl legends_world_legends_pro_t20_league t10_abu_dhabi,Rayad Ryan Emrit,2013-2020
1457,Martin Guptill,MJ Guptill,team_context,2015-2026,cpl legends_llc legends_world_legends_pro_t20_league super_smash t20_blast,Martin James Guptill,2009-2026
8093,Jason Mohammed,JN Mohammed,team_context,2016-2024,cpl legends_wcl,Jason Nazimuddin Mohammed,2014-2021
11451,Anthony Bramble,A Bramble,team_context,2016-2018,cpl gt20_canada,,2016-2021
7632,Christopher Barnwell,CD Barnwell,team_context,2016-2023,cpl legends_llc,Christopher Dion Barnwell,2011-2019
11446,Shamarh Brooks,SSJ Brooks,team_context,2016-2016,cpl,Shamarh Shaqad Joshua Brooks,2016-2025
1064,Elliott,GD Elliott,team_context,2016-2017,cpl super_smash,Grant David Elliott,2009-2018
6482,Shane Shillingford,S Shillingford,exact_name,2016-2016,cpl,Shane Shillingford,2013-2017
11449,Kyle Hope,KA Hope,team_context,2016-2016,cpl,Kyle Antonio Hope,2016-2016
1615,Navin Stewart,ND Stewart,team_context,2016-2024,cpl legends_legends_cricket_trophy legends_llc legends_road_safety legends_wcl,Navin Derrick Stewart,2014-2016
318,Robin Peterson,RJ Peterson,team_context,2015-2016,cpl csa_t20c,Robin John Peterson,2006-2016
9398,Raymon Reifer,RA Reifer,team_context,2016-2024,cpl gt20_canada,Raymon Anton Reifer,2013-2024
379,Jerome Taylor,JE Taylor,team_context,2012-2025,cpl legends_international_masters_league_t20 legends_legends_cricket_trophy legends_llc legends_road_safety legends_wcl slpl,Jerome Everton Taylor,2006-2019
10061,Keddy Lesporis,K Lesporis,exact_name,2016-2016,cpl,Keddy Lesporis,2014-2016
8316,Delorn Johnson,DE Johnson,team_context,2016-2016,cpl,Delorn Edison Johnson,2013-2016
9395,Sheldon Cottrell,SS Cottrell,team_context,2016-2025,cpl gt20_canada legends_llc legends_wcl t10_abu_dhabi t10_zim_afro,Sheldon Shane Cottrell,2013-2024
8119,Marchant de Lange,M de Lange,exact_name,2016-2021,cpl t10_abu_dhabi t20_blast,Marchant de Lange,2012-2026
9535,Orlando Peters,O Peters,exact_name,2016-2016,cpl,Orlando Peters,2013-2016
8430,Ronsford Beaton,RR Beaton,team_context,2016-2024,cpl t10_lanka,Ronsford Rodwick Beaton,2014-2025
1404,Nikita Miller,NO Miller,team_context,2016-2025,cpl legends_wcl,Nikita O'Brien Miller,2009-2018
1395,William Perkins,WKD Perkins,team_context,2016-2025,cpl legends_international_masters_league_t20 legends_road_safety legends_wcl,William Keith Donald Perkins,2008-2017
399,Ramdin,D Ramdin,team_context,2016-2025,cpl gt20_canada legends_international_masters_league_t20 legends_legends_cricket_trophy legends_llc t10_abu_dhabi,Denesh Ramdin,2006-2021
1992,Umar Akmal,Umar Akmal,exact_name,2012-2024,cpl gt20_canada slpl t10_abu_dhabi t10_lanka,Umar Akmal,2009-2023
11222,Gidron Pope,GD Pope,team_context,2016-2016,cpl,Gidron Dameon Pope,2016-2016
11444,Jon-Russ Jaggesar,JL Jaggesar,team_context,2016-2024,cpl legends_legends_cricket_trophy,Jon-Russ Luke Jaggesar,2016-2025
11440,Timroy Allen,TP Allen,team_context,2016-2016,cpl,,2016-2019
314,Hashim Amla,HM Amla,team_context,2016-2026,cpl csa_t20c legends_international_masters_league_t20 legends_llc legends_wcl t10_abu_dhabi t10_qatar,Hashim Mahomed Amla,2009-2021
1610,Darren Bravo,DM Bravo,team_context,2016-2023,cpl gt20_canada,Darren Michael Bravo,2010-2025
9384,Yannic Cariah,Y Cariah,exact_name,2016-2016,cpl,Yannic Cariah,2013-2024
10973,Zubayr Hamza,Zubayr Hamza,exact_name,2021-2026,csa_provincial_t20 csa_t20c,,2021-2024
11196,Tony de Zorzi,T de Zorzi,exact_name,2019-2024,csa_provincial_t20 csa_t20c,Tony de Zorzi,2017-2026
11209,Kyle Verreynne,K Verreynne,exact_name,2017-2025,csa_provincial_t20 csa_t20c,Kyle Verreynne,2017-2026
14582,Jonathan Bird,JA Bird,team_context,2021-2026,csa_provincial_t20 csa_t20c,,2022-2024
12223,Kyle Simmonds,KI Simmonds,team_context,2021-2025,csa_provincial_t20 csa_t20c,,2022-2025
20272,Jordan Woolf,Jordan Woolf,new,2021-2021,csa_provincial_t20,,
9766,Aviwe Mgijima,A Mgijima,exact_name,2016-2025,csa_provincial_t20 csa_t20c,Aviwe Mgijima,2014-2024
17026,Mihlali Mpongwana,M Mpongwana,team_context,2021-2026,csa_provincial_t20 csa_t20c,,2022-2024
9490,Beuran Hendricks,BE Hendricks,team_context,2017-2026,csa_provincial_t20 csa_t20c,Beuran Eric Hendricks,2012-2024
13630,Nandre Burger,N Burger,exact_name,2021-2024,csa_provincial_t20 csa_t20c t10_zim_afro,Nandre Burger,2018-2026
10172,Sisanda Magala,SSB Magala,team_context,2015-2021,csa_provincial_t20 csa_t20c,Sisanda Somila Bruce Magala,2014-2023
19238,Ruan Haasbroek,R Haasbroek,team_context,2021-2026,csa_provincial_t20 csa_t20c,,2022-2022
10798,Tshepo Ntuli,T Ntuli,team_context,2015-2026,csa_provincial_t20 csa_t20c,,2015-2022
11208,Lutho Sipamla,L Sipamla,unique_surname,2019-2026,csa_provincial_t20 csa_t20c, Lubabalo Lutho Sipamla,2018-2026
9708,Malusi Siboto,MP Siboto,team_context,2015-2026,csa_provincial_t20 csa_t20c,Malusi Paul Siboto,2012-2024
20257,Dadswell,S Dadswell,team_context,2021-2024,csa_provincial_t20,Shane Dadswell,2022-2026
14430,Joshua Richards,J Richards,team_context,2021-2021,csa_provincial_t20,,2022-2024
13070,Ryan Rickelton,RD Rickelton,team_context,2019-2024,csa_provincial_t20 csa_t20c,Ryan David Rickelton,2017-2026
11435,Kagiso Rapulana,K Rapulana,team_context,2021-2025,csa_provincial_t20 csa_t20c,,2022-2022
9730,Dominic Hendricks,DA Hendricks,team_context,2015-2021,csa_provincial_t20 csa_t20c,,2012-2022
19057,Mitchell Van Buuren,M Van Buuren,team_context,2021-2026,csa_provincial_t20 csa_t20c,,2022-2025
9575,Yaseen Valli,Yaseen Valli,new,2021-2024,csa_provincial_t20 csa_t20c,,
20283,Blayde Capell,B Capell,team_context,2021-2025,csa_provincial_t20 csa_t20c,,2024-2024
13318,Jean du Plessis,J du Plessis,team_context,2021-2026,csa_provincial_t20 csa_t20c,,2024-2024
20293,Heath Richards,Heath Richards,new,2021-2024,csa_provincial_t20,,
10764,Andre Malan,AJ Malan,team_context,2015-2022,csa_provincial_t20 csa_t20c,,2015-2015
14429,Onke Nyaku,O Nyaku,exact_name,2019-2026,csa_provincial_t20 csa_t20c,Onke Nyaku,2019-2024
20287,Renaldo Meyer,R Meyer,team_context,2021-2025,csa_provincial_t20 csa_t20c,,2022-2024
20278,Travis Ackerman,Travis Ackerman,new,2021-2021,csa_provincial_t20,,
20282,Hershell America,Hershell America,new,2021-2022,csa_provincial_t20,,
15922,Pheko Moletsane,Pheko Moletsane,new,2021-2024,csa_provincial_t20,,
20288,Sintu Majiza,Sintu Majiza,new,2021-2024,csa_provincial_t20,,
16433,Beyers Swanepoel,B Swanepoel,team_context,2021-2026,csa_provincial_t20 csa_t20c,,2022-2026
20317,Johan van Dyk,J van Dyk,unique_surname,2021-2026,csa_provincial_t20 csa_t20c,,2024-2024
18582,Andrew Rasemene,Andrew Rasemene,new,2021-2024,csa_provincial_t20,,
10797,Swanepoel,AR Swanepoel,team_context,2019-2024,csa_provincial_t20 csa_t20c,,2012-2024
20328,Xaba,Xaba,new,2021-2024,csa_provincial_t20,,
20308,Evan Jones,E Jones,team_context,2021-2025,csa_provincial_t20 csa_t20c,,2022-2026
20303,Ernest Kemm,Ernest Kemm,new,2021-2026,csa_provincial_t20 csa_t20c,,
7651,Jonathan Vandiar,JD Vandiar,unique_surname,2021-2024,csa_provincial_t20,,2012-2021
11206,Rivaldo Moonsamy,R Moonsamy,team_context,2021-2025,csa_provincial_t20 csa_t20c,,2017-2026
9733,Qaasim Adams,Qaasim Adams,new,2021-2021,csa_provincial_t20,,
13091,Isaac Dikgale,I Dikgale,team_context,2021-2024,csa_provincial_t20,,2022-2022
10679,Tshepo Moreki,TL Moreki,team_context,2016-2026,csa_provincial_t20 csa_t20c,Tshepo Lebohang Moreki,2016-2024
11203,Sean Whitehead,Sean Whitehead,new,2021-2025,csa_provincial_t20 csa_t20c,,
16839,Hanno Kotze,Hanno Kotze,new,2021-2022,csa_provincial_t20,,
20297,Briesies,Briesies,new,2021-2026,csa_provincial_t20 csa_t20c,,
10763,Ayavuya Myoli,A Myoli,team_context,2015-2021,csa_provincial_t20 csa_t20c,,2015-2022
20327,Hanu Viljoen,H Viljoen,team_context,2021-2026,csa_provincial_t20 csa_t20c,,2024-2024
20312,Motlhoaring,Motlhoaring,new,2021-2021,csa_provincial_t20,,
20273,Kamanzi,Kamanzi,new,2021-2021,csa_provincial_t20,,
20267,Daniel Smith,D Smith,team_context,2021-2026,csa_provincial_t20 csa_t20c,,2022-2025
14308,Neil Brand,N Brand,team_context,2021-2026,csa_provincial_t20 csa_t20c,,2022-2024
2239,Elgar,D Elgar,team_context,2021-2021,csa_provincial_t20,Dean Elgar,2012-2025
9731,Mokoena,TG Mokoena,team_context,2019-2021,csa_provincial_t20 csa_t20c,,2015-2022
14798,Donavon Ferreira,Donavon Ferreira,new,2021-2026,csa_provincial_t20 csa_t20c t10_abu_dhabi t10_zim_afro,,
9801,Sibonelo Makhanya,BS Makhanya,unique_surname,2019-2026,csa_provincial_t20 csa_t20c,Bongumusa Sibonelo Makhanya,2014-2025
8517,Gihahn Cloete,GL Cloete,team_context,2015-2026,csa_provincial_t20 csa_t20c,Gihahn Love Cloete,2013-2024
9489,Ayabulela Gqamane,A Gqamane,exact_name,2015-2026,csa_provincial_t20 csa_t20c,Ayabulela Gqamane,2013-2024
9581,Dayyaan Galiem,Dayyaan Galiem,exact_name,2021-2026,csa_provincial_t20 csa_t20c,Abdu Dayyaan Galiem,2021-2025
9576,Corbin Bosch,C Bosch,exact_name,2021-2024,csa_provincial_t20 csa_t20c gt20_canada,Corbin Bosch,2014-2026
7649,Aaron Phangiso,AM Phangiso,team_context,2015-2025,csa_provincial_t20 csa_t20c legends_wcl,Aaron Mpho Phangiso,2012-2024
12191,Okuhle Cele,O Cele,exact_name,2021-2026,csa_provincial_t20 csa_t20c,Okuhle Cele,2018-2024
14552,Jacques Snyman,GJ Snyman,unique_surname,2021-2026,csa_provincial_t20 csa_t20c legends_wcl,Gerrit Jacques Snyman,2019-2026
13069,Migael Pretorius,M Pretorius,exact_name,2019-2024,csa_provincial_t20 csa_t20c t10_abu_dhabi,Migael Pretorius,2019-2025
10993,Budaza,M Budaza,team_context,2021-2024,csa_provincial_t20 csa_t20c,,2016-2024
20372,Heerden,N van Heerden,team_context,2021-2024,csa_provincial_t20 csa_t20c,,2022-2024
13320,Gerald Coetzee,G Coetzee,exact_name,2019-2021,csa_provincial_t20 csa_t20c,Gerald Coetzee,2019-2026
12237,Mahlokwana,G Mahlokwana,team_context,2019-2024,csa_provincial_t20 csa_t20c,Gregory Mahlokwana,2019-2022
11270,Matthew Kleinveldt,MC Kleinveldt,team_context,2021-2021,csa_provincial_t20,,2021-2021
2244,Rilee Rossouw,RR Rossouw,team_context,2012-2026,csa_provincial_t20 global_super_league slpl t10_abu_dhabi,Rilee Roscoe Rossouw,2012-2026
9710,Pite van Biljon,Pite van Biljon,new,2019-2021,csa_provincial_t20 csa_t20c,,
8283,Farhaan Behardien,F Behardien,exact_name,2015-2025,csa_provincial_t20 csa_t20c gt20_canada legends_international_masters_league_t20,Farhaan Behardien,2012-2022
11205,Wandile Makwetu,W Makwetu,team_context,2021-2026,csa_provincial_t20 csa_t20c,,2021-2024
20398,Alexander Kok,Alexander Kok,new,2021-2022,csa_provincial_t20,,
14797,Rubin Hermann,Rubin Hermann,new,2019-2026,csa_provincial_t20 csa_t20c,,
20402,Tumi Koto,Tumi Koto,new,2021-2022,csa_provincial_t20,,
20413,Schraader,Schraader,new,2021-2022,csa_provincial_t20,,
20412,Liam Peters,Liam Peters,new,2021-2024,csa_provincial_t20,,
20387,Alder,Alder,new,2021-2021,csa_provincial_t20,,
20417,Bamanye Xenxe,B Xenxe,team_context,2021-2025,csa_provincial_t20 csa_t20c,,2022-2024
20392,Jon Hinrichsen,Jon Hinrichsen,new,2021-2026,csa_provincial_t20 csa_t20c,,
14684,Luvuyo Nkese,Luvuyo Nkese,new,2021-2021,csa_provincial_t20,,
13394,Kgaudisa Molefe,K Molefe,unique_surname,2021-2026,csa_provincial_t20 csa_t20c,,2022-2022
20407,Akhulile Mkhatu,Akhulile Mkhatu,new,2021-2021,csa_provincial_t20,,
12592,Keith Dudgeon,KJ Dudgeon,team_context,2021-2025,csa_provincial_t20 csa_t20c,,2024-2026
20362,Gareth Dukes,Gareth Dukes,new,2021-2024,csa_provincial_t20,,
20358,Mfoza,Mfoza,new,2021-2022,csa_provincial_t20,,
13553,Zakariya Paruk,Zakariya Paruk,new,2021-2021,csa_provincial_t20,,
9779,Nipper,K Nipper,team_context,2016-2024,csa_provincial_t20 csa_t20c,,2014-2016
20352,Ngcobo,Ngcobo,new,2021-2024,csa_provincial_t20,,
9703,Michael Erlank,MN Erlank,team_context,2021-2025,csa_provincial_t20 csa_t20c,,2013-2024
16056,Luke Schlemmer,Luke Schlemmer,new,2021-2021,csa_provincial_t20,,
13323,Andile Mokgakane,A Mokgakane,team_context,2021-2026,csa_provincial_t20 csa_t20c,,2024-2024
10687,Tshepang Dithole,TA Dithole,team_context,2021-2025,csa_provincial_t20 csa_t20c,,2022-2024
8587,Mosehle,M Mosehle,team_context,2015-2022,csa_provincial_t20 csa_t20c,Mangaliso Mosehle,2012-2022
13101,Jiveshan Pillay,J Pillay,team_context,2021-2025,csa_provincial_t20 csa_t20c,,2022-2024
11009,Yassar Cook,Yassar Cook,new,2021-2024,csa_provincial_t20,,
20382,Jandre Pretorius,Jandre Pretorius,new,2021-2021,csa_provincial_t20,,
20348,Mannikam,Mannikam,new,2021-2024,csa_provincial_t20 csa_t20c,,
13067,Janneman Malan,JN Malan,team_context,2019-2025,csa_provincial_t20 csa_t20c,Janneman Nieuwoudt Malan,2018-2024
11891,Pieter Malan,PJ Malan,team_context,2021-2024,csa_provincial_t20 csa_t20c,,2012-2024
9580,Fortuin,C Fortuin,team_context,2015-2025,csa_provincial_t20 csa_t20c,,2015-2024
20443,Sinalo Gobeni,Sinalo Gobeni,new,2021-2021,csa_provincial_t20,,
9764,Christiaan Jonker,C Jonker,exact_name,2015-2024,csa_provincial_t20 csa_t20c,Christiaan Jonker,2013-2024
10194,Ferisco Adams,FD Adams,team_context,2017-2026,csa_provincial_t20 csa_t20c,Ferisco Devon Adams,2012-2024
9736,Shaun von Berg,S von Berg,exact_name,2019-2024,csa_provincial_t20 csa_t20c,Shaun von Berg,2014-2024
19058,Siyabonga Mahima,Siyabonga Mahima,exact_name,2021-2026,csa_provincial_t20 csa_t20c,,2021-2024
14687,Imran Manack,I Manack,exact_name,2021-2026,csa_provincial_t20 csa_t20c,Imran Manack,2019-2024
11204,Ziyaad Abrahams,Ziyaad Abrahams,new,2021-2025,csa_provincial_t20 csa_t20c,,
20442,Khanya Dilima,Khanya Dilima,new,2021-2021,csa_provincial_t20,,
14516,Glenton Stuurman,GA Stuurman,team_context,2021-2026,csa_provincial_t20 csa_t20c,Glenton Anric Stuurman,2021-2024
15127,Tiaan van Vuuren,T van Vuuren,team_context,2021-2026,csa_provincial_t20 csa_t20c,,2022-2025
13151,Mthiwekhaya Nabe,M Nabe,team_context,2017-2026,csa_provincial_t20 csa_t20c,,2017-2024
20448,Kyle Jacobs,K Jacobs,team_context,2021-2026,csa_provincial_t20 csa_t20c,,2022-2022
8528,Diego Rosier,DS Rosier,team_context,2015-2026,csa_provincial_t20 csa_t20c,,2014-2022
19243,Tristan Stubbs,T Stubbs,exact_name,2021-2025,csa_provincial_t20 csa_t20c,Tristan Stubbs,2021-2026
11497,Wihan Lubbe,WJ Lubbe,team_context,2019-2026,csa_provincial_t20 csa_t20c,Wihan Johannes Lubbe,2018-2026
9735,Lesiba Ngoepe,LC Ngoepe,team_context,2015-2026,csa_provincial_t20 csa_t20c,,2015-2024
13667,Sinethemba Qeshile,S Qeshile,exact_name,2019-2026,csa_provincial_t20 csa_t20c,Sinethemba Qeshile,2019-2024
20458,Ludwig Kaestner,Ludwig Kaestner,new,2021-2024,csa_provincial_t20,,
9822,Nofal,MJ Nofal,team_context,2021-2025,csa_provincial_t20 csa_t20c,,2018-2024
20453,Thomas Hobson,Thomas Hobson,new,2021-2022,csa_provincial_t20,,
20462,Nyiko Shikwambana,Nyiko Shikwambana,new,2021-2021,csa_provincial_t20,,
20503,Morne Venter,Morne Venter,new,2021-2024,csa_provincial_t20,,
20472,Juandre Scheepers,Juandre Scheepers,new,2021-2021,csa_provincial_t20,,
20477,Ntokozo Mahlaba,Ntokozo Mahlaba,new,2021-2022,csa_provincial_t20,,
20497,Don Radebe,Don Radebe,new,2021-2026,csa_provincial_t20 csa_t20c,,
13523,Sithembile Langa,S Langa,team_context,2021-2026,csa_provincial_t20 csa_t20c,,2019-2024
20487,Thami Rapelego,Thami Rapelego,new,2021-2021,csa_provincial_t20,,
20482,Sahil Patel,Sahil Patel,new,2021-2021,csa_provincial_t20,,
20423,P Fojela,P Fojela,new,2021-2024,csa_provincial_t20,,
13319,Jason Niemand,Jason Niemand,new,2021-2026,csa_provincial_t20 csa_t20c,,
20432,Gideon Peters,GG Peters,team_context,2021-2026,csa_provincial_t20 csa_t20c global_super_league,,2024-2026
10181,Mnyaka,T Mnyaka,team_context,2019-2021,csa_provincial_t20 csa_t20c,,2019-2019
20428,Nqaba Peter,N Peter,unique_surname,2021-2026,csa_provincial_t20 csa_t20c,Nqabayomzi Peter,2024-2025
13068,Thomas Kaber,TP Kaber,team_context,2019-2026,csa_provincial_t20 csa_t20c,,2019-2025
13386,Clayton Bosch,Clayton Bosch,new,2021-2024,csa_provincial_t20,,
13515,Marco Marais,M Marais,team_context,2019-2024,csa_provincial_t20 csa_t20c,,2016-2021
13514,Mncedisi Malika,Mncedisi Malika,new,2021-2026,csa_provincial_t20 csa_t20c,,
20437,Joshua van Heerden,Joshua van Heerden,new,2021-2026,csa_provincial_t20 csa_t20c,,
10736,Jerry Nqolo,Jerry Nqolo,new,2015-2024,csa_provincial_t20 csa_t20c,,
20492,Khaif Patel,Khaif Patel,new,2021-2021,csa_provincial_t20,,
20418,Jerome Bossr,Jerome Bossr,new,2021-2026,csa_provincial_t20 csa_t20c,,
14588,Ruan Terblanche,Ruan Terblanche,new,2021-2021,csa_provincial_t20,,
19248,Hlomla Hanabe,H Hanabe,unique_surname,2021-2021,csa_provincial_t20,,2022-2022
10080,Zakhele Qwabe,ZC Qwabe,unique_surname,2021-2024,csa_provincial_t20,,2022-2022
20502,Atwel Mokgolobotho,Atwel Mokgolobotho,new,2021-2021,csa_provincial_t20,,
20467,Amir Sohil Bux,Amir Sohil Bux,new,2021-2021,csa_provincial_t20,,
15654,Wesley Marshall,WB Marshall,team_context,2021-2021,csa_provincial_t20,,2019-2023
20531,Eben Botha,Eben Botha,new,2021-2024,csa_provincial_t20,,
8526,Shaylen Pillay,S Pillay,team_context,2015-2024,csa_provincial_t20 csa_t20c,,2015-2026
11432,Senuran Muthusamy,S Muthusamy,exact_name,2021-2025,csa_provincial_t20 csa_t20c,Senuran Muthusamy,2019-2026
15194,Heinrich Pieterse,H Pieterse,unique_surname,2021-2021,csa_provincial_t20,Heinrigh Pieterse,2024-2024
13668,Jason Oakes,Jason Oakes,new,2021-2024,csa_provincial_t20,,
18142,Lesego Senokwane,L Senokwane,team_context,2021-2021,csa_provincial_t20,,2022-2024
10992,Eldred Hawken,EL Hawken,team_context,2019-2024,csa_provincial_t20 csa_t20c,Eldred Lockwood Hawken,2018-2022
11903,Zuma,LM Zuma,team_context,2019-2021,csa_provincial_t20 csa_t20c,,2016-2022
11340,Chad Classen,C Classen,team_context,2021-2024,csa_provincial_t20,,2022-2022
20526,Caleb Seleka,C Seleka,team_context,2021-2026,csa_provincial_t20 csa_t20c,,2022-2024
8530,Prenelan Subrayen,P Subrayen,exact_name,2015-2026,csa_provincial_t20 csa_t20c,Prenelan Subrayen,2012-2026
10079,Daryn Dupavillon,DM Dupavillon,team_context,2019-2026,csa_provincial_t20 csa_t20c t10_zim_afro,Daryn Miles Dupavillon,2014-2025
13150,Kerwin Mungroo,K Mungroo,team_context,2021-2026,csa_provincial_t20 csa_t20c,,2018-2024
13100,Ottniel Baartman,OEG Baartman,unique_surname,2019-2024,csa_provincial_t20 csa_t20c,Ottneil Emile Graham Baartman,2019-2026
14586,Bryce Parsons,B Parsons,team_context,2021-2026,csa_provincial_t20 csa_t20c,,2022-2026
11271,Sarel Erwee,SJ Erwee,team_context,2019-2025,csa_provincial_t20 csa_t20c legends_wcl,Sarel Johannes Erwee,2017-2023
14543,Thamsanga Kumalo,T Kumalo,unique_surname,2021-2022,csa_provincial_t20,,2024-2024
14187,Grant Roelofsen,G Roelofsen,team_context,2021-2026,csa_provincial_t20 csa_t20c,,2021-2024
12188,Marques Ackerman,MJ Ackerman,team_context,2017-2025,csa_provincial_t20 csa_t20c,,2017-2026
9724,Khaya Zondo,Khaya Zondo,new,2015-2026,csa_provincial_t20 csa_t20c,,
9587,Jason Smith,JF Smith,team_context,2016-2026,csa_provincial_t20 csa_t20c,Jason Franswyn Smith,2016-2026
20556,Jade Smith,Jade Smith,new,2021-2021,csa_provincial_t20,,
20541,Ethan John Cunningham,Ethan John Cunningham,new,2021-2021,csa_provincial_t20,,
20538,Dewald Brevis,D Brevis,exact_name,2021-2026,csa_provincial_t20 csa_t20c t10_abu_dhabi,Dewald Brevis,2022-2026
18687,Simelane,A Simelane,team_context,2021-2025,csa_provincial_t20 csa_t20c,Andile Simelane,2022-2025
20546,George Van Heerden,G Van Heerden,exact_name,2021-2026,csa_provincial_t20 csa_t20c,George Van Heerden,2024-2024
15123,Michael Copeland,M Copeland,team_context,2021-2026,csa_provincial_t20 csa_t20c,,2022-2024
20561,Valintine Kitime,Valintine Kitime,new,2021-2026,csa_provincial_t20 csa_t20c,,
20576,Kaden Solomon,Kaden Solomon,new,2021-2021,csa_provincial_t20,,
20566,Liam Alder,L Alder,team_context,2021-2024,csa_provincial_t20 csa_t20c,,2024-2024
20563,Joshua Stephenson,Joshua Stephenson,new,2021-2021,csa_provincial_t20,,
20583,Asakhe Tsaka,Asakhe Tsaka,new,2021-2025,csa_provincial_t20 csa_t20c,,
14314,Matthew Arnold,Matthew Arnold,new,2021-2022,csa_provincial_t20,,
20623,Tumelo Simelane,Tumelo Simelane,new,2021-2024,csa_provincial_t20,,
20591,Jurie Snyman,Jurie Snyman,new,2021-2024,csa_provincial_t20,,
20606,Armand Erasmus,Armand Erasmus,new,2021-2021,csa_provincial_t20,,
15564,Khwezi Gumede,K Gumede,unique_surname,2021-2024,csa_provincial_t20,,2022-2022
20628,Tumelo Tlhokwe,Tumelo Tlhokwe,new,2021-2021,csa_provincial_t20,,
10685,Thomson,GM Thomson,team_context,2019-2024,csa_provincial_t20 csa_t20c,,2018-2021
20611,Danie Rossouw,Danie Rossouw,new,2021-2024,csa_provincial_t20,,
14315,Sizwe Masondo,Sizwe Masondo,new,2021-2024,csa_provincial_t20,,
10971,Gionne Koopman,Gionne Koopman,new,2021-2021,csa_provincial_t20,,
13618,Clayton August,Clayton August,new,2021-2021,csa_provincial_t20,,
20578,Aphiwe Mnyanda,Aphiwe Mnyanda,new,2021-2026,csa_provincial_t20 csa_t20c,,
20621,Sinenhlanhla Zwane,Sinenhlanhla Zwane,new,2021-2021,csa_provincial_t20,,
20571,Gerhardus Maree,Gerhardus Maree,new,2021-2026,csa_provincial_t20 csa_t20c,,
20551,Hardus Coetzer,Hardus Coetzer,new,2021-2026,csa_provincial_t20 csa_t20c,,
20586,Jesse Prodehl,J Prodehl,exact_name,2021-2021,csa_provincial_t20,Jesse Prodehl,2024-2024
13324,Thando Ntini,T Ntini,team_context,2021-2024,csa_provincial_t20 csa_t20c,,2022-2022
15852,Ruan de Swardt,R de Swardt,team_context,2021-2026,csa_provincial_t20 csa_t20c,,2021-2026
15921,Odirile Modimokoane,O Modimokoane,team_context,2021-2026,csa_provincial_t20 csa_t20c,,2022-2022
10178,Keegan Petersen,KD Petersen,team_context,2016-2025,csa_provincial_t20 csa_t20c,,2015-2024
18523,Duan Jansen,Duan Jansen,new,2021-2025,csa_provincial_t20 csa_t20c,,
10177,Diseko,JN Diseko,team_context,2021-2021,csa_provincial_t20,,2022-2022
8519,Theunis de Bruyn,TB de Bruyn,team_context,2015-2021,csa_provincial_t20 csa_t20c,Theunis Booysen de Bruyn,2014-2024
9540,Harmer,SR Harmer,team_context,2021-2021,csa_provincial_t20,Simon Ross Harmer,2012-2026
14767,Marcello Piedt,Marcello Piedt,new,2021-2026,csa_provincial_t20 csa_t20c,,
11398,Leus du Plooy,Leus du Plooy,new,2019-2026,csa_provincial_t20 csa_t20c t10_abu_dhabi t20_blast,,
11902,Patrick Kruger,PE Kruger,team_context,2019-2026,csa_provincial_t20 csa_t20c,Patrick Earl Kruger,2016-2025
12587,Shimane Alfred Mothoa,SA Mothoa,team_context,2021-2026,csa_provincial_t20 csa_t20c,,2017-2024
9729,Basheeru-Deen Walters,BD Walters,team_context,2015-2024,csa_provincial_t20 csa_t20c,,2012-2022
14265,David Bedingham,DG Bedingham,team_context,2019-2024,csa_provincial_t20 csa_t20c,David Guy Bedingham,2019-2026
14565,Marco Jansen,M Jansen,exact_name,2019-2025,csa_provincial_t20 csa_t20c,Marco Jansen,2019-2026
10810,van den Bergh,van den Bergh,new,2016-2021,csa_provincial_t20 csa_t20c,,
9493,Hardus Viljoen,Hardus Viljoen,new,2015-2025,csa_provincial_t20 csa_t20c legends_wcl t10_abu_dhabi,,
13317,Raynard van Tonder,R van Tonder,team_context,2019-2025,csa_provincial_t20 csa_t20c,,2019-2024
24657,Nhlanhla Mashigo,Nhlanhla Mashigo,new,2022-2024,csa_provincial_t20,,
23931,Aron Visser,Aron Visser,new,2022-2024,csa_provincial_t20,,
31925,Juan Lubbe,Juan Lubbe,new,2022-2024,csa_provincial_t20,,
24351,Amaan Khan,Amaan Khan,new,2022-2022,csa_provincial_t20,,
24659,Neo Siyabulela,Neo Siyabulela,new,2022-2022,csa_provincial_t20,,
31923,Nico van Zyl,Nico van Zyl,new,2022-2024,csa_provincial_t20,,
23346,Kwena Maphaka,KT Maphaka,team_context,2022-2024,csa_provincial_t20 csa_t20c,Kwena Tshegofatso Maphaka,2024-2026
23341,Matthew Boast,M Boast,unique_surname,2022-2025,csa_provincial_t20 csa_t20c,,2022-2025
31979,Abdullah Bayoumy,Abdullah Bayoumy,exact_name,2022-2025,csa_provincial_t20 csa_t20c,,2022-2024
22111,Liyema Waqu,Liyema Waqu,new,2022-2025,csa_provincial_t20 csa_t20c,,
31972,Juan James,J James,team_context,2022-2026,csa_provincial_t20 csa_t20c,,2024-2024
24066,Ronan Hermann,Ronan Hermann,new,2022-2022,csa_provincial_t20,,
31951,Meeka eel Prince,M Prince,team_context,2022-2026,csa_provincial_t20 csa_t20c,,2024-2024
31958,Richard Seletswane,Richard Seletswane,new,2022-2025,csa_provincial_t20 csa_t20c,,
31944,Dewan Marais,Dewan Marais,new,2022-2022,csa_provincial_t20,,
21396,Muhammed Mayet,Muhammed Mayet,new,2022-2026,csa_provincial_t20 csa_t20c,,
23916,Benjamin van Niekerk,Benjamin van Niekerk,new,2022-2026,csa_provincial_t20 csa_t20c,,
31993,Nhlanhla Dlamini,Nhlanhla Dlamini,new,2022-2026,csa_provincial_t20 csa_t20c,,
19247,Lizo Makhosi,L Makhosi,unique_surname,2022-2022,csa_provincial_t20,,2021-2022
23911,Gerald Ngwenyana,Gerald Ngwenyana,new,2022-2022,csa_provincial_t20,,
15953,Stefan Tait,Stefan Tait,new,2022-2022,csa_provincial_t20,,
22061,Alindile Mhletywa,A Mhletywa,team_context,2022-2026,csa_provincial_t20 csa_t20c,,2022-2024
20357,Cameron Shekleton,CD Shekleton,team_context,2022-2025,csa_provincial_t20 csa_t20c,,2024-2024
21813,Caleb Balich,Caleb Balich,new,2022-2022,csa_provincial_t20,,
24071,Klijnhans,Klijnhans,new,2022-2026,csa_provincial_t20 csa_t20c,,
13149,Victor Mahlangu,Victor Mahlangu,new,2022-2024,csa_provincial_t20,,
21398,J Landsberg,J Landsberg,exact_name,2022-2022,csa_provincial_t20,,2022-2022
9709,Romano Terblanche,Romano Terblanche,new,2022-2026,csa_provincial_t20 csa_t20c,,
20322,Rensburg,Rensburg,new,2022-2024,csa_provincial_t20,,
24564,Patoona Maphekgola,Patoona Maphekgola,new,2022-2022,csa_provincial_t20,,
20262,Steenkamp,Steenkamp,new,2022-2024,csa_provincial_t20,,
31930,Mark Pearse,Mark Pearse,new,2022-2024,csa_provincial_t20,,
20368,Dilivio Ridgaard,D Ridgaard,team_context,2022-2024,csa_provincial_t20 csa_t20c,,2024-2024
13090,Christensen,Christensen,new,2022-2024,csa_provincial_t20,,
24361,Sinovuyo Ntuntwana,Sinovuyo Ntuntwana,new,2022-2024,csa_provincial_t20,,
13321,Jade de Klerk,J de Klerk,team_context,2019-2025,csa_provincial_t20 csa_t20c,,2019-2021
24356,Joshua Dodd,Joshua Dodd,new,2022-2024,csa_provincial_t20,,
16631,Tian Koekemoer,Tian Koekemoer,new,2022-2024,csa_provincial_t20 csa_t20c,,
10176,Gerhardt Abrahams,Gerhardt Abrahams,new,2022-2022,csa_provincial_t20,,
15918,Tyrese Karelse,Tyrese Karelse,new,2024-2024,csa_provincial_t20,,
8096,Kelly Smuts,Kelly Smuts,new,2024-2024,csa_provincial_t20,,
14611,Jarred Jardine,Jarred Jardine,new,2024-2024,csa_provincial_t20,,
50997,Emmanuel Motswiri,Emmanuel Motswiri,new,2024-2026,csa_provincial_t20 csa_t20c,,
50552,Daniel van der Merwe,Daniel van der Merwe,new,2024-2024,csa_provincial_t20,,
55645,Wisani Mushwana,Wisani Mushwana,new,2024-2024,csa_provincial_t20,,
21461,Alex Pillay,Alex Pillay,new,2024-2024,csa_provincial_t20,,
36398,Thabile Hlatuka,Thabile Hlatuka,new,2024-2026,csa_provincial_t20 csa_t20c,,
13325,Hermann Rolfes,Hermann Rolfes,new,2024-2024,csa_provincial_t20,,
22056,Kieran Kenny,Kieran Kenny,new,2024-2024,csa_provincial_t20,,
11063,Sigwili,Sigwili,new,2024-2024,csa_provincial_t20,,
1409130,Junior Makua,Junior Makua,new,2024-2024,csa_provincial_t20,,
22046,Divan Posthumus,Divan Posthumus,new,2024-2024,csa_provincial_t20,,
14768,Kabelo Sekhukhune,Kabelo Sekhukhune,new,2024-2024,csa_provincial_t20,,
53401,Dewan Marais,Dewan Marais (cb53401),new,2024-2024,csa_provincial_t20,,
34151,Nhlakanipho Mpungose,Nhlakanipho Mpungose,new,2024-2024,csa_provincial_t20,,
9530,Dane Piedt,DL Piedt,team_context,2024-2026,csa_provincial_t20 csa_t20c,Dane Leeroy Piedt,2012-2026
50444,Dian Forrester,D Forrester,team_context,2024-2026,csa_provincial_t20 csa_t20c global_super_league,,2024-2026
10197,Patrick Botha,P Botha,team_context,2024-2024,csa_provincial_t20,,2016-2024
16821,Garnett Tarr,G Tarr,team_context,2024-2026,csa_provincial_t20 csa_t20c,,2024-2024
20528,Christopher Britz,Christopher Britz,new,2024-2024,csa_provincial_t20,,
50808,Liyabona Malife,Liyabona Malife,new,2024-2024,csa_provincial_t20,,
14589,Nonelela Yikha,Nonelela Yikha,new,2024-2026,csa_provincial_t20 csa_t20c,,
1423821,Jacques van der Merwe,Jacques van der Merwe,new,2024-2024,csa_provincial_t20,,
1423848,Kabelo Chibi,Kabelo Chibi,new,2024-2024,csa_provincial_t20,,
13612,D Matthews,D Matthews,exact_name,2024-2024,csa_provincial_t20,,2018-2018
1423859,Olwakhe Goqoza,Olwakhe Goqoza,new,2024-2024,csa_provincial_t20,,
22086,Jesse Albanie,Jesse Albanie,new,2024-2024,csa_provincial_t20,,
1423840,Sinegugu Maseko,Sinegugu Maseko,new,2024-2024,csa_provincial_t20,,
1423985,Calvin King,Calvin King,new,2024-2024,csa_provincial_t20,,
24629,Atwell Mokgoloboto,Atwell Mokgoloboto,new,2024-2026,csa_provincial_t20 csa_t20c,,
15948,Modiri Litheko,Modiri Litheko,new,2024-2025,csa_provincial_t20 csa_t20c,,
1424059,Ruan Cronje,Ruan Cronje,new,2024-2024,csa_provincial_t20,,
9601,Andile Phehlukwayo,AL Phehlukwayo,team_context,2015-2025,csa_t20c gt20_canada,Andile Lucky Phehlukwayo,2014-2025
53415,Steve Stolk,S Stolk,unique_surname,2024-2025,csa_t20c,,2025-2025
1450366,Lethabo Phahlamohlaka,Lethabo Phahlamohlaka,new,2025-2026,csa_t20c,,
1423888,Keagan Lion Cachet,Keagan Lion Cachet,new,2025-2026,csa_t20c,,
10175,Junior Dala,CJ Dala,unique_surname,2015-2026,csa_t20c t10_zim_afro,Carl Junior Dala,2014-2025
15920,Jack Lees,J Lees,team_context,2024-2025,csa_t20c,,2024-2024
1431075,Chad Laycock,Chad Laycock,new,2025-2025,csa_t20c,,
53419,Ntando Zuma,Ntando Zuma,new,2024-2025,csa_t20c,,
22051,Kaplan,G Kaplan,team_context,2025-2026,csa_t20c,,2022-2024
1464213,Gysbert Wege,Gysbert Wege,new,2025-2026,csa_t20c,,
1432803,Ludwich Schuld,L Schuld,team_context,2025-2026,csa_t20c,,2024-2024
24041,Slade van Staden,S van Staden,team_context,2025-2025,csa_t20c,,2023-2024
1451029,Kamo Phiri,Kamo Phiri,new,2025-2025,csa_t20c,,
50549,Romashan Pillay,RS Pillay,team_context,2025-2025,csa_t20c,,2024-2024
53408,Nqobani Mokoena,N Mokoena,team_context,2025-2025,csa_t20c,,2024-2026
50972,Tristan Luus,T Luus,unique_surname,2024-2026,csa_t20c,,2025-2026
1463617,Aryan Gopalan,Aryan Gopalan,new,2025-2025,csa_t20c,,
11427,Anrich Nortje,A Nortje,team_context,2022-2025,csa_t20c t10_abu_dhabi,Anrich Arno Nortje,2018-2026
51686,Sean Gilson,Sean Gilson,new,2025-2026,csa_t20c,,
33183,Muhammad Manack,M Manack,team_context,2025-2026,csa_t20c,,2022-2024
1431305,Matthew De Villiers,Matthew De Villiers,new,2025-2026,csa_t20c,,
41704,JP King,JP King,exact_name,2024-2026,csa_t20c,,2024-2025
53454,Wesley Bedja,W Bedja,team_context,2024-2026,csa_t20c,,2024-2024
1464299,Josh Jordaan,Josh Jordaan,new,2025-2025,csa_t20c,,
50815,Oliver Whitehead,O Whitehead,team_context,2025-2026,csa_t20c,,2024-2024
1464101,Mbulelo Dube,Mbulelo Dube,new,2025-2025,csa_t20c,,
1451224,Josh Breed,Josh Breed,new,2025-2026,csa_t20c,,
9763,Edward Moore,EM Moore,team_context,2024-2026,csa_t20c,,2014-2024
50976,Sello Valentine Kitime,SV Kitime,team_context,2024-2025,csa_t20c,,2022-2024
1423887,Lehan Botha,L Botha,exact_name,2025-2026,csa_t20c,Lehan Botha,2024-2024
13066,Akhona Mnyaka,A Mnyaka,exact_name,2024-2026,csa_t20c,Akhona Mnyaka,2019-2024
14566,Delano Potgieter,D Potgieter,team_context,2023-2026,csa_t20c global_super_league t10_zim_afro,,2019-2026
1464307,Rafeeq Patel,Rafeeq Patel,new,2025-2025,csa_t20c,,
14587,Siya Plaatjie,S Plaatjie,unique_surname,2025-2025,csa_t20c,,2024-2024
9554,Rassie van der Dussen,HE van der Dussen,team_context,2015-2026,csa_t20c gt20_canada t10_abu_dhabi t10_zim_afro,Hendrik Erasmus van der Dussen,2013-2026
1431297,Khaya Fakude,Khaya Fakude,new,2025-2025,csa_t20c,,
1462705,Janco Smit,Janco Smit,exact_name,2025-2026,csa_t20c,,2025-2025
55284,Raeeq Daniels,Raeeq Daniels,new,2025-2026,csa_t20c,,
9702,Dane Paterson,D Paterson,exact_name,2015-2025,csa_t20c,Dane Paterson,2014-2022
13098,Eathan Bosch,E Bosch,exact_name,2019-2026,csa_t20c,Eathan Bosch,2017-2026
14583,Achille Cloete,A Cloete,team_context,2025-2025,csa_t20c,,2024-2024
1464626,Morteza Manack,M Manack,team_context,2025-2025,csa_t20c,,2022-2024
9491,Reeza Hendricks,RR Hendricks,team_context,2015-2026,csa_t20c gt20_canada,Reeza Raphael Hendricks,2012-2026
1464650,Gomolemo Phiri,Gomolemo Phiri,new,2025-2026,csa_t20c,,
1464670,Neil Timmers,N Timmers,unique_surname,2025-2025,csa_t20c,,2026-2026
1464673,Wilco de Bruin,Wilco de Bruin,new,2025-2025,csa_t20c,,
1431435,Christopher King,CJ King,team_context,2025-2025,csa_t20c,,2024-2025
1431073,Thabiso Ndlela,Thabiso Ndlela,new,2025-2025,csa_t20c,,
10187,George Linde,GF Linde,team_context,2015-2026,csa_t20c t10_zim_afro,George Fredrik Linde,2014-2026
1450402,Semal pillay,Semal pillay,new,2025-2025,csa_t20c,,
10209,Klaasen,H Klaasen,team_context,2019-2025,csa_t20c gt20_canada,Heinrich Klaasen,2014-2026
8531,Lizaad Williams,LB Williams,team_context,2024-2025,csa_t20c,Lizaad Buyron Williams,2013-2026
9603,Lungi Ngidi,L Ngidi,unique_surname,2015-2025,csa_t20c,Lungisani True-man Ngidi,2015-2026
24622,Connor Esterhuizen,C Esterhuizen,team_context,2024-2026,csa_t20c global_super_league,,2023-2026
1465473,Zakwan Patel,Zakwan Patel,new,2025-2025,csa_t20c,,
50545,Lhuan-dre Pretorius,LG Pretorius,team_context,2024-2025,csa_t20c,Lhuan-dre Gilbert  Pretorius,2024-2026
1450305,Zeden Mahomed,Zeden Mahomed,new,2025-2025,csa_t20c,,
21386,Jordan Hermann,J Hermann,team_context,2024-2026,csa_t20c,,2022-2026
8094,Andrew Birch,ACR Birch,team_context,2015-2019,csa_t20c,Andrew Charles Ross Birch,2012-2019
9725,Colin Ackermann,CN Ackermann,team_context,2015-2019,csa_t20c t20_blast,Colin Niel Ackermann,2012-2026
9492,Mohammad Yaseen Vallie,MY Vallie,team_context,2015-2015,csa_t20c,,2012-2022
1843,Dillon du Preez,D du Preez,team_context,2012-2015,csa_t20c slpl,,2009-2016
7645,Werner Coetsee,WL Coetsee,team_context,2015-2015,csa_t20c,,2012-2015
1628,Ryan McLaren,R McLaren,exact_name,2015-2025,csa_t20c legends_international_masters_league_t20 legends_road_safety legends_wcl,Ryan McLaren,2009-2019
10179,Tumelo Bodibe,TM Bodibe,team_context,2015-2015,csa_t20c,,2013-2016
9707,Rudi Second,RS Second,team_context,2015-2019,csa_t20c,Rudi Stewart Second,2014-2022
10762,Kagiso Mohale,K Mohale,team_context,2015-2015,csa_t20c,,2015-2015
2234,Richard Levi,RE Levi,team_context,2015-2025,csa_t20c legends_international_masters_league_t20 legends_legends_cricket_trophy legends_llc legends_wcl t20_blast,Richard Ernst Levi,2012-2022
490,Andrew Puttick,AG Puttick,team_context,2015-2022,csa_t20c legends_road_safety,,2012-2015
10081,Omphile Ramela,OA Ramela,team_context,2015-2015,csa_t20c,,2014-2017
317,Justin Ontong,JL Ontong,team_context,2015-2024,csa_t20c legends_wcl,Justin Lee Ontong,2008-2016
9721,Mthokozisi Shezi,M Shezi,team_context,2015-2016,csa_t20c,,2012-2017
1689,Lonwabo Tsotsobe,LL Tsotsobe,team_context,2015-2015,csa_t20c,Lonwabo Lopsy Tsotsobe,2009-2015
9697,Eddie Leie,E Leie,exact_name,2015-2025,csa_t20c legends_international_masters_league_t20 legends_road_safety,Eddie Leie,2014-2019
9838,Devon Conway,DP Conway,team_context,2015-2016,csa_t20c,Devon Philip Conway,2015-2026
585,Alviro Petersen,AN Petersen,team_context,2015-2025,csa_t20c legends_international_masters_league_t20 legends_legends_cricket_trophy legends_road_safety,Alviro Nathan Petersen,2010-2016
4621,Thami Tsolekile,TL Tsolekile,team_context,2015-2015,csa_t20c,,2012-2015
614,Morne van Wyk,MN van Wyk,team_context,2015-2026,csa_t20c legends_international_masters_league_t20 legends_legends_cricket_trophy legends_llc legends_road_safety legends_wcl,Morne Nico van Wyk,2007-2019
9718,Cody Chetty,C Chetty,team_context,2015-2019,csa_t20c,,2012-2023
9720,Keshav Maharaj,KA Maharaj,team_context,2015-2024,csa_t20c t20_blast,Keshav Athmanand Maharaj,2013-2026
9203,Kyle Abbott,KJ Abbott,team_context,2015-2015,csa_t20c,Kyle John Abbott,2012-2021
484,Albie Morkel,Albie Morkel,new,2015-2022,csa_t20c legends_llc legends_road_safety,,
8333,Chris Morris,CH Morris,team_context,2015-2025,csa_t20c legends_wcl,Christopher Henry Morris,2012-2021
9550,Graeme van Buuren,GL van Buuren,team_context,2015-2020,csa_t20c t20_blast,,2014-2026
2231,Henry Davids,H Davids,exact_name,2015-2025,csa_t20c legends_international_masters_league_t20 legends_road_safety legends_wcl,Henry Davids,2012-2021
1666,Heino Kuhn,HG Kuhn,team_context,2015-2015,csa_t20c,Heino Gunther Kuhn,2009-2022
1627,Rory Kleinveldt,RK Kleinveldt,team_context,2015-2024,csa_t20c legends_wcl,Rory Keith Kleinveldt,2008-2019
9714,Siya Simetu,S Simetu,team_context,2015-2024,csa_t20c,,2012-2024
2232,Sybrand Engelbrecht,SA Engelbrecht,team_context,2015-2015,csa_t20c,Sybrand Abraham Engelbrecht,2014-2024
7642,Craig Alexander,CJ Alexander,team_context,2015-2015,csa_t20c,,2012-2016
1691,Vaughn van Jaarsveld,VB van Jaarsveld,team_context,2015-2016,csa_t20c,Vaughn Bernard van Jaarsveld,2009-2019
9696,Stephen Cook,SC Cook,team_context,2015-2015,csa_t20c,,2014-2014
10676,Bjorn Fortuin,BC Fortuin,team_context,2015-2024,csa_t20c,,2015-2026
9765,Lundi Mbane,L Mbane,team_context,2015-2015,csa_t20c,,2013-2015
10186,Somila Seyibokwe,S Seyibokwe,team_context,2015-2016,csa_t20c,,2014-2016
11819,Robbie Frylinck,Robbie Frylinck,new,2016-2016,csa_t20c,,
8532,Rabian Engelbrecht,RJ Engelbrecht,team_context,2016-2016,csa_t20c,,2014-2016
11915,Gqadushe,M Gqadushe,team_context,2016-2016,csa_t20c,,2016-2016
11200,Wiaan Mulder,Wiaan Mulder,new,2016-2026,csa_t20c,,
10675,Nono Pongolo,Nono Pongolo,new,2016-2019,csa_t20c,,
11430,Cebo Tshiki,C Tshiki,team_context,2016-2016,csa_t20c,,2016-2022
11914,Nkululeko Serame,NM Serame,team_context,2016-2019,csa_t20c,,2016-2019
8524,Solo Nqweni,SSN Nqweni,team_context,2016-2016,csa_t20c,,2016-2017
8583,Temba Bavuma,T Bavuma,exact_name,2016-2024,csa_t20c,Temba Bavuma,2013-2024
211,Jean-Paul Duminy,JP Duminy,team_context,2016-2026,csa_t20c gt20_canada legends_wcl legends_world_legends_pro_t20_league,,2007-2019
8099,Dane Vilas,DJ Vilas,team_context,2016-2025,csa_t20c legends_international_masters_league_t20 legends_wcl t20_blast,Dane James Vilas,2012-2024
1464111,Kashief Joseph,Kashief Joseph,new,2026-2026,csa_t20c,,
23906,Jody Lawrence,Jody Lawrence,new,2026-2026,csa_t20c,,
24546,Codi Yusuf,Codi Yusuf,exact_name,2024-2026,csa_t20c,,2022-2025
1451245,Bayanda Majola,Bayanda Majola,new,2026-2026,csa_t20c,,
1431467,Cole Abrahams,Cole Abrahams,new,2026-2026,csa_t20c,,
24574,Mbongiseni Mhlanga,M Mhlanga,unique_surname,2026-2026,csa_t20c,,2022-2022
1431603,Zakir Kathrada,Zakir Kathrada,new,2026-2026,csa_t20c,,
1464296,Ruben du Toit,Ruben du Toit,new,2026-2026,csa_t20c,,
1463716,Bryn Brokensha,Bryn Brokensha,new,2026-2026,csa_t20c,,
21393,Karabo Mogotsi,Karabo Mogotsi,new,2026-2026,csa_t20c,,
33113,Tetelo Maphaka,Tetelo Maphaka,new,2026-2026,csa_t20c,,
23936,Nathan Roux,Nathan Roux,new,2026-2026,csa_t20c,,
1464015,Christiaan du Toit,Christiaan du Toit,new,2026-2026,csa_t20c,,
41928,Thomas Mayes,Thomas Mayes,new,2026-2026,csa_t20c,,
51046,Irvin Modimokoane,IHM Modimokoane,team_context,2024-2026,csa_t20c,,2024-2024
1464100,Abdullah Bayoumy,Abdullah Bayoumy,exact_name,2026-2026,csa_t20c,,2022-2024
1464629,Tylor Trenoweth,Tylor Trenoweth,new,2026-2026,csa_t20c,,
34968,Keenan Vieira,Keenan Vieira,new,2026-2026,csa_t20c,,
24645,Shelton Ngobeni,Shelton Ngobeni,new,2026-2026,csa_t20c,,
13629,Junaid Dawood,J Dawood,team_context,2024-2026,csa_t20c,,2022-2024
1480043,Jason Muirhead,Jason Muirhead,new,2026-2026,csa_t20c,,
1463916,Ruan Van Rooyen,Ruan Van Rooyen,new,2026-2026,csa_t20c,,
1480051,Jordan James Neil,Jordan James Neil,new,2026-2026,csa_t20c,,
20536,Tahir Isaacs,T Isaacs,unique_surname,2026-2026,csa_t20c,,2022-2024
1464112,Blake Simpson,Blake Simpson,new,2026-2026,csa_t20c,,
9585,Rabada,K Rabada,team_context,2017-2024,csa_t20c,Kagiso Rabada,2014-2026
9582,Aiden Markram,AK Markram,team_context,2017-2024,csa_t20c,Aiden Kyle Markram,2016-2026
8521,Corne Dry,CA Dry,team_context,2019-2019,csa_t20c,,2016-2025
10970,Simon Khomari,SM Khomari,team_context,2019-2019,csa_t20c,,2019-2019
731,Vernon Philander,VD Philander,team_context,2019-2025,csa_t20c legends_international_masters_league_t20 legends_road_safety legends_wcl,Vernon Darryl Philander,2007-2019
11872,Tladi Bokako,T Bokako,exact_name,2019-2019,csa_t20c,Tladi Bokako,2018-2022
7647,R Frylinck,R Frylinck,exact_name,2019-2024,csa_t20c legends_legends_cricket_trophy t10_abu_dhabi,Robert Frylinck,2012-2021
14816,Luvuyo Adam,L Adam,team_context,2019-2019,csa_t20c,,2019-2019
53450,Andile Mogakane,Andile Mogakane,new,2024-2024,csa_t20c,,
13099,Smangaliso Nhlebela,S Nhlebela,team_context,2024-2024,csa_t20c,,2017-2024
15919,Mondli Khumalo,M Khumalo,team_context,2024-2024,csa_t20c,,2024-2024
51711,Thamsanqa Kumalo,T Kumalo,team_context,2024-2024,csa_t20c,,2024-2024
20518,Bradley Porteous,BG Porteous,team_context,2024-2024,csa_t20c,,2024-2024
14431,Ruben Trumpelmann,R Trumpelmann,exact_name,2021-2024,csa_t20c gt20_canada uae_summer_t20_bash,Ruben Trumpelmann,2021-2026
1423931,Adrian du Toit,Adrian du Toit,new,2024-2024,csa_t20c,,
55748,Jevano Baron,Jevano Baron,new,2024-2024,csa_t20c,,
14385,Kunwar Bidhuri,Kunwar Bidhuri,exact_name,2025-2025,dpl,,2019-2019
1429700,Sarthak Ray,Sarthak Ray,new,2025-2025,dpl,,
13907,Ayush Badoni,A Badoni,exact_name,2022-2026,dpl sma,Ayush Badoni,2021-2026
1459452,Anmol Sharma,Anmol Sharma,new,2025-2026,dpl,,
55685,Sumit Mathur,Sumit Mathur,new,2025-2025,dpl,,
1429684,Tejasvi Dahiya,Tejasvi Dahiya,new,2025-2026,dpl sma,,
19177,Vision Panchal,Vision Panchal,new,2025-2026,dpl,,
1459519,Abhishek Khandelwal,Abhishek Khandelwal,new,2025-2025,dpl,,
1459508,Manish Sehrawat,Manish Sehrawat,new,2025-2026,dpl,,
1448289,Digvesh Singh Rathi,DS Rathi,exact_name,2024-2026,dpl sma,Digvesh Singh Rathi,2025-2026
54630,Himanshu Chauhan,HM Chauhan,team_context,2024-2026,dpl sma,,2024-2024
1459475,Divansh Rawat,Divansh Rawat,new,2025-2026,dpl,,
1447085,Ajay Ahlawat,Ajay Ahlawat,new,2025-2026,dpl,,
9715,Navdeep Saini,Navdeep Saini,exact_name,2022-2026,dpl sma,Navdeep Amarjeet Saini,2016-2026
55400,Akhil Chaudhary,Akhil Chaudhary,new,2024-2026,dpl sma,,
1459064,Rounak Waghela,Rounak Waghela,new,2025-2026,dpl,,
1459090,Ashish Meena,Ashish Meena,new,2025-2026,dpl,,
15718,Rohan Rathi,Rohan Rathi,new,2025-2026,dpl legends_asian_legends_league,,
54518,Arpit Rana,Arpit Rana,new,2025-2026,dpl sma,,
1459078,Sujal Singh,Sujal Singh,new,2025-2026,dpl,,
1458957,Hardik Sharma,Hardik Sharma,new,2025-2026,dpl,,
13135,Anuj Rawat,Anuj Rawat,exact_name,2022-2026,dpl sma,Anuj Rawat,2019-2024
12341,Mayank Rawat,Mayank Rawat,exact_name,2024-2026,dpl sma,,2024-2024
1459089,Kavya Gupta,Kavya Gupta,new,2025-2026,dpl,,
11029,Sarthak Ranjan,Sarthak Ranjan (cb11029),new,2025-2026,dpl,,
14593,Vaibhav Kandpal,Vaibhav Kandpal,new,2022-2026,dpl sma,,
1429628,Arnav Bugga,Arnav Bugga,new,2025-2026,dpl,,
1447285,Yajas Sharma,Yajas Sharma,new,2025-2026,dpl,,
12375,Arjun Rapria,Arjun Rapria,new,2025-2026,dpl,,
24729,Harshit Rana,Harshit Rana,exact_name,2023-2025,dpl sma,Harshit Pradeep Rana,2022-2026
1459133,Yash Bhatia,Yash Bhatia,new,2025-2026,dpl,,
1432961,Pranav Rajuvanshi,Pranav Rajuvanshi,new,2025-2026,dpl,,
1459134,Vikas Dixit,Vikas Dixit,new,2025-2026,dpl,,
1459188,Siddhant Bansal,Siddhant Bansal,new,2025-2025,dpl,,
13537,Kuldip Yadav,Kuldip Yadav,new,2025-2026,dpl,,
1459155,Siddhartha Solanki,Siddhartha Solanki,new,2025-2025,dpl,,
53510,Money Grewal,Money Grewal,new,2025-2026,dpl sma,,
14163,Simarjeet Singh,Simarjeet Singh,exact_name,2024-2026,dpl sma,Simarjeet Singh,2019-2025
12639,Tejas Baroka,Tejas Baroka,exact_name,2024-2026,dpl sma,Tejas Baroka,2017-2018
1458991,Gavnish Khurana,Gavnish Khurana,new,2025-2026,dpl,,
10373,Pranshu Vijayran,Pranshu Vijayran,exact_name,2015-2026,dpl sma,,2019-2022
12619,Jonty Sidhu,Jonty Sidhu,exact_name,2025-2026,dpl,,2021-2021
22556,Yash Dhull,YV Dhull,team_context,2022-2026,dpl sma,Yash Vijay Dhull,2022-2024
1458987,Siddharth Joon,Siddharth Joon,new,2025-2026,dpl,,
1460916,Yugal Saini,Yugal Saini,new,2025-2026,dpl,,
1458968,Aditya Bhandari,Aditya Bhandari,new,2025-2026,dpl,,
1429634,Sumit Chhikara,Sumit Chhikara,new,2025-2025,dpl,,
1459002,Jasvir Sehrawat,Jasvir Sehrawat,new,2025-2026,dpl,,
1432963,Dhruv Kaushik,Dhruv Kaushik,new,2025-2026,dpl,,
1460934,Shivam Gupta,Shivam Gupta,new,2025-2026,dpl,,
10223,Himmat Singh,Himmat Singh,exact_name,2022-2026,dpl sma,,2018-2026
8933,Vaibhav Rawal,Vaibhav Rawal,new,2015-2026,dpl sma,,
1429652,Keshav Dalal Singh,Keshav Dalal Singh,new,2025-2026,dpl,,
10262,Deepak Punia,Deepak Punia,exact_name,2015-2026,dpl sma,,2016-2021
1460937,Rahul Dagar,Rahul Dagar,new,2025-2025,dpl,,
1458881,Parth Bali,Parth Bali,new,2025-2026,dpl,,
1458880,Aryan Dalal,Aryan Dalal,new,2025-2025,dpl,,
9507,Pankaj Jaswal,Pankaj Jaswal,exact_name,2019-2026,dpl sma t20_mumbai,,2016-2022
54735,Prince Yadav,Prince Yadav,exact_name,2024-2025,dpl sma,,2024-2026
1458925,Aatrey Tripathi,Aatrey Tripathi,new,2025-2026,dpl,,
16864,Siddhant Sharma,Siddhant Sharma,exact_name,2025-2026,dpl,,2021-2021
1429732,Anshuman Hooda,Anshuman Hooda,new,2025-2026,dpl,,
1459441,Kamal Bairwa,Kamal Bairwa,new,2025-2025,dpl,,
1459394,Keshav Dabas,Keshav Dabas,new,2025-2026,dpl,,
36487,Suyash Sharma,Suyash Sharma,exact_name,2023-2025,dpl sma,Suyash Sharma,2023-2026
12624,Harsh Tyagi,Harsh Tyagi,exact_name,2022-2026,dpl sma,,2019-2024
14689,Priyansh Arya,Priyansh Arya,exact_name,2023-2026,dpl sma,Priyansh Arya,2021-2026
1429674,Sanat Sangwan,Sanat Sangwan,new,2025-2026,dpl,,
1460938,Mohit Panwar,Mohit Panwar,new,2025-2026,dpl,,
1459397,Shreshth Yadav,Shreshth Yadav,new,2025-2025,dpl,,
9954,Shivam Sharma,Shivam Sharma (cb9954),new,2025-2026,dpl,,
1459427,Dhruv Singh,Dhruv Singh,new,2025-2026,dpl,,
1459574,Bhangwan Singh,Bhangwan Singh,new,2025-2025,dpl,,
1447261,Anirudh Chowdhary,Anirudh Chowdhary,new,2025-2025,dpl,,
14595,Hrithik Shokeen,HR Shokeen,team_context,2022-2026,dpl sma,Hrithik Rakesh Shokeen,2022-2023
1459526,Shubham Dubey,Shubham Dubey,new,2025-2026,dpl,,
9204,Nitish Rana,N Rana,exact_name,2015-2026,dpl sma,Nitish Rana,2016-2026
1429676,Mayank Gusain,Mayank Gusain,new,2024-2026,dpl sma,,
12406,Manan Bhardwaj,Manan Bhardwaj,new,2017-2026,dpl haryana_premier_league,,
1459530,Krish Yadav,Krish Yadav,new,2025-2026,dpl,,
14438,Ankit Kumar,Ankit Kumar,exact_name,2022-2026,dpl sma,,2019-2023
1449529,Ayush Doseja,Ayush Doseja,new,2025-2026,dpl sma,,
54507,Tishant Dabla,Tishant Dabla,new,2025-2026,dpl,,
1459342,Varun Yadav,Varun Yadav,new,2025-2026,dpl,,
1459449,Shaurya Malik,Shaurya Malik,new,2025-2026,dpl,,
1446957,Pranav Pant,Pranav Pant,new,2025-2026,dpl,,
1448297,Aayush Singh,Aayush Singh,new,2024-2026,dpl sma,,
1459321,Rajneesh Dadar,Rajneesh Dadar,new,2025-2026,dpl,,
13252,Lalit Yadav,Lalit Yadav,exact_name,2022-2026,dpl sma,Lalit Yadav,2018-2024
1459310,Pardeep Parashar,Pardeep Parashar,new,2025-2025,dpl,,
24256,Dev Lakra,Dev Lakra,exact_name,2023-2026,dpl sma,,2023-2023
1460806,Udhav Mohan,Udhav Mohan,new,2025-2026,dpl,,
14079,Samarth Seth,Samarth Seth,exact_name,2024-2026,dpl sma,,2019-2019
1459273,Aarush Malhotra,Aarush Malhotra,new,2025-2025,dpl,,
1429626,Vansh Bedi,Vansh Bedi,new,2024-2026,dpl sma,,
1429660,Yug Gupta,Yug Gupta,new,2025-2025,dpl,,
1459288,Ekansh Dobal,Ekansh Dobal,new,2025-2026,dpl,,
1459507,Sagar Tanwar,Sagar Tanwar,new,2025-2026,dpl,,
1447309,Sumit Kumar Beniwal,Sumit Kumar Beniwal,new,2025-2026,dpl,,
1458902,Ajay Rana,Ajay Rana,new,2025-2025,dpl,,
1429746,Deepanshu Gulia,Deepanshu Gulia,new,2025-2026,dpl,,
1459430,Karan Garg,Karan Garg,new,2025-2026,dpl,,
51756,Naman Tiwari,Naman Tiwari,new,2025-2026,dpl uppl,,
1459493,Gulzar Sandhu,Gulzar Sandhu,new,2025-2025,dpl,,
1455394,Rohit Yadav,Rohit Yadav,new,2025-2026,dpl,,
1459255,Prince Mishra,Prince Mishra,new,2025-2026,dpl,,
1459243,Aryan Kapoor,Aryan Kapoor,new,2025-2025,dpl,,
702,Ishant,Ishant,new,2022-2025,dpl sma,,
1458914,Rahul Chaudhary,Rahul Chaudhary,new,2025-2025,dpl,,
1458936,Piyash Chhikara,Piyash Chhikara,new,2025-2025,dpl,,
1458891,Pradyuman Sanan,Pradyuman Sanan,new,2025-2026,dpl,,
1461179,Aman Bharti,Aman Bharti,new,2025-2026,dpl,,
1429610,Laxman,Laxman,new,2025-2026,dpl,,
14347,Shivank Vashisht,Shivank Vashisht,new,2022-2025,dpl sma,,
1459035,Arun Pundir,Arun Pundir,new,2025-2026,dpl,,
1459232,Vivek Yadav,Vivek Yadav,new,2025-2025,dpl,,
1450701,Jitesh Singh,Jitesh Singh,new,2025-2026,dpl,,
24316,Rohan Rana,Rohan Rana,new,2025-2026,dpl,,
14294,Lakshay Thareja,L Thareja,team_context,2022-2026,dpl sma,,2022-2022
1461696,Yashjeet,Yashjeet,new,2025-2026,dpl,,
1459563,Ravneet Tanwar,Ravneet Tanwar,new,2025-2026,dpl,,
1447333,Yash Dabas,Yash Dabas,new,2025-2026,dpl,,
1459515,Ankur Kaushik,Ankur Kaushik,new,2025-2026,dpl,,
1459229,Sarthak Pal,Sarthak Pal,new,2025-2025,dpl,,
1459251,Manjeet,Manjeet,new,2025-2025,dpl,,
1429642,Kush Nagpal,Kush Nagpal,new,2025-2025,dpl,,
54514,Gagan Vats,Gagan Vats,new,2024-2025,dpl sma,,
1461168,Dev Rishit,Dev Rishit,new,2025-2025,dpl,,
1459354,Aman Chaudhary,Aman Chaudhary,new,2025-2026,dpl,,
1461377,Rishabh Drall,Rishabh Drall,new,2025-2025,dpl,,
1461223,Rishabh Singh Rana,Rishabh Singh Rana,new,2025-2025,dpl,,
1459166,Noor Ilahi,Noor Ilahi,new,2025-2025,dpl,,
1462045,Kaushal Suman,Kaushal Suman,new,2025-2026,dpl,,
1446961,Aryan Rana,Aryan Rana,new,2024-2026,dpl sma,,
1459299,Gaurav Saroha,Gaurav Saroha,new,2025-2026,dpl,,
1459277,Ashish Chaurasiya,Ashish Chaurasiya,new,2025-2025,dpl,,
1459262,Rushal Saini,Rushal Saini,new,2025-2026,dpl,,
1459331,Aditya Malhotra,Aditya Malhotra,new,2025-2026,dpl,,
1462078,Puneet Chahal,Puneet Chahal,new,2025-2025,dpl,,
1458979,Aaryavir Sehwag,Aaryavir Sehwag,new,2025-2026,dpl,,
1459112,Shivam Tripathi,Shivam Tripathi,new,2025-2025,dpl,,
1459145,Samyak Jain,Samyak Jain,new,2025-2025,dpl,,
1459178,Prabhjot Singh,Prabhjot Singh,new,2025-2025,dpl,,
1458877,Parikshit Bhati,Parikshit Bhati,new,2025-2025,dpl,,
1459123,Vaibhav Baisla,Vaibhav Baisla,new,2025-2026,dpl,,
1462433,Ankit Kumar,Ankit Kumar,exact_name,2025-2026,dpl,,2019-2023
1477817,Aryan Gaur,Aryan Gaur,new,2026-2026,dpl,,
1477807,Ashwini Chillar,Ashwini Chillar,new,2026-2026,dpl,,
38153,Divij Mehra,Divij Mehra,new,2026-2026,dpl,,
14532,Suryansh Raina,Suryansh Raina,exact_name,2026-2026,dpl,,2019-2021
22401,Mayank Yadav,MP Yadav,team_context,2022-2026,dpl sma,Mayank Prabhu Yadav,2022-2026
10913,Ankit Dabas,Ankit Dabas (cb10913),new,2026-2026,dpl,,
1459548,Vikas rana,Vikas rana,new,2026-2026,dpl,,
1477827,Sombir Sheokand,Sombir Sheokand,new,2026-2026,dpl,,
12643,Kulwant Khejroliya,K Khejroliya,exact_name,2022-2026,dpl mppl sma,Kulwant Khejroliya,2018-2026
19328,Shubham Dubey,SB Dubey,team_context,2022-2026,dpl sma,Shubham Badriprasad Dubey,2021-2026
1455524,Rishabh Sharma,Rishabh Sharma,new,2026-2026,dpl,,
36741,Aryan Sharma,Aryan Sharma,new,2026-2026,dpl,,
1477880,Akshay Saini,Akshay Saini,new,2026-2026,dpl,,
1477867,Monu Shukla,Monu Shukla,new,2026-2026,dpl,,
1477870,Pratham Saluja,Pratham Saluja,new,2026-2026,dpl,,
1477881,Bharat Sindhwani,Bharat Sindhwani,new,2026-2026,dpl,,
10953,Mayank Dagar,Mayank Dagar,exact_name,2017-2026,dpl sma,Mayank J Dagar,2018-2024
12920,Ajay Yadav,Ajay Yadav,exact_name,2017-2026,dpl rajputana_premier_league,,2019-2019
1477890,Tanuj Pawar,Tanuj Pawar,new,2026-2026,dpl,,
1459167,Dhanya Nakra,Dhanya Nakra,new,2026-2026,dpl,,
10313,Ajay Rana,Ajay Rana (cb10313),new,2026-2026,dpl,,
1459482,Prikshit Sehrawat,Prikshit Sehrawat,new,2026-2026,dpl,,
1459365,Anant S Sareen,Anant S Sareen,new,2026-2026,dpl,,
1478061,Dhananjai Singh,Dhananjai Singh,new,2026-2026,dpl,,
1468654,Rahul Chaudhary,Rahul Chaudhary (cb1468654),new,2026-2026,dpl,,
1459339,Atulya Pandey,Atulya Pandey,new,2026-2026,dpl,,
1478160,Revant Rakyan,Revant Rakyan,new,2026-2026,dpl,,
1429698,Saurabh Deswal,Saurabh Deswal,new,2026-2026,dpl,,
1478173,Rishabh Sharma,Rishabh Sharma (cb1478173),new,2026-2026,dpl,,
11312,Hiten Dalal,Hiten Dalal,exact_name,2022-2026,dpl sma,,2019-2022
1478287,Deepanshu Phore,Deepanshu Phore,new,2026-2026,dpl,,
1478291,Sammar Kohar,Sammar Kohar,new,2026-2026,dpl,,
1478187,Vansh Mehra,Vansh Mehra,new,2026-2026,dpl,,
1478327,Vivek Tiwari,Vivek Tiwari,new,2026-2026,dpl,,
1478360,Anant Jain,Anant Jain,new,2026-2026,dpl,,
1478411,Dev Chaudhary,Dev Chaudhary,new,2026-2026,dpl,,
1461792,Kartik Yadav,Kartik Yadav,new,2025-2026,dpl uppl,,
13138,Abhishek Kumar Yadav,Abhishek Kumar Yadav,new,2026-2026,dpl,,
1477477,Parikshit Singh Bhati,Parikshit Singh Bhati,new,2026-2026,dpl,,
1477883,Parnit Tiwari,Parnit Tiwari,new,2026-2026,dpl,,
1478440,Uday Chawla,Uday Chawla,new,2026-2026,dpl,,
1478433,Gaurav Sabharwal,Gaurav Sabharwal,new,2026-2026,dpl,,
1478451,Nikhil Kumar,Nikhil Kumar,new,2026-2026,dpl,,
1458943,Varun Vanjani,Varun Vanjani,new,2026-2026,dpl,,
1478453,Rudra Dev Yadav,Rudra Dev Yadav,new,2026-2026,dpl,,
1478460,Dhruv Bindra,Dhruv Bindra,new,2026-2026,dpl,,
1478521,Garvit Grover,Garvit Grover,new,2026-2026,dpl,,
1478523,Aditya Yadav,Aditya Yadav,new,2026-2026,dpl,,
1478520,Harsh Bhardwaj,Harsh Bhardwaj,new,2026-2026,dpl,,
1478181,Rohan Parchanda,Rohan Parchanda,new,2026-2026,dpl,,
1459075,Yashwardhan Oberai,Yashwardhan Oberai,new,2026-2026,dpl,,
10893,Samarth Singh,Samarth Singh,exact_name,2025-2026,dpl uppl,,2016-2019
1459474,Yatish Singh,Yatish Singh,new,2026-2026,dpl,,
1478551,Shivam Bhan,Shivam Bhan,new,2026-2026,dpl,,
1459068,Vansh Jetly,Vansh Jetly,new,2026-2026,dpl,,
8499,Alex Davies,AL Davies,team_context,2017-2021,emirates_t20_trophy t10_abu_dhabi t20_blast,,2014-2026
6725,Luke Procter,LA Procter,team_context,2017-2020,emirates_t20_trophy t20_blast,,2015-2026
10045,Liam Livingstone,LS Livingstone,team_context,2017-2025,emirates_t20_trophy t10_abu_dhabi t20_blast,Liam Stephen Livingstone,2015-2026
6703,Karl Brown,KR Brown,team_context,2017-2017,emirates_t20_trophy,,2014-2018
9817,Rob Jones,Rob Jones,new,2017-2017,emirates_t20_trophy,,
8013,Jordan Clark,J Clark,team_context,2017-2024,emirates_t20_trophy t10_abu_dhabi,,2014-2026
12710,Danny Lamb,DJ Lamb,team_context,2017-2017,emirates_t20_trophy,,2017-2026
9336,Arron Lilley,AM Lilley,team_context,2017-2019,emirates_t20_trophy t20_blast,,2014-2023
6717,Stephen Parry,SD Parry,team_context,2017-2022,emirates_t20_trophy legends_road_safety,Stephen David Parry,2014-2020
10394,Saqib Mahmood,S Mahmood,exact_name,2017-2024,emirates_t20_trophy t10_abu_dhabi t20_blast,Saqib Mahmood,2015-2026
65,James Anderson,JM Anderson,first+surname,2017-2017,emirates_t20_trophy,James Michael Anderson,2007-2026
555,Rikki Clarke,Rikki Clarke,new,2017-2024,emirates_t20_trophy legends_llc legends_road_safety,,
6672,Keith Barker,Keith Barker,new,2017-2017,emirates_t20_trophy,,
6529,Chris Wright,CJC Wright,team_context,2017-2019,emirates_t20_trophy t20_blast,,2014-2019
9363,Josh Poysden,JE Poysden,team_context,2017-2017,emirates_t20_trophy,,2014-2021
6509,Oliver Hannon-Dalby,OJ Hannon-Dalby,team_context,2017-2019,emirates_t20_trophy t20_blast,,2014-2026
6675,Ateeq Javid,A Javid,unique_surname,2017-2017,emirates_t20_trophy,,2014-2018
8495,Sam Hain,SR Hain,team_context,2017-2020,emirates_t20_trophy t20_blast,Samuel Robert Hain,2016-2026
1060,T Ambrose,TR Ambrose,team_context,2017-2025,emirates_t20_trophy legends_international_masters_league_t20 legends_road_safety legends_wcl,,2014-2018
11700,Matthew Lamb,MJ Lamb,team_context,2017-2019,emirates_t20_trophy t20_blast,,2019-2021
10070,Aaron Thomason,AD Thomason,team_context,2017-2017,emirates_t20_trophy,,2016-2021
12154,Muhammad Arif,Muhammad Arif,new,2017-2017,emirates_t20_trophy,,
8369,Salman Afridi,Salman Afridi,new,2017-2017,emirates_t20_trophy,,
12715,Nabi Gul,Nabi Gul,exact_name,2017-2017,emirates_t20_trophy,Nabi Gul,2019-2019
10799,Iftikhar Ahmed,Iftikhar Ahmed,exact_name,2017-2025,emirates_t20_trophy global_super_league gt20_canada t10_abu_dhabi,Iftikhar Ahmed,2016-2026
12716,Adil Ameen,Adil Ameen,new,2017-2017,emirates_t20_trophy,,
11321,Musadiq Ahmed,Musadiq Ahmed,new,2017-2017,emirates_t20_trophy,,
12556,Mohammad Irfan,Mohammad Irfan (cb12556),new,2017-2018,emirates_t20_trophy gt20_canada,,
12143,Ali Asif,Ali Asif,new,2017-2017,emirates_t20_trophy,,
10617,Imran Khan jnr,Imran Khan jnr,new,2017-2017,emirates_t20_trophy,,
9806,Irfanullah Shah,Irfanullah Shah,new,2017-2017,emirates_t20_trophy,,
12714,Muhammad Ilyas,Muhammad Ilyas,new,2017-2017,emirates_t20_trophy,,
6556,Chris Rushworth,C Rushworth,team_context,2017-2017,emirates_t20_trophy,,2014-2019
10511,James Weighell,James Weighell,new,2017-2019,emirates_t20_trophy t20_blast,,
11436,Brydon Carse,BA Carse,team_context,2017-2017,emirates_t20_trophy,Brydon Alexander Carse,2017-2026
9331,Ryan Pringle,RD Pringle,team_context,2017-2017,emirates_t20_trophy,,2014-2018
12717,George Harding,George Harding,new,2017-2017,emirates_t20_trophy,,
10450,Adam Hickey,AJ Hickey,team_context,2017-2017,emirates_t20_trophy,,2017-2017
10020,Graham Clark,G Clark,team_context,2017-2019,emirates_t20_trophy t20_blast,,2015-2026
6545,Michael Richardson,MJ Richardson,team_context,2017-2017,emirates_t20_trophy,Michael John Richardson,2014-2023
10475,Jack Burnham,JTA Burnham,team_context,2017-2017,emirates_t20_trophy,,2016-2021
7984,Stuart Poynter,SW Poynter,team_context,2017-2017,emirates_t20_trophy,Stuart William Poynter,2015-2020
12719,Asif Ali,Asif Ali,exact_name,2017-2017,emirates_t20_trophy,Asif Ali,2016-2026
12720,Taimour Mirza,Taimour Mirza,new,2017-2017,emirates_t20_trophy,,
10407,Nauman Anwar,Nauman Anwar,exact_name,2017-2017,emirates_t20_trophy,,2015-2024
8594,Shahid Yousuf,Shahid Yousuf,exact_name,2017-2019,emirates_t20_trophy t10_qatar,,2016-2016
8251,Raza Ali Dar,Raza Ali Dar,exact_name,2017-2017,emirates_t20_trophy,,2012-2012
11192,Saif Badar,Saif Badar,exact_name,2017-2017,emirates_t20_trophy,,2018-2026
10618,Aamer Yamin,Aamer Yamin,exact_name,2017-2025,emirates_t20_trophy legends_wcl t10_abu_dhabi,Aamer Yamin,2015-2023
9802,Ameer Hamza,Ameer Hamza,new,2017-2017,emirates_t20_trophy,,
8582,Bilawal Bhatti,Bilawal Bhatti,exact_name,2017-2017,emirates_t20_trophy,Bilawal Bhatti,2013-2020
12712,Ehtisham Sultan,Ehtisham Sultan,new,2017-2017,emirates_t20_trophy,,
12723,Sam Grant,Sam Grant,new,2017-2017,emirates_t20_trophy,,
12722,Mitchell Spencer,Mitchell Spencer,new,2017-2017,emirates_t20_trophy,,
12721,Grant Thornton,Grant Thornton,new,2017-2017,emirates_t20_trophy,,
12711,Sukhjit Singh,Sukhjit Singh,new,2017-2017,emirates_t20_trophy,,
11562,Alex Mellor,AJ Mellor,team_context,2017-2019,emirates_t20_trophy t20_blast,,2016-2017
10398,Cameron Steel,CT Steel,team_context,2017-2017,emirates_t20_trophy,,2017-2024
9922,Gavin Main,GT Main,first+surname,2017-2017,emirates_t20_trophy,Gavin Thomas Main,2015-2024
573,Graham Onions,G Onions,unique_surname,2017-2017,emirates_t20_trophy,,2014-2018
8578,Jack Leach,Jack Leach,new,2017-2017,emirates_t20_trophy,,
7854,Lewis Gregory,L Gregory,exact_name,2017-2022,emirates_t20_trophy t10_abu_dhabi t20_blast,Lewis Gregory,2014-2026
9816,Ryan Higgins,RF Higgins,team_context,2017-2020,emirates_t20_trophy t20_blast,,2014-2026
10435,Mason Crane,MS Crane,first+surname,2017-2019,emirates_t20_trophy t10_abu_dhabi,Mason Sidney Crane,2015-2026
8511,Craig Overton,Craig Overton,new,2017-2017,emirates_t20_trophy,,
8345,Alex Lees,Alex Lees,new,2017-2017,emirates_t20_trophy,,
6682,Ben Cox,Ben Cox,new,2017-2020,emirates_t20_trophy t20_blast,,
12724,Josh Bohannon,JJ Bohannon,team_context,2017-2019,emirates_t20_trophy t20_blast,,2018-2025
9334,Tom Bailey,TE Bailey,team_context,2017-2017,emirates_t20_trophy,,2015-2023
12606,Mohammad Irfan Jnr,Mohammad Irfan Jnr,new,2017-2017,emirates_t20_trophy,,
9567,Ashar Zaidi,Ashar Zaidi,exact_name,2017-2018,emirates_t20_trophy hk_t20_blitz,Syed Ashar Ahmed Zaidi,2014-2018
41120,Mirza Baig,Mirza Baig,exact_name,2023-2024,global_super_league t10_zim_afro,Mirza Tahir Baig,2023-2026
7865,A Rossington,AM Rossington,team_context,2019-2024,global_super_league t10_abu_dhabi t20_blast,Adam Matthew Rossington,2014-2026
17280,Muhammad Faizan,Muhammad Faizan,exact_name,2024-2024,global_super_league,,2020-2021
10019,Abell,TB Abell,team_context,2020-2024,global_super_league t10_abu_dhabi t10_lanka t20_blast,Thomas Benjamin Abell,2016-2026
6574,Luke Wells,Luke Wells,new,2024-2024,global_super_league,,
19586,Muhammad Akhlaq,Muhammad Akhlaq,exact_name,2024-2024,global_super_league,Muhammad Akhlaq,2021-2024
11265,Faheem Ashraf,Faheem Ashraf,exact_name,2019-2024,global_super_league gt20_canada t20_blast,Faheem Ashraf,2017-2026
19631,Asif Afridi,Asif Afridi,exact_name,2024-2024,global_super_league,Asif Khan Afridi,2022-2026
19318,Salman Mirza,Salman Mirza,exact_name,2024-2024,global_super_league,Mohammad Salman Mirza,2021-2026
15274,Tanzim Hasan Sakib,Tanzim Hasan Sakib,exact_name,2024-2024,global_super_league,Tanzim Hasan Sakib,2023-2026
10434,Mark Deyal,M Deyal,exact_name,2018-2024,global_super_league gt20_canada t10_abu_dhabi,Mark Deyal,2015-2025
19647,Tom Prest,TJ Prest,team_context,2024-2024,global_super_league,,2021-2026
18414,Ali Orr,AGH Orr,team_context,2024-2024,global_super_league,,2022-2026
10470,Weatherley,JJ Weatherley,team_context,2024-2024,global_super_league,,2016-2026
9545,Shan Masood,Shan Masood,exact_name,2024-2024,global_super_league,Shan Masood Khan,2019-2026
19652,Toby Albert,TE Albert,team_context,2021-2024,global_super_league t10_abu_dhabi,,2021-2026
13012,Felix Organ,FS Organ,unique_surname,2024-2024,global_super_league,,2020-2020
8004,James Fuller,JK Fuller,team_context,2015-2024,global_super_league super_smash t10_abu_dhabi,,2013-2026
6639,Liam Dawson,LA Dawson,team_context,2018-2025,global_super_league t10_abu_dhabi,Liam Andrew Dawson,2014-2026
6647,C Wood,CP Wood,team_context,2019-2024,global_super_league t10_abu_dhabi,,2014-2026
6644,Danny Briggs,DR Briggs,first+surname,2021-2024,global_super_league t10_abu_dhabi,Danny Richard Briggs,2012-2026
20031,Sonny Baker,S Baker,team_context,2024-2024,global_super_league,,2022-2026
10397,Zak Chappell,ZJ Chappell,unique_surname,2024-2024,global_super_league,,2015-2025
8426,Harmeet Singh,Harmeet Singh,exact_name,2024-2025,global_super_league gt20_canada,Harmeet Singh Baddhan,2009-2026
6808,Wayne Madsen,WL Madsen,team_context,2019-2024,global_super_league t10_abu_dhabi t20_blast,Wayne Lee Madsen,2014-2026
12565,Khushdil Shah,Khushdil Shah,exact_name,2024-2024,global_super_league,Khushdil Shah,2017-2026
1448321,Jackson Smith,Jackson Smith,new,2024-2024,global_super_league,,
1446914,Max Birthisel,Max Birthisel,new,2024-2024,global_super_league,,
8982,CJ Anderson,CJ Anderson,exact_name,2015-2024,global_super_league legends_llc super_smash t10_abu_dhabi,Corey James Anderson,2012-2026
13548,Blake Macdonald,BD Macdonald,unique_surname,2024-2024,global_super_league,,2026-2026
20241,Sanjay Krishnamurthi,SP Krishnamurthi,team_context,2024-2026,global_super_league,Sanjay Prasad Krishnamurthi,2024-2026
13272,Scott Edwards,SA Edwards,first+surname,2019-2024,global_super_league t10_qatar,Scott Andrew Edwards,2018-2026
6641,Benny Howell,BAC Howell,team_context,2018-2024,global_super_league t10_abu_dhabi t10_lanka,Benny Alexander Cameron Howell,2014-2026
7884,Niroshan Dickwella,Niroshan Dickwella,new,2018-2025,global_super_league super_provincial_t20_tournament t10_abu_dhabi t10_lanka,,
14204,Sediqullah Atal,Sediqullah Atal,exact_name,2025-2025,global_super_league,Sediqullah Atal,2025-2026
19756,Kadeem Alleyne,K Alleyne,exact_name,2024-2025,global_super_league t10_abu_dhabi,Kadeem Alleyne,2021-2025
23311,Jordan Johnson,Jordan Johnson,new,2025-2025,global_super_league,,
1457119,Jesse Bootan,Jesse Bootan,new,2025-2025,global_super_league,,
1457099,Aryaman Varma,Aryaman Varma,new,2025-2025,global_super_league,,
15134,Kaleem Sana,Kaleem Sana,exact_name,2019-2025,global_super_league gt20_canada,Kaleem Sana Rehman,2022-2026
1447465,Khuzaima Tanveer,Khuzaima Tanveer,exact_name,2024-2025,global_super_league t10_abu_dhabi,,2025-2026
7622,D Bracewell,DAJ Bracewell,register,2016-2025,global_super_league super_smash t10_abu_dhabi,Douglas Andrew John Bracewell,2011-2024
10730,Blair Tickner,BM Tickner,register,2025-2025,global_super_league,Blair Marshall Tickner,2017-2026
39167,Angus Schaw,AR Schaw,team_context,2025-2025,global_super_league,,2023-2026
10703,Ajaz Patel,Ajaz Patel,exact_name,2017-2025,global_super_league super_smash,,2026-2026
11197,Dean Foxcroft,D Foxcroft,exact_name,2025-2025,global_super_league,Dean Foxcroft,2018-2026
8549,Will Young,WA Young,register,2015-2025,global_super_league super_smash,William Alexander Young,2017-2026
10698,Dane Cleaver,D Cleaver,register,2015-2025,global_super_league super_smash,Dane Cleaver,2017-2026
10701,Tom Bruce,TC Bruce,register,2015-2025,global_super_league super_smash,,2017-2026
10729,Josh Clarkson,JA Clarkson,register,2015-2025,global_super_league super_smash,Joshua Andrew Clarkson,2017-2026
15196,William Clark,W Clark,team_context,2025-2025,global_super_league,,2023-2026
13105,Khaled Ahmed,Khaled Ahmed,exact_name,2025-2025,global_super_league,Syed Khaled Ahmed,2017-2026
9835,Mustafa,Rohan Mustafa,team_context,2018-2025,global_super_league gt20_canada t10_abu_dhabi t10_zim_afro uae_summer_t20_bash,Rohan Mustafa,2014-2025
7869,Bhanuka Rajapaksa,Bhanuka Rajapaksa,new,2012-2025,global_super_league slpl super_provincial_t20_tournament t10_abu_dhabi t10_lanka t10_zim_afro,,
13125,Macalister Wright,M Wright,team_context,2025-2025,global_super_league,Macalister B Wright,2019-2026
15769,Jayden Lennox,JR Lennox,team_context,2025-2025,global_super_league,,2021-2026
1448401,Raf MacMillan,Raf MacMillan,new,2025-2025,global_super_league,,
33864,Curtis Heaphy,CG Heaphy,team_context,2025-2025,global_super_league,,2023-2026
41970,Toby Findlay,TA Findlay,team_context,2025-2025,global_super_league,,2025-2026
18155,Shayan Jahangir,Shayan Jahangir,exact_name,2026-2026,global_super_league,Shayan Jahangir,2023-2026
52694,Shamyl Hussain,Shamyl Hussain,exact_name,2026-2026,global_super_league,,2026-2026
12139,Abdullah Shafique,Abdullah Shafique,exact_name,2026-2026,global_super_league,Abdullah Shafique,2020-2026
1448229,Farhan Yousaf,Farhan Yousaf,exact_name,2026-2026,global_super_league,,2026-2026
9551,Michael Bracewell,MG Bracewell,team_context,2015-2026,global_super_league super_smash,Michael Gordon Bracewell,2014-2026
14546,Mohammad Imran Randhawa,Mohammad Imran Randhawa,new,2026-2026,global_super_league,,
22821,Mehran Mumtaz,Mehran Mumtaz,exact_name,2026-2026,global_super_league,Mehran Mumtaz,2024-2026
1476863,Ali Shabbir,Ali Shabbir,new,2026-2026,global_super_league,,
55225,Shahab Khan,Shahab Khan,new,2026-2026,global_super_league,,
52502,Joel Curtis,JL Curtis,team_context,2026-2026,global_super_league,,2026-2026
11762,Ghulam Mudassar,Ghulam Mudassar,exact_name,2026-2026,global_super_league,Ghulam Mudassar,2017-2026
11170,Nathan Smith,Nathan Smith,exact_name,2016-2026,global_super_league super_smash,,2017-2017
26232,Saiteja Mukkamalla,SR Mukkamalla,first+surname,2026-2026,global_super_league,Saiteja Reddy Mukkamalla,2024-2026
52428,Bevon Jacobs,Bevon Jacobs,new,2026-2026,global_super_league,,
15459,Vriitya Aravind,V Aravind,exact_name,2021-2026,global_super_league gt20_canada t10_abu_dhabi uae_summer_t20_bash,Vriitya Aravind,2020-2025
10673,Sanjay Pahal,S Pahal,team_context,2025-2026,global_super_league t10_abu_dhabi,,2025-2025
1467552,Jonathan van Lange,Jonathan van Lange,new,2026-2026,global_super_league,,
1473946,Anirudh Immanuel,A Immanuel,team_context,2026-2026,global_super_league,,2026-2026
1451170,Mohammad Naeem,Mohammad Naeem,new,2026-2026,global_super_league,,
1470208,Mohammad Basit,Mohammad Basit,exact_name,2026-2026,global_super_league,,2026-2026
9851,Munir Ahmad,Munir Ahmad,new,2024-2024,gt20_canada,,
11252,Harsh Thaker,H Thaker,exact_name,2023-2024,gt20_canada,Harsh Thaker,2019-2026
8098,Michael Rippon,MJG Rippon,team_context,2018-2024,gt20_canada super_smash,,2013-2026
1424075,Yuvraj Samra,YS Samra,first+surname,2024-2024,gt20_canada,Yuvraj Singh Samra,2025-2026
1917,Mohammad Amir,Mohammad Amir,exact_name,2021-2025,gt20_canada legends_llc t10_abu_dhabi t10_lanka t10_zim_afro,Mohammad Amir,2009-2026
9357,Paul van Meekeren,PA van Meekeren,first+surname,2018-2024,gt20_canada hk_t20_blitz,Paul Adriaan van Meekeren,2013-2026
51662,Muhammad Rohid Khan,Muhammad Rohid,exact_name,2023-2025,gt20_canada t10_abu_dhabi t10_zim_afro,Muhammad Rohid Khan,2024-2026
15655,Junaid Siddique,Junaid Siddique,exact_name,2019-2025,gt20_canada t10_abu_dhabi,Muhammad Junaid Siddique,2007-2026
24091,Jatinderpal Matharu,J Matharu,exact_name,2024-2024,gt20_canada,Jatinderpal Matharu,2021-2022
6746,Saad Bin Zafar,Saad Bin Zafar,exact_name,2018-2024,gt20_canada t10_qatar,Saad Bin Zafar,2019-2026
7904,Unmukt Chand,Unmukt Chand,new,2015-2025,gt20_canada sma t10_abu_dhabi,,
13568,Nicholas Kirton,NR Kirton,first+surname,2018-2024,gt20_canada,Nicholas Rasheed Kirton,2019-2026
47248,Dilpreet Singh,Dilpreet Singh,new,2023-2024,gt20_canada,,
1428619,Aaditya Varadarajan,Aaditya Varadarajan,new,2024-2024,gt20_canada,,
1428633,Anoop Ravi,Anoop Ravi,new,2024-2024,gt20_canada,,
23016,Aayan Afzal Khan,Aayan Afzal Khan,exact_name,2023-2025,gt20_canada t10_abu_dhabi,Aayan Afzal Khan,2022-2025
12247,Zahoor Khan,Zahoor Khan,exact_name,2018-2024,gt20_canada t10_abu_dhabi t10_lanka uae_summer_t20_bash,Zahoor Khan,2017-2026
13567,Dillon Heyliger,D Heyliger,unique_surname,2018-2024,gt20_canada,Dilon Heyliger,2019-2026
21786,Nav Pabreja,Nav Pabreja,new,2022-2024,gt20_canada t10_abu_dhabi,,
18987,Muhammad Waseem,Muhammad Waseem,new,2021-2025,gt20_canada t10_abu_dhabi uae_summer_t20_bash,,
9229,Rayyan Pathan,Rayyan Pathan,new,2018-2024,gt20_canada,,
28040,Aaron Johnson,A Johnson,exact_name,2023-2024,gt20_canada,Aaron Johnson,2022-2025
35320,Kobe Herft,Kobe Herft,new,2022-2024,gt20_canada t10_abu_dhabi t10_zim_afro,,
10103,George Munsey,HG Munsey,unique_surname,2017-2024,gt20_canada hk_t20_blitz t10_abu_dhabi t10_lanka t10_zim_afro,Henry George Munsey,2015-2026
14807,Ravinderpal Singh,Ravinderpal Singh,exact_name,2019-2024,gt20_canada t10_qatar,Ravinderpal Singh,2019-2025
16110,Akhil Kumar,Akhil Kumar,exact_name,2024-2024,gt20_canada,Akhil Kumar,2024-2025
19766,Abhijai Mansingh,Abhijai Mansingh,new,2024-2024,gt20_canada,,
19532,Aryan Dutt,A Dutt,exact_name,2024-2024,gt20_canada,Aryan Dutt,2021-2026
1426791,Thomas Draca,TJ Draca,first+surname,2024-2024,gt20_canada,Thomas Jack Draca,2024-2026
14358,Ben Lister,BG Lister,first+surname,2024-2024,gt20_canada,Benjamin George Lister,2017-2026
13958,Terrance Hinds,T Hinds,exact_name,2024-2024,gt20_canada,Terrance Hinds,2018-2026
47269,Udhaya Bhagwan,Udhaya Bhagwan,new,2023-2024,gt20_canada,,
12163,Virandeep Singh,Virandeep Singh,exact_name,2024-2024,gt20_canada,Virandeep Singh Jagjit Singh,2019-2026
1428588,Mansab Gill,M Gill,exact_name,2024-2024,gt20_canada,Mansab Gill,2025-2025
24096,Shreyas Movva,S Movva,exact_name,2023-2024,gt20_canada,Shreyas Movva,2022-2026
7675,Hamza Tariq,Hamza Tariq,exact_name,2019-2024,gt20_canada,Hamza Tariq,2013-2022
10655,Pargat Singh,Pargat Singh,exact_name,2023-2024,gt20_canada,,2016-2025
47238,Gurpal Sidhu,Gurpal Sidhu,new,2024-2024,gt20_canada,,
8378,J Gordon,J Gordon,new,2018-2024,gt20_canada,,
9565,Asif Ali,Asif Ali,exact_name,2021-2025,gt20_canada legends_wcl t10_abu_dhabi t10_lanka t10_zim_afro,Asif Ali,2016-2026
11155,Dipendra Singh Airee,DS Airee,exact_name,2023-2024,gt20_canada,Dipendra Singh Airee,2019-2026
23121,Jack Jarvis,J Jarvis,exact_name,2024-2024,gt20_canada,Jack Jarvis,2024-2026
12140,Rohit Paudel,RK Paudel,first+surname,2024-2024,gt20_canada,Rohit Kumar Paudel,2019-2026
31911,Brandon McMullen,BJ McMullen,exact_name,2024-2025,gt20_canada t10_abu_dhabi,Brandon McMullen,2023-2026
8025,Junaid Siddiqui,Junaid Siddiqui,exact_name,2018-2024,gt20_canada,Junaid Siddiqui,2012-2024
8367,Mohammad Nawaz,Mohammad Nawaz (3),exact_name,2018-2024,gt20_canada t10_abu_dhabi,Mohammad Nawaz,2016-2026
9877,Armaan Kapoor,A Kapoor,exact_name,2023-2024,gt20_canada,Armaan Kapoor,2022-2022
47245,Parveen Kumar,Parveen Kumar,exact_name,2023-2024,gt20_canada,Parveen Kumar,2023-2026
9983,Logan van Beek,LV van Beek,team_context,2015-2024,gt20_canada super_smash t20_blast,Logan Verjus van Beek,2014-2026
18143,Curtis Campher,C Campher,exact_name,2021-2024,gt20_canada t10_abu_dhabi,Curtis Campher,2020-2026
1398,Richie Berrington,Richie Berrington,new,2019-2024,gt20_canada,,
13425,Rishiv Ragav Joshi,RR Joshi,exact_name,2024-2024,gt20_canada,Rishiv Ragav Joshi,2021-2024
7973,Gerhard Erasmus,MG Erasmus,unique_surname,2021-2024,gt20_canada uae_summer_t20_bash,Merwe Gerhard Erasmus,2019-2026
19081,Khalid Shah,Khalid Shah,exact_name,2021-2024,gt20_canada t10_abu_dhabi,Khalid Shah,2023-2025
15823,Harmandeep Singh,Harmandeep Singh,new,2019-2024,gt20_canada t10_qatar,,
9230,Nikhil Dutta,N Dutta,exact_name,2018-2024,gt20_canada,Nikhil Dutta,2015-2024
1902,Jaskaran Singh,Jaskaran Singh,exact_name,2023-2024,gt20_canada,Jaskaran Singh Buttar,2009-2026
9979,Babar Hayat,Babar Hayat,exact_name,2016-2019,gt20_canada hk_t20_blitz t10_qatar,Babar Hayat,2014-2026
1057,Southee,TG Southee,team_context,2016-2023,gt20_canada super_smash,Timothy Grant Southee,2008-2025
13802,Umair Ghani,Umair Ghani,new,2018-2019,gt20_canada,,
9980,Nizakat Khan,Nizakat Khan,exact_name,2016-2018,gt20_canada hk_t20_blitz,Nizakat Khan,2014-2026
13065,Tion Webster,Tion Webster,new,2018-2021,gt20_canada t10_abu_dhabi,,
7631,George Worker,GH Worker,register,2015-2024,gt20_canada legends_llc super_smash,George Herrick Worker,2014-2024
13566,Satsimranjit Dhindsa,Satsimranjit Dhindsa,new,2018-2019,gt20_canada,,
10101,Agha Salman,Agha Salman,exact_name,2018-2018,gt20_canada,,2018-2026
9871,Abraash Khan,Abraash Khan,exact_name,2018-2019,gt20_canada,Muhammad Abraash Khan,2019-2019
7621,Mohammad Irfan,Mohammad Irfan (cb7621),new,2018-2024,gt20_canada hk_t20_blitz legends_legends_cricket_trophy t10_abu_dhabi t10_zim_afro,,
13775,Derval Green,DC Green,first+surname,2018-2018,gt20_canada,Derval Charles Green,2019-2019
8433,Justin Greaves,JP Greaves,first+surname,2018-2018,gt20_canada,Justin Pierre Greaves,2019-2026
13804,Kyle Phillip,Kyle Phillip,new,2018-2019,gt20_canada,,
9837,Shaiman Anwar,Shaiman Anwar,exact_name,2018-2019,gt20_canada t10_abu_dhabi,Shaiman Anwar Butt,2014-2019
8434,Kavem Hodge,KAR Hodge,first+surname,2018-2018,gt20_canada,Kavem Ajoel Rakem Hodge,2018-2020
13740,Kamau Leverock,KS Leverock,first+surname,2018-2026,gt20_canada legends_llc,Kamau Sadiki Leverock,2019-2023
8699,I Khaleel,I Khaleel,exact_name,2018-2018,gt20_canada,,2018-2018
13851,Dhaliwal,Dhaliwal,new,2018-2018,gt20_canada,,
9548,Pervez,Pervez,new,2018-2023,gt20_canada,,
9828,Ahmed Raza,Ahmed Raza,exact_name,2018-2022,gt20_canada t10_abu_dhabi uae_summer_t20_bash,,2014-2022
3289,H Patel,H Patel,exact_name,2018-2018,gt20_canada,,2010-2021
14808,Rodrigo Thomas,Rodrigo Thomas,new,2019-2019,gt20_canada,,
69,Yuvraj Singh,Yuvraj Singh,exact_name,2017-2025,gt20_canada legends_international_masters_league_t20 legends_legends_cricket_trophy legends_road_safety legends_wcl sma t10_abu_dhabi,Yuvraj Singh,2007-2023
15132,Mark Montfort,MR Montfort,first+surname,2019-2019,gt20_canada,Mark Rondell Montfort,2019-2019
9547,Nazar,Nazar,new,2019-2019,gt20_canada,,
9885,JJ Smit,JJ Smit,exact_name,2019-2023,gt20_canada uae_summer_t20_bash,Johannes Jonathan Smit,2019-2026
10429,Tobias Visee,TP Visee,first+surname,2019-2019,gt20_canada,Tobias Pepijn Visee,2015-2021
9365,M Cross,M Cross,new,2019-2019,gt20_canada,,
15304,Bupinder Singh,Bupinder Singh,new,2019-2019,gt20_canada,,
1827,Sunny Sohal,S Sohal,exact_name,2019-2019,gt20_canada,Sunny Sohal,2008-2019
13565,Navneet Dhaliwal,NS Dhaliwal,first+surname,2019-2023,gt20_canada,Navneet Singh Dhaliwal,2019-2026
8983,Neesham,JDS Neesham,team_context,2015-2024,gt20_canada super_smash t10_abu_dhabi t10_zim_afro,James Douglas Sheahan Neesham,2012-2026
7966,Safyaan Sharif,SM Sharif,first+surname,2019-2019,gt20_canada,Safyaan Mohammed Sharif,2012-2026
10035,Anshuman Rath,Anshuman Rath (cb10035),new,2017-2022,gt20_canada hk_t20_blitz sma,,
11240,Akash Gill,Akash Gill,new,2019-2019,gt20_canada,,
1358,Manpreet Gony,MS Gony,first+surname,2017-2025,gt20_canada legends_asian_legends_league legends_legends_cricket_trophy legends_llc legends_road_safety sma t10_qatar,Manpreet Singh Gony,2008-2020
1051,Wahab Riaz,Wahab Riaz,exact_name,2012-2025,gt20_canada hk_t20_blitz legends_wcl slpl t10_abu_dhabi,Wahab Riaz,2008-2023
15307,Nawab Singh,Nawab Singh,new,2019-2023,gt20_canada,,
9829,Chirag Suri,Chirag Suri,exact_name,2018-2022,gt20_canada t10_abu_dhabi uae_summer_t20_bash,Chirag Suri,2018-2023
14810,Varun Sehdev,Varun Sehdev,new,2019-2019,gt20_canada,,
9511,Scott Kuggeleijn,SC Kuggeleijn,team_context,2015-2019,gt20_canada super_smash,Scott Christopher Kuggeleijn,2013-2026
1422,Ruvindu Gunasekera,R Gunasekera,exact_name,2019-2019,gt20_canada,Ruvindu Gunasekera,2012-2013
6245,Dinesh Chandimal,LD Chandimal,unique_surname,2012-2025,gt20_canada slpl super_provincial_t20_tournament t10_abu_dhabi t10_lanka,Lokuge Dinesh Chandimal,2010-2026
13959,Hayden Walsh,HR Walsh,first+surname,2019-2019,gt20_canada t10_abu_dhabi,Hayden Rashidi Walsh,2018-2024
9970,Sompal Kami,Sompal Kami,exact_name,2019-2021,gt20_canada t10_abu_dhabi,Sompal Kami,2014-2026
3053,Evans,Evans,new,2019-2019,gt20_canada,,
14558,Azam Khan,Azam Khan,exact_name,2021-2025,gt20_canada t10_abu_dhabi,,2019-2026
8522,Jan Frylinck,JN Frylinck,team_context,2021-2023,gt20_canada uae_summer_t20_bash,Jan Nicolaas Frylinck,2019-2026
15133,Shahid Ahmadzai,Shahid Ahmadzai,exact_name,2023-2023,gt20_canada,Shahid Ahmadzai,2025-2025
9804,Hussain Talat,Hussain Talat,exact_name,2018-2023,gt20_canada hk_t20_blitz t10_qatar,Mohammad Hussain Talat,2017-2026
9976,Chapman,MS Chapman,register,2015-2024,gt20_canada super_smash t10_zim_afro,Mark Sinclair Chapman,2014-2026
8081,Colin de Grandhomme,C de Grandhomme,exact_name,2012-2026,gt20_canada legends_legends_cricket_trophy legends_llc legends_world_legends_pro_t20_league slpl super_smash,Colin de Grandhomme,2012-2023
23991,Zaman Khan,Zaman Khan,exact_name,2023-2025,gt20_canada t10_abu_dhabi,Zaman Khan,2022-2026
14282,Fazalhaq Farooqi,Fazalhaq Farooqi,exact_name,2021-2025,gt20_canada t10_abu_dhabi,Fazalhaq Farooqi,2022-2026
47266,Sarmad Anwar,Sarmad Anwar,new,2023-2023,gt20_canada,,
10863,Fakhar Zaman,Fakhar Zaman,exact_name,2023-2023,gt20_canada,Fakhar Zaman,2017-2026
10453,Jatinder Singh,Jatinder Singh,exact_name,2023-2023,gt20_canada,Jatinder Singh,2015-2026
13805,Ammar Khalid,Ammar Khalid,exact_name,2023-2023,gt20_canada,Ammar Khalid,2022-2022
10769,Bernard Scholtz,BM Scholtz,team_context,2021-2023,gt20_canada uae_summer_t20_bash,Bernard Martinus Scholtz,2019-2026
15034,Abbas Afridi,Abbas Afridi,exact_name,2023-2025,gt20_canada t10_abu_dhabi,Muhammad Abbas Afridi,2021-2026
13570,Srimantha Wijeratne,SA Wijeratne,unique_surname,2023-2023,gt20_canada,,2019-2024
9873,Farhan Malik,Farhan Malik,new,2023-2023,gt20_canada,,
23581,Sheel Patel,Sheel Patel,new,2023-2023,gt20_canada,,
10424,Max ODowd,MP O'Dowd,unique_surname,2023-2023,gt20_canada,Maxwell Patrick O'Dowd,2015-2026
16146,Muhammad Kamal,Muhammad Kamal,new,2023-2023,gt20_canada,,
14230,Meiyappan,Meiyappan,new,2021-2025,gt20_canada t10_abu_dhabi tnpl,,
9468,Mohammad Rizwan,Mohammad Rizwan,exact_name,2023-2023,gt20_canada,,2015-2026
11033,Ayaan Khan,Ayaan Khan,new,2022-2026,gt20_canada legends_asian_legends_league legends_world_legends_pro_t20_league t10_abu_dhabi,,
20513,Akif Raja,Akif Raja,exact_name,2022-2023,gt20_canada t10_abu_dhabi,Raja Akifullah Khan,2021-2025
16137,Mihir Patel,Mihir Patel,exact_name,2023-2023,gt20_canada,Mihir Patel,2025-2025
12452,Abhijeet Garg,Abhijeet Garg,new,2017-2026,haryana_premier_league sher_e_punjab_t20_league,,
12354,Rahul Rana,Rahul Rana,new,2017-2017,haryana_premier_league,,
12453,Jatin Sandhir,Jatin Sandhir,new,2017-2017,haryana_premier_league,,
12353,Yogesh Malik,Yogesh Malik,new,2017-2017,haryana_premier_league,,
12360,Sansar Bali,Sansar Bali,new,2017-2017,haryana_premier_league,,
12352,Sidharth Khandelwal,Sidharth Khandelwal,new,2017-2017,haryana_premier_league,,
12358,Varinder Khaushik,Varinder Khaushik,new,2017-2017,haryana_premier_league,,
12361,Sunil Selwal,Sunil Selwal,new,2017-2017,haryana_premier_league,,
12438,Anil Kumar,Anil Kumar,new,2017-2017,haryana_premier_league,,
12086,Abhishek Sharma,Abhishek Sharma,exact_name,2017-2026,haryana_premier_league sher_e_punjab_t20_league sma,Abhishek Sharma,2018-2026
12357,Saurabh Bharti,Saurabh Bharti,new,2017-2017,haryana_premier_league,,
12449,Manoj Dagar,Manoj Dagar,new,2017-2017,haryana_premier_league,,
12368,Rajat Garg,Rajat Garg,new,2017-2017,haryana_premier_league,,
12446,Shiva Yadav,Shiva Yadav,new,2017-2017,haryana_premier_league,,
12371,Sandeep Kumar,Sandeep Kumar,new,2017-2017,haryana_premier_league,,
7912,Sarul Kanwar,Sarul Kanwar,exact_name,2017-2026,haryana_premier_league legends_asian_legends_league legends_llc legends_world_legends_pro_t20_league,,2018-2021
12451,Naved Hussain,Naved Hussain,new,2017-2017,haryana_premier_league,,
12450,Ashish Anjana,Ashish Anjana,new,2017-2017,haryana_premier_league,,
12367,Talwinder Singh,Talwinder Singh,new,2017-2017,haryana_premier_league,,
12448,Kapil Kumar,Kapil Kumar (cb12448),new,2017-2017,haryana_premier_league,,
12447,Kapil Mehta,Kapil Mehta,new,2017-2017,haryana_premier_league,,
10802,Siddharth Dobal,SS Dobal,unique_surname,2017-2017,haryana_premier_league rajputana_premier_league,,2016-2016
12465,Pardeep Yadav,Pardeep Yadav (cb12465),new,2017-2017,haryana_premier_league,,
12350,Rahul Choudhary Jr,RB Bishnoi Jr,unique_surname,2017-2017,haryana_premier_league,,2021-2023
12392,Rahul Choudhary,Rahul Choudhary,new,2017-2017,haryana_premier_league,,
12464,Deepak Sangwan,Deepak Sangwan,new,2017-2017,haryana_premier_league,,
12383,Nipun Gupta,Nipun Gupta,new,2017-2017,haryana_premier_league,,
12380,Yuvraj Yadav,Yuvraj Yadav,new,2017-2017,haryana_premier_league,,
12370,Naveen Bulada,Naveen Bulada,new,2017-2017,haryana_premier_league,,
12386,Karan Partap Singh,Karan Partap Singh,new,2017-2017,haryana_premier_league,,
12409,Vikas Bamel,Vikas Bamel,new,2017-2017,haryana_premier_league,,
12382,Anish Ahmad,Anish Ahmad,new,2017-2017,haryana_premier_league,,
12391,Amit Choudhary,Amit Choudhary,new,2017-2017,haryana_premier_league,,
12466,Devinder Singh,Devinder Singh,new,2017-2017,haryana_premier_league,,
12400,Arindam Punia,Arindam Punia,new,2017-2017,haryana_premier_league,,
12460,Rahul Singh,Rahul Singh,exact_name,2017-2023,haryana_premier_league sma,,2018-2023
12369,Newab Cheema,Newab Cheema,new,2017-2017,haryana_premier_league,,
12462,Harmanvir Singh,Harmanvir Singh,new,2017-2017,haryana_premier_league,,
12394,Micheal Vishal,Micheal Vishal,new,2017-2017,haryana_premier_league,,
12458,Yatin Mehta,Yatin Mehta,new,2017-2017,haryana_premier_league,,
12408,Ujjwal Noor,Ujjwal Noor,new,2017-2017,haryana_premier_league,,
8700,Gurkirat Ahluwalia,Gurkirat Ahluwalia,new,2017-2017,haryana_premier_league,,
12395,Krishan Khatri,Krishan Khatri,new,2017-2017,haryana_premier_league,,
12461,Subham Sharma,Subham Sharma,new,2017-2017,haryana_premier_league,,
12412,Simrat Bawa,Simrat Bawa,new,2017-2017,haryana_premier_league,,
12505,Navansh Aggarwal,Navansh Aggarwal,new,2017-2017,haryana_premier_league,,
12422,Hardeep Malik,Hardeep Malik,new,2017-2017,haryana_premier_league,,
12426,Ankit Kumar,Ankit Kumar,exact_name,2017-2017,haryana_premier_league,,2019-2023
12506,Tajinder Singh,Tajinder Singh,exact_name,2017-2017,haryana_premier_league,,2018-2026
12507,Mohit Bhardwaj,Mohit Bhardwaj,new,2017-2017,haryana_premier_league,,
12496,Amit Kumar,Amit Kumar,exact_name,2017-2017,haryana_premier_league,,2013-2013
12424,Mohit Singh,Mohit Singh,new,2017-2017,haryana_premier_league,,
12428,Ashish Rawat,Ashish Rawat,new,2017-2017,haryana_premier_league,,
12504,Vishwas Khatak,Vishwas Khatak,new,2017-2017,haryana_premier_league,,
12509,Amrinder Singh,Amrinder Singh,new,2017-2017,haryana_premier_league,,
12385,Aman Bharti,Aman Bharti (cb12385),new,2017-2017,haryana_premier_league,,
12442,Vikas Uchitra,Vikas Uchitra,new,2017-2017,haryana_premier_league,,
12429,Bhagwinder,Bhagwinder,new,2017-2017,haryana_premier_league,,
11059,Akash Sudan,Akash Sudan,exact_name,2017-2023,haryana_premier_league sma,,2016-2016
12430,Ankush Dhariwal,Ankush Dhariwal,new,2017-2017,haryana_premier_league,,
12477,Ramandeep Singh,Ramandeep Singh,exact_name,2017-2017,haryana_premier_league,Ramandeep Singh,2021-2026
12436,Abhishek Sangwan,Abhishek Sangwan,new,2017-2017,haryana_premier_league,,
12475,Sagar Babber,Sagar Babber,new,2017-2017,haryana_premier_league,,
12431,Vishal Thind,Vishal Thind,new,2017-2017,haryana_premier_league,,
12433,Meheep Rawat,Meheep Rawat,new,2017-2017,haryana_premier_league,,
12441,Jagroop Singh,Jagroop Singh,new,2017-2017,haryana_premier_league,,
12538,Ramanjeet Singh,Ramanjeet Singh,new,2017-2017,haryana_premier_league,,
12539,Kulveer Singh,Kulveer Singh,new,2017-2017,haryana_premier_league,,
12407,Mandeep Singh Gill,Mandeep Singh Gill,new,2017-2017,haryana_premier_league,,
12404,Aprawal Yadav,Aprawal Yadav,new,2017-2017,haryana_premier_league,,
12537,Anuj Chaprana,Anuj Chaprana,new,2017-2017,haryana_premier_league,,
12397,Gaurav Singh,Gaurav Singh,exact_name,2017-2017,haryana_premier_league,,2019-2019
12540,Rupesh Rathi,Rupesh Rathi,new,2017-2017,haryana_premier_league,,
12492,Mohit Singla,Mohit Singla,new,2017-2017,haryana_premier_league,,
12547,Deepak,Deepak,new,2017-2017,haryana_premier_league,,
12544,Pardeep Tanwar,Pardeep Tanwar,new,2017-2017,haryana_premier_league,,
12543,Deepender Chauhan,Deepender Chauhan,new,2017-2017,haryana_premier_league,,
12541,Saurav Shrivastava,Saurav Shrivastava,new,2017-2017,haryana_premier_league,,
12542,Rahul Khattar,Rahul Khattar,new,2017-2017,haryana_premier_league,,
12545,Shiva Bhel,Shiva Bhel,new,2017-2017,haryana_premier_league,,
12546,Sahil Singla,Sahil Singla,new,2017-2017,haryana_premier_league,,
12549,Vikas kadyan,Vikas kadyan,new,2017-2017,haryana_premier_league,,
12550,Harry Walia,Harry Walia,new,2017-2017,haryana_premier_league,,
12440,Rishu Chopra,Rishu Chopra,new,2017-2017,haryana_premier_league,,
12523,Sarun Kanwar,Sarun Kanwar,new,2017-2017,haryana_premier_league,,
12366,Bhagat Singh,Bhagat Singh,new,2017-2017,haryana_premier_league,,
9031,Babul Kumar,Babul Kumar,exact_name,2017-2023,haryana_premier_league sma,,2019-2022
12532,Subham Sharma,Subham Sharma (cb12532),new,2017-2017,haryana_premier_league,,
12373,Karan Sharma,KS Sharma,first+surname,2017-2017,haryana_premier_league,Karan Sunny Sharma,2021-2024
12524,Chetan,Chetan,new,2017-2017,haryana_premier_league,,
12558,Shubham Chand,Shubham Chand,new,2017-2017,haryana_premier_league,,
12557,Shasya Jamwal,Shasya Jamwal,new,2017-2017,haryana_premier_league,,
12470,Nipun Naryan Bhargav,Nipun Naryan Bhargav,new,2017-2017,haryana_premier_league,,
12388,Parbhanoor Bhalla,Parbhanoor Bhalla,new,2017-2017,haryana_premier_league,,
12563,Rajesh,Rajesh,new,2017-2017,haryana_premier_league,,
12381,Vishesh Malhotra,Vishesh Malhotra,new,2017-2017,haryana_premier_league,,
12425,Somveer,Somveer,new,2017-2017,haryana_premier_league,,
12562,Kuldeep Singh,Kuldeep Singh (cb12562),new,2017-2017,haryana_premier_league,,
12417,Kanwar Raheja,Kanwar Raheja,new,2017-2017,haryana_premier_league,,
12508,Neeraj Raj Rana,Neeraj Raj Rana,new,2017-2017,haryana_premier_league,,
12569,Syed Saif,Syed Saif,new,2017-2017,haryana_premier_league,,
12570,Harsh Kumar,Harsh Kumar,new,2017-2017,haryana_premier_league,,
12533,Pawan Kumar,Pawan Kumar,new,2017-2017,haryana_premier_league,,
12405,Aman Budhwan,Aman Budhwan,new,2017-2017,haryana_premier_league,,
12387,Dhruv Parashar,Dhruv Parashar,new,2017-2017,haryana_premier_league,,
12574,Ramesh Panchal,Ramesh Panchal,new,2017-2017,haryana_premier_league,,
12576,Surender,Surender,new,2017-2017,haryana_premier_league,,
12585,Prince,Prince,new,2017-2017,haryana_premier_league,,
12577,Babby Sham,Babby Sham,new,2017-2017,haryana_premier_league,,
12579,Sagar Mahant,Sagar Mahant,new,2017-2017,haryana_premier_league,,
12575,Rohit Saini,Rohit Saini,new,2017-2017,haryana_premier_league,,
12578,Lalit  Bhardwaj,Lalit  Bhardwaj,new,2017-2017,haryana_premier_league,,
12590,Ashish,Ashish,new,2017-2017,haryana_premier_league,,
12589,Vaibhav,Vaibhav,new,2017-2017,haryana_premier_league,,
12582,Shivam Sharma,Shivam Sharma (cb12582),new,2017-2017,haryana_premier_league,,
12584,Karan Gupta,Karan Gupta,new,2017-2017,haryana_premier_league,,
12591,Hitesh Yadav,Hitesh Yadav,exact_name,2017-2026,haryana_premier_league tg20,,2021-2021
12583,Pawan Chandel,Pawan Chandel,new,2017-2017,haryana_premier_league,,
12588,Nitin Kamboj,Nitin Kamboj,new,2017-2017,haryana_premier_league,,
12581,Pradeep,Pradeep,new,2017-2017,haryana_premier_league,,
12593,Gurbaksh Singh Khaira,Gurbaksh Singh Khaira,new,2017-2017,haryana_premier_league,,
12415,Lokesh Mehta,Lokesh Mehta,new,2017-2017,haryana_premier_league,,
12600,Parvinder Manhera,Parvinder Manhera,new,2017-2017,haryana_premier_league,,
12502,Ajay Singh,Ajay Singh,new,2017-2017,haryana_premier_league,,
12499,Madhur,Madhur,new,2017-2017,haryana_premier_league,,
12602,Aminderjit Singh,Aminderjit Singh,new,2017-2017,haryana_premier_league,,
12396,Manish Saini,Manish Saini,new,2017-2017,haryana_premier_league,,
12420,Nitin Alambyan,Nitin Alambyan,new,2017-2017,haryana_premier_league,,
12608,Praveen Kumar,Praveen Kumar,new,2017-2017,haryana_premier_league,,
12609,Charanjeet,Charanjeet,new,2017-2017,haryana_premier_league,,
12607,Sharanjeet,Sharanjeet,new,2017-2017,haryana_premier_league,,
12580,Sumit Chawla,Sumit Chawla,new,2017-2017,haryana_premier_league,,
12610,Aziz Khan,Aziz Khan,new,2017-2017,haryana_premier_league,,
12534,Ranjit Singh,Ranjit Singh (cb12534),new,2017-2017,haryana_premier_league,,
12611,Rahul Nayar,Rahul Nayar,new,2017-2017,haryana_premier_league,,
12615,Zuhaib,Zuhaib,new,2017-2017,haryana_premier_league,,
12616,Mohammad Azahruddin,Mohammad Azahruddin,new,2017-2017,haryana_premier_league,,
12474,Vijay Kumar,Vijay Kumar,new,2017-2017,haryana_premier_league,,
12613,Amar Karanwal,Amar Karanwal,new,2017-2017,haryana_premier_league,,
12614,Sandeep Yadav,Sandeep Yadav,new,2017-2017,haryana_premier_league,,
12522,Jaskaran Butter,Jaskaran Butter,new,2017-2017,haryana_premier_league,,
12617,Pradeep,Pradeep (cb12617),new,2017-2017,haryana_premier_league,,
12618,Kishni,Kishni,new,2017-2017,haryana_premier_league,,
12486,Sandeep Singh,Sandeep Singh,new,2017-2017,haryana_premier_league,,
12631,Rohit Rathi,Rohit Rathi,new,2017-2017,haryana_premier_league,,
10206,Anas Khan,Anas Khan,exact_name,2016-2016,hk_t20_blitz,Anas Khan,2014-2026
1384,Munir Dar,Munir Dar,exact_name,2016-2018,hk_t20_blitz,Munir Ahmed Dar,2014-2014
11469,Mohammad Awais,Mohammad Awais,new,2016-2017,hk_t20_blitz,,
10208,Waqas Khan,Waqas Khan,exact_name,2016-2018,hk_t20_blitz,Waqas Khan,2015-2020
11472,Sikandar Zafar,Sikandar Zafar,new,2016-2016,hk_t20_blitz,,
10155,Li Kai Ming,Li Kai Ming,new,2016-2018,hk_t20_blitz,,
11470,Mohsin Khan,Mohsin Khan,exact_name,2016-2016,hk_t20_blitz,Mohsin Khan,2018-2026
10192,Muhammad Khan,Muhammad Khan (cb10192),new,2016-2016,hk_t20_blitz,,
11465,Niaz Ali,Niaz Ali,exact_name,2016-2017,hk_t20_blitz,Niaz Ali,2023-2023
11468,Neelmani Kumar,Neelmani Kumar,new,2016-2016,hk_t20_blitz,,
11467,Amandeep Singh,Amandeep Singh,exact_name,2016-2018,hk_t20_blitz,Amandeep Singh,2021-2025
11461,Jangzeb Khan,Jangzeb Khan,new,2016-2016,hk_t20_blitz,,
11463,Uzair Khan,Uzair Khan (cb11463),new,2016-2016,hk_t20_blitz,,
11462,Mudassar Hussain,Mudassar Hussain,new,2016-2018,hk_t20_blitz,,
10036,Manjinder Singh,Manjinder Singh,exact_name,2016-2018,hk_t20_blitz,,2019-2019
7637,Jonathan Foo,JA Foo,first+surname,2016-2024,hk_t20_blitz legends_legends_cricket_trophy,Jonathan Alexander Foo,2016-2017
10793,Christopher Carter,C Carter,exact_name,2016-2018,hk_t20_blitz,Christopher Carter,2015-2017
9981,Kinchit Shah,KD Shah,first+surname,2016-2018,hk_t20_blitz,Kinchit Devang Shah,2014-2025
11458,Ankur Vasishta Sharma,Ankur Vasishta Sharma,new,2016-2017,hk_t20_blitz,,
11466,Hiren Patel,Hiren Patel,new,2016-2016,hk_t20_blitz,,
9982,Tanwir Afzal,Tanwir Afzal,exact_name,2016-2018,hk_t20_blitz,Tanwir Afzal,2014-2016
10156,Adil Mehmood,Adil Mehmood,new,2016-2016,hk_t20_blitz,,
1385,Nadeem Ahmed,Nadeem Ahmed,exact_name,2016-2018,hk_t20_blitz,Nadeem Ahmed,2014-2017
11485,Ehsan Khan,Ehsan Khan,exact_name,2016-2018,hk_t20_blitz,Ehsan Khan,2016-2026
1378,Jamie Atkinson,Jamie Atkinson,new,2016-2018,hk_t20_blitz,,
7962,Michael Swart,Michael Swart,new,2016-2016,hk_t20_blitz,,
1382,Courtney Kruger,Courtney Kruger,new,2016-2017,hk_t20_blitz,,
11486,Raag Kapur,Raag Kapur,exact_name,2016-2018,hk_t20_blitz,Raag Kapur,2019-2023
9974,Waqas Barkat,Waqas Barkat,exact_name,2016-2018,hk_t20_blitz,Waqas Barkat,2014-2025
4768,Ryan Campbell,RJ Campbell,first+surname,2016-2016,hk_t20_blitz,Ryan John Campbell,2016-2016
138,Michael Clarke,MJ Clarke,first+surname,2016-2016,hk_t20_blitz,Michael John Clarke,2005-2012
11478,Scott McKechnie,SS McKechnie,first+surname,2016-2018,hk_t20_blitz,Scott Stephen McKechnie,2019-2023
7993,Simon Cook,Simon Cook,new,2016-2016,hk_t20_blitz,,
11480,Simandeep Singh,Simandeep Singh,exact_name,2016-2018,hk_t20_blitz,Simandeep Pansotra Singh,2019-2019
11479,Shahid Wasif,Shahid Wasif,exact_name,2016-2018,hk_t20_blitz,Shahid Wasif,2016-2026
1386,Najeeb Amar,Najeeb Amar,exact_name,2016-2016,hk_t20_blitz,Najeeb Amar,2014-2014
11475,Ashley Caddy,Ashley Caddy,new,2016-2017,hk_t20_blitz,,
11342,Tanveer Ahmed,Tanveer Ahmed,exact_name,2016-2018,hk_t20_blitz,Tanveer Ahmed,2016-2017
10817,Ninad Shah,Ninad Shah,new,2016-2018,hk_t20_blitz,,
11460,Farooq Saeed,Farooq Saeed,new,2016-2016,hk_t20_blitz,,
11476,Tim Cutler,Tim Cutler,new,2016-2016,hk_t20_blitz,,
1387,Skhawat Ali,Skhawat Ali,new,2017-2017,hk_t20_blitz,,
6503,A Rafiq,A Rafiq,new,2017-2017,hk_t20_blitz,,
9978,H Amjad,H Amjad,new,2017-2017,hk_t20_blitz,,
10120,Assad Vala,A Vala,unique_surname,2017-2017,hk_t20_blitz,,2015-2026
583,Ryder,JD Ryder,register,2015-2024,hk_t20_blitz legends_legends_cricket_trophy legends_llc super_smash,Jesse Daniel Ryder,2008-2018
12698,Arshad Mohammad,Arshad Mohammad,new,2017-2018,hk_t20_blitz,,
11473,Mohammad Ishaq,Mohammad Ishaq,new,2017-2017,hk_t20_blitz,,
6695,Imran Arif,Imran Arif,exact_name,2017-2018,hk_t20_blitz,Imran Arif,2021-2021
9975,Aizaz Khan,Aizaz Khan,exact_name,2017-2018,hk_t20_blitz,Aizaz Mohammad Khan,2014-2026
12701,Gareth Harte,GJ Harte,team_context,2017-2019,hk_t20_blitz t20_blast,,2017-2019
9327,R Buckley,R Buckley,new,2017-2018,hk_t20_blitz,,
9977,Nawaz,Nawaz,new,2017-2018,hk_t20_blitz,,
11482,Ahsan Abbasi,Ahsan Abbasi,exact_name,2017-2018,hk_t20_blitz,Ahsan Ali Abbasi,2019-2019
274,Misbah-ul-Haq,Misbah-ul-Haq,exact_name,2012-2024,hk_t20_blitz legends_llc legends_wcl slpl,Misbah-ul-Haq Khan Niazi,2007-2019
11895,Kyle Christie,K Christie,exact_name,2017-2018,hk_t20_blitz,Kyle Christie,2019-2019
12705,R Cains,R Cains,new,2017-2017,hk_t20_blitz,,
12704,Dan Pascoe,Dan Pascoe,new,2017-2018,hk_t20_blitz,,
12706,Karandeep Singh,Karandeep Singh,new,2017-2017,hk_t20_blitz,,
10034,Ankur Sharma,Ankur Sharma,new,2017-2017,hk_t20_blitz,,
12699,Isaac Poole,Isaac Poole,new,2017-2017,hk_t20_blitz,,
13554,Yasim Murtaza,Yasim Murtaza,exact_name,2018-2018,hk_t20_blitz,Yasim Murtaza,2022-2026
13552,Zeeshan Ali,Zeeshan Ali,exact_name,2018-2018,hk_t20_blitz,,2022-2026
12697,Jason Lui,Jason Lui,exact_name,2018-2018,hk_t20_blitz,Jason Lui,2024-2024
1414,Samit Patel,SR Patel,team_context,2017-2026,hk_t20_blitz legends_llc legends_wcl legends_world_legends_pro_t20_league super_smash t10_abu_dhabi t10_zim_afro t20_blast,Samit Rohit Patel,2011-2025
13558,Adeel Shafique,Adeel Shafique,new,2018-2018,hk_t20_blitz,,
11459,Daniyal Bukhari,Daniyal Bukhari,new,2018-2019,hk_t20_blitz t10_qatar,,
11483,Balal Muhammad,Balal Muhammad,new,2018-2018,hk_t20_blitz,,
11300,Ishtiaq Muhammad,Ishtiaq Muhammad,new,2018-2018,hk_t20_blitz,,
13564,Siegfried Wai,Siegfried Wai,new,2018-2018,hk_t20_blitz,,
13561,Damien Yee,Damien Yee,new,2018-2018,hk_t20_blitz,,
13597,Hamed Khan,Hamed Khan,exact_name,2018-2018,hk_t20_blitz,Hamed Khan,2020-2023
13551,Suhaib Ahmad,Suhaib Ahmad,new,2018-2018,hk_t20_blitz,,
11484,Sunny Bhimsaria,Sunny Bhimsaria,new,2018-2018,hk_t20_blitz,,
13556,Bobby Chan,Bobby Chan,new,2018-2018,hk_t20_blitz,,
34144,Suresh Sachin,Suresh Sachin,new,2025-2025,kerala_cricket_league,,
12253,Kunnummal,Rohan Kunnummal,team_context,2022-2025,kerala_cricket_league sma,,2019-2023
34466,Akhil Scaria,Akhil Scaria,new,2024-2025,kerala_cricket_league sma,,
51546,Maruthungal Ajinas,Maruthungal Ajinas,new,2023-2025,kerala_cricket_league sma,,
10332,Salman Nizar,Salman Nizar,exact_name,2023-2025,kerala_cricket_league sma,,2018-2023
9003,P Anfal,P Anfal,new,2025-2025,kerala_cricket_league,,
8712,Manu krishnan,Manu krishnan,new,2022-2025,kerala_cricket_league sma,,
1460684,Krishna Devan,Krishna Devan,new,2025-2025,kerala_cricket_league,,
1460692,Harikrishnan MU,Harikrishnan MU,new,2025-2025,kerala_cricket_league,,
13520,S Midhun,S Midhun,exact_name,2022-2025,kerala_cricket_league sma,Sudhesan Midhun,2018-2022
1460641,Akhil Dev,Akhil Dev,new,2025-2025,kerala_cricket_league,,
1460662,Ibnul Afthab,Ibnul Afthab,new,2025-2025,kerala_cricket_league,,
1460461,Biju Narayanan,Biju Narayanan,new,2025-2025,kerala_cricket_league sma,,
24331,Eden Apple,Eden Apple,new,2025-2025,kerala_cricket_league,,
1460465,Pavan Raj,Pavan Raj,new,2025-2025,kerala_cricket_league,,
21666,Sharafuddeen,Sharafuddeen,exact_name,2024-2025,kerala_cricket_league sma,,2021-2021
21536,M Sajeevan Akhil,M Sajeevan Akhil,new,2025-2025,kerala_cricket_league,,
1460487,Amal AG,Amal AG,new,2025-2025,kerala_cricket_league,,
8709,Sachin Baby,Sachin Baby,exact_name,2022-2025,kerala_cricket_league sma,Sachin Baby,2013-2022
11893,Vishnu Vinod,Vishnu Vinod,exact_name,2017-2025,kerala_cricket_league sma,Vishnu Vinod,2017-2026
1447269,Abhishek Nair,Abhishek Nair,new,2025-2025,kerala_cricket_league,,
14443,Vathsal Govind,Vathsal Govind,new,2025-2025,kerala_cricket_league,,
1460476,Rahul Sharma,Rahul Sharma,exact_name,2025-2025,kerala_cricket_league,,2019-2019
1460498,Ashik Muhammed,Al Bashid Muhammed,unique_surname,2025-2025,kerala_cricket_league,,2019-2023
1460376,Subin S,Subin S,new,2025-2025,kerala_cricket_league,,
32779,Krishna Prasad,Krishna Prasad,new,2022-2025,kerala_cricket_league sma,,
1460398,Riya Basheer,Riya Basheer,new,2025-2025,kerala_cricket_league,,
1460373,Govind Dev Pai,Govind Dev Pai,new,2025-2025,kerala_cricket_league,,
22466,Abdul Basith,Abdul Basith,exact_name,2022-2025,kerala_cricket_league sma,Pappanayil Abdul Basith,2022-2023
1460406,Nikhil M,Nikhil M,new,2025-2025,kerala_cricket_league,,
52656,Abhijith Praveen V,Abhijith Praveen V,new,2025-2025,kerala_cricket_league,,
1460410,Sanjeev Satheresan,Sanjeev Satheresan,new,2025-2025,kerala_cricket_league,,
10267,Basil Thampi,Basil Thampi,exact_name,2017-2025,kerala_cricket_league sma,Basil Thampi,2016-2022
13608,Fazil Fanoos,Fazil Fanoos,new,2025-2025,kerala_cricket_league,,
1460387,Vinil TS,Vinil TS,new,2025-2025,kerala_cricket_league,,
1460421,Ajith V,Ajith V,new,2025-2025,kerala_cricket_league,,
1460640,Saly Samson,SV Samson,team_context,2025-2025,kerala_cricket_league sma,,2013-2026
52029,Akhin Sathar,Akhin Sathar,new,2025-2025,kerala_cricket_league,,
13483,KM Asif,KM Asif,exact_name,2022-2025,kerala_cricket_league sma,KM Asif,2018-2023
1460549,Jerin PS,Jerin PS,new,2025-2025,kerala_cricket_league,,
1460597,Rakesh KJ,Rakesh KJ,new,2025-2025,kerala_cricket_league,,
1460615,Muhammad Ashik,Muhammad Ashik,new,2025-2025,kerala_cricket_league,,
1460619,Alfi Francis John,Alfi Francis John,new,2025-2025,kerala_cricket_league,,
1460607,Jobin Joby,Jobin Joby,new,2025-2025,kerala_cricket_league,,
9619,Vinoop Manoharan,Vinoop Manoharan,exact_name,2025-2025,kerala_cricket_league,,2016-2019
1460564,Muhammed Shanu,Muhammed Shanu,new,2025-2025,kerala_cricket_league,,
8271,Samson,SV Samson,team_context,2022-2025,kerala_cricket_league sma,,2013-2026
1460542,Nikhil Thottath,Nikhil Thottath,new,2025-2025,kerala_cricket_league,,
10320,Akshay Chandran,Akshay Chandran,exact_name,2025-2025,kerala_cricket_league,,2019-2021
8107,Jalaj Saxena,Jalaj S Saxena,team_context,2023-2025,kerala_cricket_league sma,,2016-2023
10809,Azharuddeen,Mohammed Azharuddeen,team_context,2022-2025,kerala_cricket_league sma,,2016-2022
1460344,Abhishek P Nair,Abhishek P Nair,new,2025-2025,kerala_cricket_league,,
1460299,Anuj Jotin,Anuj Jotin,new,2025-2025,kerala_cricket_league,,
1460277,Akshay TK,Akshay TK,new,2025-2025,kerala_cricket_league,,
1460321,Sreeroop MP,Sreeroop MP,new,2025-2025,kerala_cricket_league,,
1460322,Balu Babu,Balu Babu,new,2025-2025,kerala_cricket_league,,
1460296,Aadithya Baiju,Aadithya Baiju,new,2025-2025,kerala_cricket_league,,
1460288,Sreehari S Nair,Sreehari S Nair,new,2025-2025,kerala_cricket_league,,
16702,Nedumankuzhy Basil,Nedumankuzhy Basil,new,2022-2025,kerala_cricket_league sma,,
1447337,Vignesh Puthur,V Puthur,exact_name,2025-2025,kerala_cricket_league sma,Vignesh Puthur,2025-2025
10315,MD Nidheesh,MD Nidheesh,exact_name,2024-2025,kerala_cricket_league sma,,2019-2021
1460769,Anand Joseph,Anand Joseph,new,2025-2025,kerala_cricket_league,,
1460717,Vinod Kumar CV,Vinod Kumar CV,new,2025-2025,kerala_cricket_league,,
1460773,Sibin Gireesh,Sibin Gireesh,new,2025-2025,kerala_cricket_league,,
12625,Sijomon,Sijomon,new,2022-2025,kerala_cricket_league sma,,
1460728,Mohammed Ishaque,Mohammed Ishaque,new,2025-2025,kerala_cricket_league,,
54420,Anand Krishnan,Anand Krishnan,new,2025-2025,kerala_cricket_league,,
1449265,Ahammed Imran,Ahammed Imran,new,2025-2025,kerala_cricket_league sma,,
24271,Shoun Roger,Shoun Roger,new,2022-2025,kerala_cricket_league sma,,
1460736,Akshay Manohar,A Manohar,unique_surname,2025-2025,kerala_cricket_league,,2021-2025
1460783,Arjun AK,Arjun AK,new,2025-2025,kerala_cricket_league,,
1460520,Vijay Vishwanath,Vijay Vishwanath,new,2025-2025,kerala_cricket_league,,
1460575,Vipul Shakti,Vipul Shakti,new,2025-2025,kerala_cricket_league,,
1460362,Arjun Suresh Nambiar,Arjun Suresh Nambiar,new,2025-2025,kerala_cricket_league,,
1460750,Vishnu Menon,Vishnu Menon,new,2025-2025,kerala_cricket_league,,
1460651,Monu Krishna,Monu Krishna,new,2025-2025,kerala_cricket_league,,
1460695,Shine John Jacob,Shine John Jacob,new,2025-2025,kerala_cricket_league,,
1460428,Asif Salam,Asif Salam,new,2025-2025,kerala_cricket_league,,
1460541,Ajayaghosh N S,Ajayaghosh N S,new,2025-2025,kerala_cricket_league,,
1460630,Akhil KG,Akhil KG,new,2025-2025,kerala_cricket_league,,
1460509,Sachin PS,Sachin PS,new,2025-2025,kerala_cricket_league,,
1460310,Rahul Chandran,Rahul Chandran,new,2025-2025,kerala_cricket_league,,
1460333,Arun KA,Arun KA,new,2025-2025,kerala_cricket_league,,
1460289,Mohammed Kaif,Mohammed Kaif,new,2025-2025,kerala_cricket_league,,
1460762,Ajinas K,Ajinas K,new,2025-2025,kerala_cricket_league,,
1460681,Preethish Pawan,Preethish Pawan,new,2025-2025,kerala_cricket_league,,
1460560,Ajeesh K,Ajeesh K,new,2025-2025,kerala_cricket_league,,
1460586,Afrad Nazar,Afrad Nazar,new,2025-2025,kerala_cricket_league,,
1460442,Advait Prince,Advait Prince,new,2025-2025,kerala_cricket_league,,
1430513,Mohamed Enaan,Mohamed Enaan,new,2025-2025,kerala_cricket_league,,
14592,Varun Nayanar,V Nayanar,team_context,2023-2025,kerala_cricket_league sma,,2023-2023
1460758,Adithya Vinod,Adithya Vinod,new,2025-2025,kerala_cricket_league,,
1462221,Ajith Vasudevan,Ajith Vasudevan,new,2025-2025,kerala_cricket_league,,
54413,Vishnu Raj,Vishnu Raj,new,2025-2025,kerala_cricket_league,,
1460453,Anantha Krishnan J,Anantha Krishnan J,new,2025-2025,kerala_cricket_league,,
1460439,Anuraj J S,Anuraj J S,new,2025-2025,kerala_cricket_league,,
1460355,Mohammed Nazil,Mohammed Nazil,new,2025-2025,kerala_cricket_league,,
1462488,Sreehari Nair,Sreehari Nair,new,2025-2025,kerala_cricket_league,,
1460739,Rohit K R,Rohit K R,new,2025-2025,kerala_cricket_league,,
1460703,Ameersha SN,Ameersha SN,new,2025-2025,kerala_cricket_league,,
1462518,Abhiram S,Abhiram S,new,2025-2025,kerala_cricket_league,,
1462544,Anoop G,Anoop G,new,2025-2025,kerala_cricket_league,,
21541,Pathirikattu Midhun,Pathirikattu Midhun,new,2023-2025,kerala_cricket_league sma,,
1462533,Jishnu A,Jishnu A,new,2025-2025,kerala_cricket_league,,
1462555,Akhil Sajeev,Akhil Sajeev,new,2025-2025,kerala_cricket_league,,
1462573,Akarsh AK,Akarsh AK,new,2025-2025,kerala_cricket_league,,
1460530,Jose S Perayil,Jose S Perayil,new,2025-2025,kerala_cricket_league,,
1460354,Akash Pillai,Akash Pillai,new,2025-2025,kerala_cricket_league,,
1462576,Adhi Abhilash,Adhi Abhilash,new,2025-2025,kerala_cricket_league,,
1462577,Adithya Mohan,Adithya Mohan,new,2025-2025,kerala_cricket_league,,
1460508,Bharath Soorya,Bharath Soorya,new,2025-2025,kerala_cricket_league,,
1460670,Ajith Raj,Ajith Raj,new,2025-2025,kerala_cricket_league,,
1462599,Sarath Prasad,Sarath Prasad,new,2025-2025,kerala_cricket_league,,
12023,Athif Bin Ashraf,Athif Bin Ashraf,new,2025-2025,kerala_cricket_league,,
1462588,Nazal P,Nazal P,new,2025-2025,kerala_cricket_league,,
1460772,Amal Ramesh,Amal Ramesh,new,2025-2025,kerala_cricket_league,,
1460791,Aju Paulose,Aju Paulose,new,2025-2025,kerala_cricket_league,,
10527,Rohit Sabharwal,Rohit Sabharwal,new,2015-2015,kpl,,
8257,Karun Nair,KK Nair,exact_name,2015-2026,kpl maharaja_trophy sma,Karun Nair,2013-2026
10224,Shishir Bhavane,Shishir Bhavane,new,2015-2022,kpl maharaja_trophy,,
2207,K C Avinash,K C Avinash,new,2010-2018,kpl,,
10478,Rohan Kadam,Rohan Kadam,exact_name,2015-2024,kpl maharaja_trophy sma,,2019-2021
10532,Arshdeep Singh Brar,Arshdeep Singh Brar,new,2015-2019,kpl,,
7711,Bhareth NP,Bhareth NP,new,2015-2019,kpl,,
8747,Udit Patel,Udit Patel,new,2015-2015,kpl sma,,
8734,Ronit More,RG More,first+surname,2015-2026,kpl maharaja_trophy sma,Ronit Gajanan More,2015-2021
10539,A Bhat,A Bhat,new,2015-2015,kpl,,
10586,Mitrakanth Yadav,Mitrakanth Yadav,new,2015-2024,kpl maharaja_trophy,,
10481,Stallin Hoover,Stallin Hoover,new,2015-2022,kpl maharaja_trophy,,
1449,Vinay Kumar,Vinay Kumar,new,2015-2025,kpl legends_international_masters_league_t20 legends_llc legends_road_safety legends_wcl sma,,
8926,HS Sharath,HS Sharath,new,2015-2024,kpl maharaja_trophy sma,,
10484,Praveen Dubey,P Dubey,exact_name,2015-2026,kpl maharaja_trophy sma,Praveen Dubey,2018-2025
10483,Nithin Mulky,Nithin Mulky,new,2015-2015,kpl,,
10480,Zeeshan Ali Sayeed,Zeeshan Ali Sayeed,new,2015-2019,kpl,,
2195,Mayank Agarwal,MA Agarwal,team_context,2015-2026,kpl maharaja_trophy sma,Mayank Anurag Agarwal,2011-2025
9700,Rongsen Jonathan,Rongsen Jonathan,exact_name,2015-2025,kpl sma,,2019-2023
10514,Chiranjivi G S,Chiranjivi G S,new,2015-2019,kpl,,
10515,Pusthak Nag,Pusthak Nag,new,2015-2015,kpl,,
10501,Arjun Hoysala,Arjun Hoysala,new,2015-2019,kpl,,
1836,Manish Pandey,MK Pandey,team_context,2015-2026,kpl maharaja_trophy sma,Manish Krishnanand Pandey,2008-2026
2120,Manjesh Reddy,Manjesh Reddy,new,2015-2019,kpl,,
1852,CM Gautam,CM Gautam,exact_name,2015-2019,kpl,Chidhambaram Muralidharen Gautam,2013-2018
8925,Krishnappa Gowtham,K Gowtham,exact_name,2010-2025,kpl maharaja_trophy sma,Krishnappa Gowtham,2018-2024
10366,Naveen MG,Naveen MG,new,2015-2026,kpl maharaja_trophy sma,,
10357,Jagadeesha Suchith,J Suchith,exact_name,2015-2025,kpl maharaja_trophy sma,Jagadeesha Suchith,2015-2022
10367,David Mathias,David Mathias,new,2015-2019,kpl sma,,
10567,Akshay CK,Akshay CK,new,2015-2016,kpl,,
10564,Shantharaju G,Shantharaju G,new,2015-2015,kpl,,
10570,MB Darshan,MB Darshan,exact_name,2015-2026,kpl maharaja_trophy,,2021-2021
10510,Bhavesh Gulecha,Bhavesh Gulecha,new,2015-2019,kpl,,
10506,Adithya Sagar,Adithya Sagar,new,2015-2016,kpl,,
2180,Abrar Kazi,AA Kazi,first+surname,2015-2019,kpl,Abrar Anjum Kazi,2011-2019
9746,Shreyas Gopal,S Gopal,exact_name,2015-2026,kpl maharaja_trophy sma,Shreyas Gopal,2014-2024
10554,Sinan Abdul Khadir,Sinan Khadir,unique_surname,2015-2017,kpl,,2019-2019
10504,Sadiq Kirmani,Sadiq Kirmani,new,2015-2018,kpl,,
10509,Kaunain Abbas,Kaunain Abbas,new,2015-2023,kpl t10_abu_dhabi,,
1530,Stuart Binny,STR Binny,first+surname,2015-2026,kpl legends_international_masters_league_t20 legends_legends_cricket_trophy legends_llc legends_road_safety legends_wcl legends_world_legends_pro_t20_league t10_abu_dhabi,Stuart Terence Roger Binny,2010-2021
10562,Krishnamurthy Siddharth,Krishnamurthy Siddharth,exact_name,2015-2025,kpl maharaja_trophy sma,,2023-2023
10508,Dinesh Borwankar,Dinesh Borwankar,new,2015-2015,kpl,,
10507,Samarth Ooty,Samarth Ooty,new,2015-2015,kpl,,
9688,Ravikumar Samarth,Ravikumar Samarth,exact_name,2015-2024,kpl maharaja_trophy sma,,2016-2019
1853,Raju Bhatkal,RR Bhatkal,unique_surname,2010-2019,kpl,,2012-2012
527,Robin Uthappa,RV Uthappa,first+surname,2015-2026,kpl legends_legends_cricket_trophy legends_llc legends_wcl legends_world_legends_pro_t20_league t10_abu_dhabi t10_zim_afro,Robin Venu Uthappa,2007-2023
2096,Deepak Chougule,Deepak Chougule,new,2015-2015,kpl,,
8736,Suneel Raju,Suneel Raju,new,2015-2019,kpl,,
10488,M Nidhish,M Nidhish,new,2015-2019,kpl,,
1803,Balachandra Akhil,B Akhil,exact_name,2010-2017,kpl,Balachandra Akhil,2008-2011
10486,Vijaykumar Vyshak,Vijaykumar Vyshak,exact_name,2015-2026,kpl maharaja_trophy sma,Vijaykumar Vyshak,2021-2026
1849,Abhimanyu Mithun,A Mithun,exact_name,2010-2026,kpl legends_international_masters_league_t20 legends_llc legends_road_safety legends_wcl legends_world_legends_pro_t20_league maharaja_trophy t10_abu_dhabi,Abhimanyu Mithun,2009-2021
10353,KC Cariappa,KC Cariappa,exact_name,2015-2026,kpl legends_llc maharaja_trophy sma,Konganda Charamanna Cariappa,2015-2023
1804,KP Appanna,KP Appanna,exact_name,2015-2024,kpl legends_llc maharaja_trophy,Kotarangada Prabhu Appanna,2009-2012
1802,Neravanda Aiyappa,Neravanda Aiyappa,new,2010-2016,kpl,,
10551,Prasidh Krishna,Prasidh Krishna,new,2015-2025,kpl maharaja_trophy sma,,
10546,Codanda Ajit Karthik,Codanda Ajit Karthik,exact_name,2015-2026,kpl maharaja_trophy sma,,2021-2021
10537,Prasanna Patil,Prasanna Patil,new,2015-2016,kpl,,
2115,Amit Verma,Amit Verma,exact_name,2010-2026,kpl legends_legends_cricket_trophy legends_llc legends_world_legends_pro_t20_league maharaja_trophy sma,,2016-2021
9508,Dega Nischal,Dega Nischal,new,2015-2025,kpl maharaja_trophy sma,,
1806,Bharath Chipli,B Chipli,unique_surname,2015-2026,kpl legends_llc,Bharat Chipli,2008-2013
10364,Pavan Deshpande,Pavan Deshpande,exact_name,2015-2023,kpl maharaja_trophy sma,,2018-2021
7716,Aniruddha Joshi,Aniruddha Joshi,exact_name,2010-2026,kpl legends_llc maharaja_trophy,,2016-2021
1809,Devraj Patil,Devraj Patil,new,2015-2016,kpl,,
10490,S P Manjunath,S P Manjunath,new,2015-2019,kpl,,
10497,Mohammed Taha,Mohammed Taha,exact_name,2015-2026,kpl maharaja_trophy,,2016-2016
8735,KB Pawan,KB Pawan,exact_name,2015-2019,kpl,,2019-2021
2211,Kunal Kapoor,Kunal Kapoor,new,2010-2017,kpl,,
10365,Kranthi Kumar,Kranthi Kumar,exact_name,2015-2026,kpl maharaja_trophy sma,,2021-2021
10523,Dikshanshu Negi,Dikshanshu Negi,exact_name,2015-2025,kpl sma,,2019-2022
1850,Sreenath Aravind,Sreenath Aravind,new,2015-2022,kpl legends_llc sma,,
8781,Nitin Bhille,Nitin Bhille,new,2015-2022,kpl maharaja_trophy,,
10495,Chethan William,Chethan William,new,2015-2018,kpl,,
10498,Nishant Shekhawat,Nishant Shekhawat,new,2015-2018,kpl,,
2206,Santhebennur Akshay,Santhebennur Akshay,new,2015-2019,kpl,,
10493,Balachandra Naveen,Balachandra Naveen,new,2015-2016,kpl,,
1808,Sunil Joshi,Sunil Joshi,new,2015-2015,kpl,,
2148,David Johnson,David Johnson,new,2015-2015,kpl,,
10585,Chandrashekar Raghu,Chandrashekar Raghu,new,2015-2015,kpl,,
10582,Dhruv Sharma,Dhruv Sharma,new,2015-2015,kpl,,
10574,Charan Teja,Charan Teja,new,2015-2016,kpl,,
10560,Adarsh Balakrishna,Adarsh Balakrishna,new,2015-2015,kpl,,
10591,Rahul R K,Rahul R K,new,2015-2016,kpl,,
10573,Vihaan Rajeev,Vihaan Rajeev,new,2015-2016,kpl,,
10555,Raju Gowda,Raju Gowda,new,2015-2016,kpl,,
10563,Madan Mohan,Madan Mohan,new,2015-2016,kpl,,
10580,Kichcha Sudeep,Kichcha Sudeep,new,2015-2016,kpl,,
2137,Syed Khaja Moinuddin,Syed Khaja Moinuddin,new,2010-2018,kpl,,
2121,Sunil Kumar,Sunil Kumar,new,2015-2015,kpl,,
10513,Abdul Majid,Abdul Majid (cb10513),new,2015-2017,kpl,,
10558,B Raghu,B Raghu,new,2015-2015,kpl,,
10581,V Mahesh,V Mahesh,new,2015-2016,kpl,,
10499,Abhinav Manohar,A Manohar,team_context,2015-2026,kpl maharaja_trophy sma,,2021-2025
10487,Aditya Somanna,Aditya Somanna,new,2015-2023,kpl maharaja_trophy,,
10569,Vikram Venkatesh,Vikram Venkatesh,new,2015-2015,kpl,,
10553,Milind Ramesh,Milind Ramesh,new,2015-2015,kpl,,
10544,Likhit M Bannur,Likhit M Bannur,new,2015-2025,kpl maharaja_trophy,,
9252,Shoaib Manager,Shoaib Manager,new,2015-2023,kpl maharaja_trophy,,
10571,Anand Doddamani,Anand Doddamani,new,2015-2025,kpl maharaja_trophy,,
10602,Sachin Joshi,Sachin Joshi,new,2015-2015,kpl,,
10596,Rajkumar,Rajkumar,new,2015-2015,kpl,,
10561,Daivik Vishwanath,Daivik Vishwanath,new,2015-2016,kpl,,
10518,Narayanan Vinu Prasad,Narayanan Vinu Prasad,new,2015-2016,kpl,,
10494,Prateek Jain,Prateek Jain,exact_name,2015-2025,kpl maharaja_trophy,,2019-2021
10529,Shivil Koushik,Shivil Koushik,new,2015-2017,kpl,,
10557,Raghavendra D,Raghavendra D,new,2015-2015,kpl,,
10503,Nihal Ullal,Nihal Ullal,new,2015-2025,kpl maharaja_trophy,,
10608,Kishore Kamat,Kishore Kamat,new,2015-2019,kpl,,
10610,Raghu Raju,Raghu Raju,new,2015-2015,kpl,,
10540,Anil I G,Anil I G,new,2015-2018,kpl,,
10609,Shivam Mishra,Shivam Mishra,new,2015-2017,kpl,,
10545,Darshan Machaiah,Darshan Machaiah,new,2015-2017,kpl,,
10575,Dharma Keertiraj,Dharma Keertiraj,new,2015-2015,kpl,,
10577,Prathap Narayan,Prathap Narayan,new,2015-2015,kpl,,
10505,K Hoysala,K Hoysala,new,2015-2018,kpl,,
10482,KN Bharath,KN Bharath,new,2015-2019,kpl,,
10528,Nishith Raj,Nishith Raj,new,2015-2016,kpl,,
10541,Pradeep T,Pradeep T,new,2015-2024,kpl maharaja_trophy,,
10614,Nitish,Nitish,new,2015-2015,kpl,,
10520,Sharath BR,Sharath BR,new,2015-2026,kpl maharaja_trophy sma,,
10485,Raghavendra Chanrappa Kanchikeri,Raghavendra Chanrappa Kanchikeri,new,2015-2015,kpl,,
10534,Akshay Ballal,Akshay Ballal,new,2015-2019,kpl,,
10565,Bharath N,Bharath N,new,2015-2015,kpl,,
10572,Nikin Jose,Nikin Jose,new,2015-2026,kpl maharaja_trophy,,
10620,Mahendra Gouda,Mahendra Gouda,new,2015-2015,kpl,,
10578,Sharath Chandru,Sharath Chandru,new,2015-2015,kpl,,
10533,R Praveen Kumar,R Praveen Kumar,new,2015-2015,kpl,,
10521,Sharan Goud,Sharan Goud,new,2016-2024,kpl maharaja_trophy,,
11719,Rohith Gowda,Rohith Gowda,new,2016-2017,kpl,,
10492,Harsha Basvaraj,Harsha Basvaraj,new,2016-2016,kpl,,
11721,Ankit Kumar,Ankit Kumar,exact_name,2016-2016,kpl,,2019-2023
11717,R Prateeksh,R Prateeksh,new,2016-2017,kpl,,
11725,Prithviraj Shekhawat,Prithviraj Shekhawat,new,2016-2026,kpl maharaja_trophy,,
11726,Zahoor Farooqui,Zahoor Farooqui,new,2016-2019,kpl,,
9304,Abhishek Sakuja,Abhishek Sakuja,exact_name,2016-2026,kpl legends_llc legends_world_legends_pro_t20_league,,2018-2018
2117,Sunil Kumar Jain,Sunil Kumar Jain,new,2010-2018,kpl,,
11732,Anurag Bajpai,Anurag Bajpai,new,2016-2018,kpl,,
11716,Kushaal Wadhwani,Kushaal Wadhwani,new,2016-2026,kpl maharaja_trophy,,
10522,Ritesh Bhatkal,RR Bhatkal,unique_surname,2016-2026,kpl maharaja_trophy,,2012-2012
11745,Pradeep Bogadi,Pradeep Bogadi,new,2016-2016,kpl,,
11747,Shivkumar Rakshith,Shivkumar Rakshith,new,2016-2026,kpl maharaja_trophy,,
10531,Shashi Shekhar,Shashi Shekhar,exact_name,2016-2016,kpl,,2019-2019
11715,Mohammed Niyaz Nisar,Mohammed Niyaz Nisar,new,2016-2018,kpl,,
10489,V Koushik,V Koushik,new,2016-2026,kpl maharaja_trophy sma,,
11749,Bharath Kondaji,Bharath Kondaji,new,2016-2016,kpl,,
2123,Sarfaraz Ashraf,Sarfaraz Ashraf,exact_name,2010-2024,kpl maharaja_trophy,,2019-2019
11720,M Vishwanathan,M Vishwanathan,new,2016-2019,kpl,,
11759,Jeswath Acharya,Jeswath Acharya,new,2016-2023,kpl maharaja_trophy,,
10526,AM Kiran,AM Kiran,new,2016-2018,kpl,,
8795,Suraj Yadav,Suraj Yadav,new,2016-2016,kpl,,
11760,Sachin Shinde,Sachin Shinde,new,2016-2025,kpl maharaja_trophy,,
9211,Mohan Akshaya,Mohan Akshaya,new,2016-2016,kpl,,
10519,Srinivas Sharath,Srinivas Sharath,new,2016-2025,kpl maharaja_trophy sma,,
11713,Rohan Raju,Rohan Raju,new,2016-2026,kpl maharaja_trophy,,
8788,Avishek Sinha,Avishek Sinha,exact_name,2016-2016,kpl,,2016-2018
11764,Steve Lazarus,Steve Lazarus,new,2016-2016,kpl,,
11766,Chandan V,Chandan V,new,2016-2016,kpl,,
11733,Ram Sharik Yadav,Ram Sharik Yadav,new,2016-2016,kpl,,
11731,Satish Bharadwaj,Satish Bharadwaj,new,2016-2016,kpl,,
11718,S Nikith,S Nikith,new,2016-2016,kpl,,
8706,Akshay Kodoth,Akshay Kodoth,new,2016-2016,kpl,,
11723,Pranav Bhatia,Pranav Bhatia,new,2016-2024,kpl maharaja_trophy,,
10552,Pradeep Gangadhar,Pradeep Gangadhar,new,2016-2016,kpl,,
11714,Vineet Manjunath,Vineet Manjunath,new,2016-2016,kpl,,
11770,R Yuvraj,R Yuvraj,new,2016-2016,kpl,,
11771,Bharath Prasad,Bharath Prasad,new,2016-2016,kpl,,
13085,Shubang Hegde,S Hegde,unique_surname,2017-2019,kpl,,2023-2023
13079,Aman Khan,Aman Khan,new,2017-2023,kpl maharaja_trophy,,
13083,Vinit Yadav,Vinit Yadav,new,2017-2017,kpl,,
9646,Abhishek Bhat,Abhishek Bhat,new,2017-2018,kpl,,
10500,Liyan Khan,Liyan Khan,exact_name,2017-2022,kpl maharaja_trophy,,2021-2021
13086,Lavish Kaushal,Lavish Kaushal,new,2017-2026,kpl maharaja_trophy,,
7724,Shashindra,Shashindra,new,2010-2017,kpl,,
13077,Ishfaq Nazir Bhat,Ishfaq Nazir Bhat,new,2017-2017,kpl,,
13088,Devdutt Padikkal,D Padikkal,exact_name,2017-2026,kpl maharaja_trophy sma,Devdutt Padikkal,2019-2026
13078,Swapnil Yelave,Swapnil Yelave,new,2017-2022,kpl maharaja_trophy,,
13082,Krishnan Shrijith,K L Shrijith,team_context,2017-2026,kpl maharaja_trophy sma,,2021-2023
13092,Avinash D,Avinash D,new,2017-2025,kpl maharaja_trophy,,
13094,Harish Kumar,Harish Kumar,new,2017-2018,kpl,,
11734,Darshan Patil,Darshan Patil,new,2017-2017,kpl,,
13962,Manoj Bhandage,MS Bhandage,team_context,2018-2026,kpl maharaja_trophy sma,Manoj Shivaramsa Bhandage,2019-2025
13966,Saurabh Yadav,Saurabh Yadav,new,2018-2018,kpl,,
13986,Mahesh Patel,Mahesh Patel,new,2018-2019,kpl,,
13980,Sujit N Gowda,Sujit N Gowda,new,2018-2019,kpl,,
13963,Bharath Devaraj,Bharath Devaraj,new,2018-2019,kpl,,
13988,Muthanna Nayak,Muthanna Nayak,new,2018-2018,kpl,,
13975,Abilash Shetty,Abilash Shetty,new,2018-2019,kpl,,
13974,Rohit K,Rohit K,new,2018-2024,kpl maharaja_trophy,,
13994,Adhoksh Hegde,Adhoksh Hegde,new,2018-2023,kpl maharaja_trophy,,
13952,Shoaib Manager,Shoaib Manager (cb13952),new,2018-2018,kpl,,
13075,Prashanth S,Prashanth S,new,2018-2019,kpl,,
13999,Parikshith Shetty,Parikshith Shetty,new,2018-2018,kpl,,
13979,Suraj Seshadri,Suraj Seshadri,new,2018-2018,kpl,,
8751,G Chiranjeevi,G Chiranjeevi,new,2018-2019,kpl,,
10542,Bharath Dhuri,Bharath Dhuri,new,2018-2025,kpl maharaja_trophy,,
13981,Shivraj S,Shivraj S,new,2018-2022,kpl maharaja_trophy,,
14026,Prithvi Varadadarajan,Prithvi Varadadarajan,new,2018-2018,kpl,,
13968,Suraj Kamath,Suraj Kamath,new,2018-2026,kpl legends_llc,,
13964,Vineet Yadav,Vineet Yadav,new,2018-2018,kpl,,
13073,Rajat Hegde,Rajat Hegde,new,2018-2018,kpl,,
14028,Adithya Reddy,Adithya Reddy,new,2018-2018,kpl,,
13970,Majid Makkandar,Majid Makkandar,new,2018-2018,kpl,,
14029,Punith S,Punith S,new,2018-2025,kpl maharaja_trophy,,
13072,Rishabh Singh,Rishabh Singh,new,2018-2019,kpl,,
15319,Devaiah,Devaiah,new,2019-2022,kpl maharaja_trophy,,
11729,Muralidhara Venkatesh,Muralidhara Venkatesh,new,2019-2026,kpl maharaja_trophy sma,,
13972,Luvnith Sisodia,LUVNITH SISODIA,exact_name,2019-2026,kpl maharaja_trophy sma,,2019-2022
14021,Kishan Bedare,Kishan Bedare,new,2019-2024,kpl maharaja_trophy,,
11736,Vinay Sagar,Vinay Sagar,new,2019-2023,kpl maharaja_trophy,,
15316,Vishnu Priyan,Vishnu Priyan,new,2019-2019,kpl,,
13976,Vidyadhar Patil,Vidyadhar Patil,exact_name,2019-2025,kpl maharaja_trophy sma,,2021-2021
15317,Suraj Reddy,Suraj Reddy,new,2019-2019,kpl,,
13978,Ram Sarikh Yadav,Ram Sarikh Yadav,new,2019-2019,kpl,,
15315,Ruchir Joshi,Ruchir Joshi,new,2019-2019,kpl,,
15310,Kuldeep Kumar,Kuldeep Kumar,new,2019-2019,kpl,,
15419,Krishna Pandey,KD Pandey,team_context,2019-2025,kpl pondicherry_premier_league sma,,2022-2022
15323,Shimon Luiz,Shimon Luiz,new,2019-2024,kpl maharaja_trophy,,
15426,Shreesha Achar,Shreesha Achar,new,2019-2026,kpl maharaja_trophy,,
2213,Sanjay Kumar,Sanjay Kumar (cb2213),new,2010-2010,kpl,,
2212,Sandesh Satish,Sandesh Satish,new,2010-2010,kpl,,
7720,Nishanth Hegde,Nishanth Hegde,new,2010-2010,kpl,,
2215,Ganesh Satish,Ganesh Satish,exact_name,2010-2023,kpl sma,,2016-2023
7721,KP Rohan,KP Rohan,new,2010-2010,kpl,,
2118,Anand Katti,Anand Katti,new,2010-2010,kpl,,
7718,Arjun Shetty,Arjun Shetty,new,2010-2010,kpl,,
2116,Maniunath Manjunath,Maniunath Manjunath,new,2010-2010,kpl,,
2114,Tilak Naidu,Tilak Naidu,new,2010-2010,kpl,,
7715,Rahul Bhatkal,RR Bhatkal,team_context,2010-2010,kpl,,2012-2012
7902,Asad Pathan,AUK Pathan,first+surname,2019-2026,legends_asian_legends_league legends_llc legends_world_legends_pro_t20_league t10_abu_dhabi,Asad Ullah Khan Pathan,2011-2016
1451278,Mausif Khan,Mausif Khan,new,2025-2026,legends_asian_legends_league legends_llc,,
1589,Shoaib Khan,Shoaib Khan,exact_name,2025-2025,legends_asian_legends_league,,2022-2026
1451269,Ashraf Pathan,Ashraf Pathan,new,2025-2025,legends_asian_legends_league,,
1451251,Khalid Khatib,Khalid Khatib,new,2025-2025,legends_asian_legends_league,,
1451272,Gurpreet,Gurpreet,new,2025-2025,legends_asian_legends_league,,
10127,Mahaboob Alam,Mahaboob Alam,new,2025-2025,legends_asian_legends_league,,
1451281,Farman Ahmed,Farman Ahmed,new,2025-2026,legends_asian_legends_league legends_llc,,
38111,Sahejadkhan Pathan,Sahejadkhan Pathan,new,2025-2025,legends_asian_legends_league,,
7913,Pawan Suyal,P Suyal,first+surname,2015-2026,legends_asian_legends_league legends_legends_cricket_trophy legends_llc legends_world_legends_pro_t20_league sma,Pawan Shakland Suyal,2013-2021
8665,Ishwar Pandey,IC Pandey,first+surname,2022-2026,legends_asian_legends_league legends_llc legends_world_legends_pro_t20_league,Ishwar Chand Pandey,2013-2021
1451260,Ankit Narwal,Ankit Narwal,new,2025-2025,legends_asian_legends_league,,
14328,Tinu Kundu,Tinu Kundu,new,2025-2025,legends_asian_legends_league,,
10464,Mehran Khan,Mehran Khan,exact_name,2019-2025,legends_asian_legends_league t10_qatar,Mehran Khan,2015-2024
8616,Rishi Dhawan,R Dhawan,team_context,2022-2026,legends_asian_legends_league legends_llc legends_world_legends_pro_t20_league sma t10_abu_dhabi,,2013-2025
20347,Kashyap Prajapati,KH Prajapati,first+surname,2025-2026,legends_asian_legends_league legends_llc,Kashyap Harishbhai Prajapati,2021-2024
10265,Raghav Dhawan,R Dhawan,team_context,2022-2026,legends_asian_legends_league legends_llc sma,,2013-2025
9834,Swapnil Patil,Swapnil Patil,new,2025-2025,legends_asian_legends_league,,
1446,Shikhar Dhawan,S Dhawan,exact_name,2017-2026,legends_asian_legends_league legends_llc legends_wcl legends_world_legends_pro_t20_league sma,Shikhar Dhawan,2008-2024
9690,Rahul Yadav,Rahul Yadav,new,2024-2026,legends_asian_legends_league legends_legends_cricket_trophy legends_llc legends_world_legends_pro_t20_league,,
1596,F Fazal,F Fazal,new,2024-2026,legends_asian_legends_league legends_llc legends_world_legends_pro_t20_league,,
694,Manoj Tiwary,MK Tiwary,first+surname,2017-2025,legends_asian_legends_league legends_llc sma,Manoj Kumar Tiwary,2008-2021
1800,Nagar,Nagar,new,2023-2025,legends_asian_legends_league legends_llc,,
1812,Shadab Jakati,SB Jakati,first+surname,2023-2026,legends_asian_legends_league legends_legends_cricket_trophy legends_llc legends_world_legends_pro_t20_league,Shadab Bashir Jakati,2009-2018
1876,Anureet Singh,Anureet Singh,exact_name,2023-2026,legends_asian_legends_league legends_legends_cricket_trophy legends_llc legends_wcl legends_world_legends_pro_t20_league,Kathuria Anureet Singh,2009-2021
1450,Sudeep Tyagi,S Tyagi,exact_name,2022-2025,legends_asian_legends_league legends_llc,Sudeep Tyagi,2009-2020
522,Munaf Patel,Munaf Patel,new,2018-2025,legends_asian_legends_league legends_legends_cricket_trophy legends_llc legends_road_safety t10_abu_dhabi,,
12057,Vikum Sanjaya,Vikum Sanjaya,new,2025-2025,legends_asian_legends_league,,
1427358,Arul Pragasam,AA Pragasam,unique_surname,2025-2025,legends_asian_legends_league,,2024-2026
1119,Thilan Thushara,Thilan Thushara,new,2012-2026,legends_asian_legends_league legends_legends_cricket_trophy legends_llc legends_road_safety slpl,,
1423809,Upul Indrasiri,Upul Indrasiri,new,2024-2025,legends_asian_legends_league legends_legends_cricket_trophy,,
8421,Malinda Pushpakumara,Malinda Pushpakumara,new,2018-2026,legends_asian_legends_league legends_legends_cricket_trophy legends_llc legends_world_legends_pro_t20_league super_provincial_t20_tournament t10_abu_dhabi t10_qatar,,
10943,Raveen Sayer,Raveen Sayer,new,2025-2025,legends_asian_legends_league,,
12685,Leo Fransisco,LK Fransisco,unique_surname,2025-2025,legends_asian_legends_league,,2025-2025
10468,Lasith Lakshan,Lasith Lakshan,new,2025-2025,legends_asian_legends_league,,
1451530,Mevan Fernando,Mevan Fernando,new,2025-2025,legends_asian_legends_league,,
9527,Gamage,Gamage,new,2018-2025,legends_asian_legends_league legends_legends_cricket_trophy super_provincial_t20_tournament,,
10457,Munis Ansari,M Ansari,first+surname,2021-2025,legends_asian_legends_league t10_abu_dhabi,Munis S Ansari,2015-2016
568,N Sadat,N Sadat,new,2022-2025,legends_asian_legends_league legends_road_safety,,
18499,Edirisinghe,Edirisinghe,new,2025-2025,legends_asian_legends_league,,
12921,Vikram Rajawat,Vikram Rajawat,new,2025-2025,legends_asian_legends_league,,
6296,Bipul Sharma,Bipul Sharma,exact_name,2023-2026,legends_asian_legends_league legends_legends_cricket_trophy legends_llc legends_world_legends_pro_t20_league,Bipul Sharma,2010-2021
8997,Karanveer Singh,Karanveer Singh,exact_name,2025-2025,legends_asian_legends_league,Karanveer Singh,2014-2019
8811,Mehul Patel,Mehul Patel,new,2025-2025,legends_asian_legends_league mpl,,
9963,Shakti Gauchan,Shakti Gauchan,new,2025-2025,legends_asian_legends_league,,
6330,Shabir Noori,Shabir Noori,new,2025-2025,legends_asian_legends_league,,
1599,Naman Ojha,NV Ojha,first+surname,2017-2026,legends_asian_legends_league legends_international_masters_league_t20 legends_legends_cricket_trophy legends_llc legends_road_safety legends_wcl legends_world_legends_pro_t20_league sma,Naman Vinaykumar Ojha,2009-2019
8184,V Saxena,V Saxena,new,2025-2025,legends_asian_legends_league,,
8772,Manan Sharma,Manan Sharma,exact_name,2017-2026,legends_asian_legends_league legends_llc sma,,2016-2016
1451659,Sanjay Singh,Sanjay Singh,new,2025-2025,legends_asian_legends_league,,
6311,Ambati Rayudu,AT Rayudu,team_context,2017-2026,legends_international_masters_league_t20 legends_legends_cricket_trophy legends_llc legends_wcl legends_world_legends_pro_t20_league sma,Ambati Thirupathi Rayudu,2010-2024
25,Sachin Tendulkar,Sachin Tendulkar,new,2020-2025,legends_international_masters_league_t20 legends_road_safety,,
8298,Gurkeerat Singh Mann,Gurkeerat Singh Mann,new,2023-2026,legends_international_masters_league_t20 legends_legends_cricket_trophy legends_llc legends_wcl legends_world_legends_pro_t20_league,,
790,Yusuf Pathan,YK Pathan,first+surname,2021-2026,legends_international_masters_league_t20 legends_legends_cricket_trophy legends_llc legends_road_safety legends_wcl legends_world_legends_pro_t20_league t10_abu_dhabi t10_zim_afro,Yusuf Khan Pathan,2007-2023
73,Irfan Pathan,IK Pathan,first+surname,2017-2026,legends_international_masters_league_t20 legends_legends_cricket_trophy legends_llc legends_road_safety legends_wcl legends_world_legends_pro_t20_league sma t10_zim_afro,Irfan Khan Pathan,2006-2020
7906,Shahbaz Nadeem,S Nadeem,exact_name,2017-2026,legends_international_masters_league_t20 legends_legends_cricket_trophy legends_llc legends_world_legends_pro_t20_league sma,Shahbaz Nadeem,2011-2021
1451,D Kulkarni,DS Kulkarni,team_context,2019-2025,legends_international_masters_league_t20 legends_llc legends_wcl sma t20_mumbai,Dhawal Sunil Kulkarni,2008-2023
1785,Suranga Lakmal,Suranga Lakmal,new,2018-2025,legends_international_masters_league_t20 legends_legends_cricket_trophy legends_llc super_provincial_t20_tournament,,
6730,Nuwan Pradeep,Nuwan Pradeep,new,2012-2025,legends_international_masters_league_t20 legends_legends_cricket_trophy legends_llc slpl super_provincial_t20_tournament t10_abu_dhabi,,
9310,Chaturanga de Silva,Chaturanga de Silva,new,2018-2026,legends_international_masters_league_t20 legends_llc legends_road_safety super_provincial_t20_tournament t10_lanka t10_qatar,,
6470,Jeevan Mendis,Jeevan Mendis,new,2012-2026,legends_international_masters_league_t20 legends_llc legends_road_safety slpl super_provincial_t20_tournament,,
10154,Asela Gunaratne,DAS Gunaratne,unique_surname,2018-2026,legends_international_masters_league_t20 legends_legends_cricket_trophy legends_llc legends_road_safety super_provincial_t20_tournament t10_abu_dhabi,Downdegedara Asela Sampath Gunaratne,2016-2023
414,Upul Tharanga,Upul Tharanga,new,2012-2026,legends_international_masters_league_t20 legends_legends_cricket_trophy legends_llc legends_road_safety legends_world_legends_pro_t20_league slpl super_provincial_t20_tournament t10_abu_dhabi,,
6243,Lahiru Thirimanne,HDRL Thirimanne,unique_surname,2012-2025,legends_international_masters_league_t20 legends_legends_cricket_trophy slpl super_provincial_t20_tournament,Hettige Don Rumesh Lahiru Thirimanne,2012-2016
6727,Ashan Priyanjan,SMA Priyanjan,unique_surname,2018-2025,legends_international_masters_league_t20 legends_legends_cricket_trophy super_provincial_t20_tournament,Subasinghe Mudiyanselage Ashan Priyanjan,2017-2024
240,Brian Lara,Brian Lara,new,2020-2025,legends_international_masters_league_t20 legends_road_safety,,
773,D Maddy,D Maddy,new,2021-2025,legends_international_masters_league_t20 legends_road_safety legends_wcl,,
774,C Schofield,C Schofield,new,2021-2025,legends_international_masters_league_t20 legends_road_safety legends_wcl,,
6317,Finn,Finn,new,2025-2025,legends_international_masters_league_t20,,
512,Monty Panesar,Monty Panesar,new,2021-2025,legends_international_masters_league_t20 legends_legends_cricket_trophy legends_llc legends_road_safety,,
703,RJ Sidebottom,RJ Sidebottom (cb703),new,2021-2025,legends_international_masters_league_t20 legends_llc legends_road_safety legends_wcl,,
8281,Pawan Negi,Pawan Negi,new,2023-2026,legends_international_masters_league_t20 legends_llc legends_wcl legends_world_legends_pro_t20_league,,
213,Kallis,Kallis,new,2022-2025,legends_international_masters_league_t20 legends_llc legends_wcl,,
219,Jacques Rudolph,Jacques Rudolph,new,2020-2025,legends_international_masters_league_t20 legends_road_safety legends_wcl,,
497,G Kruger,G Kruger,new,2020-2025,legends_international_masters_league_t20 legends_road_safety,,
216,M Ntini,M Ntini (cb216),new,2021-2025,legends_international_masters_league_t20 legends_road_safety legends_wcl,,
542,Thandi Tshabalala,Thandi Tshabalala,new,2021-2025,legends_international_masters_league_t20 legends_road_safety,,
516,Dhammika Prasad,KTGD Prasad,unique_surname,2012-2025,legends_international_masters_league_t20 legends_legends_cricket_trophy legends_llc legends_road_safety slpl,Kariyawasam Tirana Gamage Dhammika Prasad,2011-2020
2290,Chinthaka Jayasinghe,Chinthaka Jayasinghe,new,2012-2025,legends_international_masters_league_t20 legends_road_safety slpl,,
7748,Kirk Edwards,Kirk Edwards,new,2021-2026,legends_international_masters_league_t20 legends_legends_cricket_trophy legends_llc legends_road_safety legends_wcl legends_world_legends_pro_t20_league,,
375,Narsingh Deonarine,N Deonarine,exact_name,2021-2025,legends_international_masters_league_t20 legends_legends_cricket_trophy legends_road_safety,Narsingh Deonarine,2010-2015
6539,S Meaker,S Meaker,new,2022-2025,legends_international_masters_league_t20 legends_road_safety legends_wcl,,
6304,Rahul Sharma,Rahul Sharma,exact_name,2022-2026,legends_international_masters_league_t20 legends_legends_cricket_trophy legends_llc legends_road_safety legends_wcl legends_world_legends_pro_t20_league,,2019-2019
1601,Saurabh Tiwary,SS Tiwary,team_context,2017-2026,legends_international_masters_league_t20 legends_legends_cricket_trophy legends_llc legends_world_legends_pro_t20_league sma t10_lanka,,2008-2021
382,Tino Best,TL Best,first+surname,2020-2025,legends_international_masters_league_t20 legends_legends_cricket_trophy legends_llc legends_road_safety legends_wcl,Tino la Bertram Best,2013-2017
4594,Jonty Rhodes,Jonty Rhodes,new,2020-2025,legends_international_masters_league_t20 legends_llc legends_road_safety,,
626,Rankin,Rankin,new,2025-2025,legends_international_masters_league_t20,,
812,Dilruwan Perera,Dilruwan Perera,new,2012-2025,legends_international_masters_league_t20 legends_legends_cricket_trophy legends_road_safety slpl super_provincial_t20_tournament,,
3555,Romesh Kaluwitharana,Romesh Kaluwitharana,new,2020-2025,legends_international_masters_league_t20 legends_llc legends_road_safety,,
75,Harbhajan Singh,Harbhajan Singh,exact_name,2017-2026,legends_legends_cricket_trophy legends_llc legends_wcl legends_world_legends_pro_t20_league sma t10_abu_dhabi,,2006-2021
7817,Angelo Perera,AK Perera,team_context,2012-2026,legends_legends_cricket_trophy legends_llc legends_world_legends_pro_t20_league slpl super_provincial_t20_tournament t10_abu_dhabi t10_lanka,Angelo Kanishka Perera,2013-2026
8269,Parvinder Awana,P Awana,exact_name,2022-2026,legends_legends_cricket_trophy legends_llc legends_world_legends_pro_t20_league,Parvinder Awana,2012-2016
9291,J Saxena,J Saxena,new,2024-2024,legends_legends_cricket_trophy,,
7835,Robin Bist,Robin Bist,exact_name,2023-2024,legends_legends_cricket_trophy legends_llc tnpl,,2016-2021
428,Chris Mpofu,CB Mpofu,first+surname,2022-2026,legends_legends_cricket_trophy legends_llc legends_world_legends_pro_t20_league t10_zim_afro,Christopher Bobby Mpofu,2010-2020
9399,Trevon Griffith,TA Griffith,first+surname,2024-2024,legends_legends_cricket_trophy,Trevon Abashai Griffith,2013-2019
9000,Praveen Gupta,Praveen Gupta,new,2022-2026,legends_legends_cricket_trophy legends_llc legends_world_legends_pro_t20_league,,
1830,Iqbal Abdulla,Iqbal Abdulla,exact_name,2019-2024,legends_legends_cricket_trophy legends_llc t20_mumbai,Sayed Iqbal Abdulla,2008-2021
6313,I Malhotra,I Malhotra (cb6313),new,2021-2024,legends_legends_cricket_trophy t10_abu_dhabi,,
1423807,Nagendra Kumar,Nagendra Kumar,new,2024-2024,legends_legends_cricket_trophy,,
13995,Chathuranga de Silva,Chathuranga de Silva,new,2024-2024,legends_legends_cricket_trophy legends_llc,,
10069,Searles,Searles,new,2024-2024,legends_legends_cricket_trophy,,
8301,Rahat Ali,Rahat Ali,exact_name,2024-2024,legends_legends_cricket_trophy,Rahat Ali,2018-2024
9405,Miguel Cummins,Miguel Cummins,new,2024-2026,legends_legends_cricket_trophy legends_llc,,
7735,A Akmal,A Akmal,new,2024-2024,legends_legends_cricket_trophy,,
521,Ross Taylor,Ross Taylor,new,2016-2026,legends_legends_cricket_trophy legends_llc legends_road_safety legends_world_legends_pro_t20_league super_smash,,
7891,Milinda Siriwardana,TAM Siriwardana,unique_surname,2012-2026,legends_legends_cricket_trophy legends_llc slpl t10_lanka,Tisse Appuhamilage Milinda Siriwardana,2015-2026
3008,Nawroz,Nawroz,new,2024-2024,legends_legends_cricket_trophy,,
8991,Babar,Babar,new,2024-2024,legends_legends_cricket_trophy,,
413,Suresh Raina,SK Raina,first+surname,2022-2026,legends_legends_cricket_trophy legends_llc legends_road_safety legends_wcl legends_world_legends_pro_t20_league t10_abu_dhabi,Suresh Kumar Raina,2006-2021
8264,Amitoze Singh,Amitoze Singh,new,2018-2026,legends_legends_cricket_trophy legends_llc legends_world_legends_pro_t20_league t10_abu_dhabi,,
11928,Enamul Haque,Enamul Haque,exact_name,2024-2024,legends_legends_cricket_trophy,,2016-2024
4241,R Powell,R Powell,exact_name,2020-2024,legends_legends_cricket_trophy legends_llc legends_road_safety,Rovman Powell,2016-2026
1456,Neil Broom,NT Broom,team_context,2015-2024,legends_legends_cricket_trophy legends_road_safety super_smash,Neil Trevor Broom,2009-2022
8260,K Upadhyay,K Upadhyay,exact_name,2024-2024,legends_legends_cricket_trophy,Krishnakant Upadhyay,2012-2019
1472,Pradeep Sangwan,PJ Sangwan,team_context,2017-2024,legends_legends_cricket_trophy sma,Pradeep Jaibeer Sangwan,2008-2023
9783,Monu Kumar,Monu Kumar,exact_name,2024-2026,legends_legends_cricket_trophy legends_llc legends_world_legends_pro_t20_league,Monu Kumar Singh,2016-2021
1594,Trivedi,Trivedi,new,2024-2024,legends_legends_cricket_trophy,,
8261,Rahul Shukla,R Shukla,team_context,2022-2026,legends_legends_cricket_trophy legends_llc legends_wcl legends_world_legends_pro_t20_league sma,,2012-2021
9007,Jesal Karia,Jesal Karia,new,2022-2026,legends_legends_cricket_trophy legends_llc legends_world_legends_pro_t20_league,,
463,S Sreesanth,S Sreesanth,exact_name,2022-2026,legends_legends_cricket_trophy legends_llc legends_world_legends_pro_t20_league t10_abu_dhabi t10_zim_afro,Shanthakumaran Sreesanth,2006-2021
8398,Sachith Pathirana,Sachith Pathirana,new,2012-2024,legends_legends_cricket_trophy slpl super_provincial_t20_tournament,,
8087,TM Sampath,TM Sampath,new,2012-2024,legends_legends_cricket_trophy slpl,,
1423847,Rana Muhammad Naeem,Rana Muhammad Naeem,new,2024-2024,legends_legends_cricket_trophy,,
9001,Vikas Tokas,V Tokas,unique_surname,2015-2024,legends_legends_cricket_trophy sma,,2018-2019
7882,Lahiru Jayaratne,Lahiru Jayaratne,new,2012-2024,legends_legends_cricket_trophy slpl,,
1854,Rajesh Bishnoi,Rajesh Bishnoi,new,2022-2026,legends_legends_cricket_trophy legends_llc sma,,
8092,Gabriel,Gabriel,new,2023-2025,legends_llc legends_wcl t10_abu_dhabi,,
622,John Mooney,John Mooney,new,2022-2024,legends_llc,,
1832,Yashpal Singh,Yashpal Singh,exact_name,2015-2024,legends_llc sma,Yashpal Singh,2009-2019
70,Mohammad Kaif,Mohammad Kaif,new,2020-2024,legends_llc legends_road_safety,,
74,Parthiv Patel,PA Patel,first+surname,2017-2024,legends_llc sma t10_zim_afro,Parthiv Ajay Patel,2008-2019
1851,Kedar Jadhav,KM Jadhav,team_context,2017-2024,legends_llc sma,Kedar Mahadav Jadhav,2010-2023
145,Dinesh Karthik,Dinesh Karthik,new,2016-2024,legends_llc sma tnpl,,
9028,Chirag Gandhi,Chirag Gandhi,exact_name,2022-2026,legends_llc legends_world_legends_pro_t20_league sma,,2016-2023
10753,Suboth Bhati,Suboth Bhati,exact_name,2023-2026,legends_llc legends_world_legends_pro_t20_league tnpl,,2016-2021
1807,Shreevats Goswami,SP Goswami,team_context,2017-2026,legends_llc legends_world_legends_pro_t20_league sma,Shreevats Pratyush Goswami,2008-2022
8661,Samar Quadri,Samar Quadri,exact_name,2024-2026,legends_llc,,2019-2021
9237,Pravin Tambe,PV Tambe,first+surname,2017-2024,legends_llc sma t10_abu_dhabi t20_mumbai,Pravin Vijay Tambe,2013-2020
10665,Diwesh Pathania,Diwesh Pathania,exact_name,2022-2026,legends_llc legends_world_legends_pro_t20_league sma,,2018-2021
8654,Natraj Behera,Natraj Behera,new,2024-2024,legends_llc,,
11809,Dhruv Raval,Dhruv Raval,exact_name,2023-2024,legends_llc,,2018-2021
6328,Pankaj Singh,Pankaj Singh,exact_name,2022-2024,legends_llc,Pankaj Singh,2008-2021
1829,Deba Das,Deba Das,new,2024-2024,legends_llc,,
13753,Jaskaran Malhotra,JS Malhotra,first+surname,2024-2024,legends_llc,Jaskaran Singh Malhotra,2019-2023
8778,S Shukla,S Shukla,new,2022-2024,legends_llc,,
9257,Ravi Jangid,RL Jangid,unique_surname,2024-2026,legends_llc legends_world_legends_pro_t20_league,,2016-2019
8774,Avinash Yadav,Avinash Yadav,exact_name,2022-2026,legends_llc sma,,2022-2022
6323,Abu Nechim,Abu Nechim,new,2024-2026,legends_llc,,
9214,Barinder,Barinder,new,2024-2024,legends_llc,,
8846,Sheldon Jackson,SP Jackson,team_context,2017-2026,legends_llc legends_world_legends_pro_t20_league saurashtra_premier_league sma,Sheldon Philip Jackson,2016-2025
1463016,Gaurav Tomar,GY Tomar,first+surname,2026-2026,legends_llc,Gaurav Yudhveer Tomar,2025-2025
9272,Imtiaz Ahmed,Imtiaz Ahmed,new,2021-2026,legends_llc t10_abu_dhabi,,
8265,Veer Pratap Singh,Veer Pratap Singh,new,2023-2026,legends_llc sma,,
8106,Ishwar Chaudhary,Ishwar Chaudhary,exact_name,2017-2026,legends_llc sma,,2018-2019
20244,Shoaib Khan,Shoaib Khan,exact_name,2026-2026,legends_llc,,2022-2026
1466023,Jaykishan Kolsawala,JA Kolsawala,unique_surname,2026-2026,legends_llc legends_world_legends_pro_t20_league,,2024-2025
8854,Kuldeep Hooda,Kuldeep Hooda,new,2026-2026,legends_llc,,
6291,Amit Paunikar,AG Paunikar,first+surname,2023-2026,legends_llc,Amit Gajanan Paunikar,2010-2019
510,Akalanka Ganegama,Akalanka Ganegama,new,2026-2026,legends_llc,,
9305,Sumit Singh,Sumit Singh (cb9305),new,2022-2026,legends_llc sma,,
10058,Kennar Lewis,K Lewis,exact_name,2018-2026,legends_llc t10_abu_dhabi t10_lanka t10_zim_afro,Kennar Lewis,2014-2024
9400,Jermaine Blackwood,J Blackwood,exact_name,2026-2026,legends_llc legends_world_legends_pro_t20_league,Jermaine Blackwood,2013-2023
10652,Faiz Ahmed Khan,Faiz Ahmed Khan,new,2025-2026,legends_llc legends_world_legends_pro_t20_league uppl,,
8187,Rituraj Singh,Rituraj Singh,new,2023-2026,legends_llc rajasthan_premier_league,,
8924,Ankit Rajpoot,AS Rajpoot,first+surname,2017-2026,legends_llc legends_world_legends_pro_t20_league sma,Ankit Singh Rajpoot,2013-2021
24251,Saurin Thakar,Saurin Thakar,new,2026-2026,legends_llc legends_world_legends_pro_t20_league,,
8949,Akshay Wakhare,Akshay Wakhare,exact_name,2017-2026,legends_llc legends_world_legends_pro_t20_league sma,,2016-2022
8810,Priyank Panchal,Priyank Panchal,exact_name,2017-2026,legends_llc legends_world_legends_pro_t20_league sma,,2016-2025
36760,Anup Ahlawat,Anup Ahlawat,new,2026-2026,legends_llc,,
8387,Danushka Gunathilaka,Danushka Gunathilaka,new,2012-2026,legends_llc slpl super_provincial_t20_tournament t10_lanka,,
49415,Ritik Sharma,Ritik Sharma,new,2023-2026,legends_llc rajasthan_premier_league,,
1469644,Shailesh Bhondekar,Shailesh Bhondekar,new,2026-2026,legends_llc,,
7905,Ajit Chandila,Ajit Chandila,new,2026-2026,legends_llc,,
1468,Rajat Bhatia,Rajat Bhatia,new,2022-2026,legends_llc,,
8280,Punit Bisht,Punit Bisht,exact_name,2022-2026,legends_llc sma,,2019-2021
11310,Jaskaranvir Singh,Jaskaranvir Singh,new,2026-2026,legends_llc,,
1905,Abhishek Raut,AS Raut,team_context,2022-2026,legends_llc legends_world_legends_pro_t20_league sma,Abhishek Santosh Raut,2009-2021
13450,Waqarullah Ishaq,Waqarullah Ishaq,new,2026-2026,legends_llc,,
1466122,Puneet Mehra,Puneet Mehra,new,2026-2026,legends_llc,,
1469645,Asif Mansoori,Asif Mansoori,new,2026-2026,legends_llc,,
1863,Kamran Khan,Kamran Khan,exact_name,2026-2026,legends_llc,Kamran Khan,2009-2025
1469647,Mizba Alam,Mizba Alam,new,2026-2026,legends_llc,,
14639,Sanyam Arora,Sanyam Arora,new,2026-2026,legends_llc,,
1469658,Faheem Ahmad,Faheem Ahmad,new,2026-2026,legends_llc,,
1469656,Umer Amhad,Umer Amhad,new,2026-2026,legends_llc,,
1469981,Surya Singh,Surya Singh,new,2026-2026,legends_llc,,
11868,Vishal Singh,Vishal Singh,new,2026-2026,legends_llc,,
1469970,Sufiyan Khan,Sufiyan Khan,new,2026-2026,legends_llc,,
1469963,Anuj Sharma,Anuj Sharma,new,2026-2026,legends_llc,,
1469986,Sumit Tomar,Sumit Tomar,new,2026-2026,legends_llc,,
8696,Bavanaka Sandeep,Bavanaka Sandeep,exact_name,2026-2026,legends_llc,,2016-2021
1470074,Kenan,Kenan,new,2026-2026,legends_llc,,
1470098,Adarsh Sharma,Adarsh Sharma,new,2026-2026,legends_llc,,
1470118,Gursimran Singh,Gursimran Singh,new,2026-2026,legends_llc,,
1470120,Zia-ur-Rehman,Zia-ur-Rehman,exact_name,2026-2026,legends_llc,,2023-2023
1470142,Preet Sirohi,Preet Sirohi,new,2026-2026,legends_llc,,
1470109,Sanskar Gupta,Sanskar Gupta,new,2026-2026,legends_llc,,
1470131,Amaan Siddique,Amaan Siddique,new,2026-2026,legends_llc,,
1459097,Kunal Sharma,Kunal Sharma,new,2026-2026,legends_llc,,
1470151,Zaheer Shaikh,Zaheer Shaikh,new,2026-2026,legends_llc,,
1470140,Shoaib Rajput,Shoaib Rajput,new,2026-2026,legends_llc,,
34,M Yousuf,M Yousuf,new,2022-2022,legends_llc,,
504,Umar Gul,Umar Gul,exact_name,2012-2022,legends_llc slpl t10_qatar,Umar Gul,2007-2018
507,Nuwan Kulasekara,KMDN Kulasekara,unique_surname,2021-2022,legends_llc legends_road_safety,Kulasekara Mudiyanselage Dinesh Nuwan Kulasekara,2008-2017
30,S Akhtar,S Akhtar,new,2022-2023,legends_llc,,
1356,Pragyan Ojha,PP Ojha,team_context,2017-2023,legends_llc legends_road_safety sma,Pragyan Prayash Ojha,2008-2018
412,V Rao,V Rao,new,2022-2022,legends_llc,,
574,S Badrinath,S Badrinath,exact_name,2016-2023,legends_llc legends_road_safety t10_abu_dhabi tnpl,Subramaniam Badrinath,2008-2013
3943,Hemang Badani,Hemang Badani,new,2022-2022,legends_llc,,
108,C Vaas,C Vaas,new,2020-2022,legends_llc legends_road_safety,,
499,Wasim Jaffer,Wasim Jaffer,new,2022-2022,legends_llc,,
434,RP Singh,RP Singh,exact_name,2018-2024,legends_llc legends_wcl t10_abu_dhabi,,2007-2016
386,M Hoggard,M Hoggard,new,2021-2022,legends_llc legends_road_safety,,
740,Jonathan Trott,Jonathan Trott,new,2022-2022,legends_llc,,
123,M Rafique,M Rafique,new,2021-2022,legends_llc legends_road_safety,,
222,Dilhara Fernando,Dilhara Fernando,new,2012-2023,legends_llc slpl,,
3929,N Chopra,N Chopra,new,2022-2022,legends_llc,,
1857,A Salvi,A Salvi,new,2022-2022,legends_llc,,
3944,A Bhandari,A Bhandari,new,2022-2022,legends_llc,,
169,T Taibu,T Taibu (cb169),new,2022-2022,legends_llc,,
270,Joginder Sharma,Joginder Sharma (cb270),new,2022-2022,legends_llc,,
1467,Ashok Dinda,AB Dinda,first+surname,2017-2023,legends_llc sma,Ashok Bhimchandra Dinda,2008-2021
26,Virender Sehwag,V Sehwag,exact_name,2020-2022,legends_llc legends_road_safety,Virender Sehwag,2006-2016
590,Tanmay Srivastava,TM Srivastava,first+surname,2022-2022,legends_llc,Tanmay Manoj Srivastava,2008-2019
1901,Manvinder Bisla,Manvinder Bisla,new,2022-2026,legends_llc legends_world_legends_pro_t20_league,,
9239,Ryan Sidebottom,Ryan Sidebottom,new,2022-2022,legends_llc,,
31596,Suhail Sharma,Suhail Sharma,new,2022-2022,legends_llc,,
814,Swann,Swann,new,2022-2022,legends_llc,,
8896,R Shukla,R Shukla,exact_name,2022-2022,legends_llc,,2012-2021
1462,S Asnodkar,S Asnodkar,new,2022-2022,legends_llc,,
10358,Pardeep Sahu,P Sahu,exact_name,2022-2022,legends_llc,Pardeep Sahu,2016-2016
1799,Dinesh Salunkhe,Dinesh Salunkhe,new,2022-2022,legends_llc,,
625,William Porterfield,WTS Porterfield,first+surname,2022-2022,legends_llc,William Thomas Stuart Porterfield,2008-2021
6568,Nick Compton,Nick Compton,new,2022-2022,legends_llc,,
4829,Matt Prior,Matt Prior,new,2022-2022,legends_llc,,
308,Gautam Gambhir,Gautam Gambhir,new,2017-2023,legends_llc sma,,
1469,Mayank Tehlan,Mayank Tehlan,new,2022-2022,legends_llc,,
3948,R Sodhi,R Sodhi,new,2018-2023,legends_llc t10_abu_dhabi,,
4606,L Klusener,L Klusener,new,2022-2022,legends_llc,,
181,Utseya,Utseya,new,2022-2022,legends_llc,,
7845,Yagnik,Yagnik,new,2022-2022,legends_llc,,
9958,Khadka,Khadka,new,2019-2023,legends_llc t10_abu_dhabi,,
1597,Murali Vijay,M Vijay,exact_name,2016-2025,legends_llc t10_abu_dhabi tnpl,Murali Vijay,2009-2020
1888,G Rao,G Rao,new,2023-2023,legends_llc,,
6320,Theron,Theron,new,2023-2023,legends_llc,,
6661,Murtagh,Murtagh,new,2023-2023,legends_llc,,
8568,Imran Khan,Imran Khan (cb8568),new,2012-2024,legends_llc slpl t10_abu_dhabi,,
592,P Kumar,P Kumar,exact_name,2018-2023,legends_llc t10_abu_dhabi,Praveenkumar Sakat Singh,2008-2018
615,Johnston,Johnston,new,2023-2023,legends_llc,,
6299,Ladda,Ladda,new,2023-2023,legends_llc,,
8881,Chirag Khurana,Chirag Khurana,exact_name,2022-2023,legends_llc sma,,2016-2021
6290,Abhishek Jhunjhunwala,Abhishek Jhunjhunwala,new,2023-2023,legends_llc,,
1837,Pinal Shah,Pinal Shah,new,2023-2026,legends_llc legends_world_legends_pro_t20_league,,
7678,Hamish Bennett,HK Bennett,team_context,2015-2023,legends_llc legends_road_safety super_smash,Hamish Kyle Bennett,2014-2022
7633,Bishoo,Bishoo,new,2022-2023,legends_llc legends_road_safety,,
7885,Amila Aponso,Amila Aponso,new,2018-2023,legends_llc super_provincial_t20_tournament,,
376,Daren Ganga,Daren Ganga,new,2020-2020,legends_road_safety,,
4199,C Hooper,C Hooper,new,2020-2020,legends_road_safety,,
4223,Ridley Jacobs,Ridley Jacobs,new,2020-2021,legends_road_safety,,
357,P Collins,P Collins,new,2020-2020,legends_road_safety,,
4230,D Ramnarine,D Ramnarine,new,2020-2021,legends_road_safety,,
71,Zaheer,Zaheer,new,2018-2020,legends_road_safety t10_abu_dhabi,,
3921,S Bahutule,S Bahutule,new,2020-2020,legends_road_safety,,
3941,Sameer Dighe,Sameer Dighe,new,2020-2020,legends_road_safety,,
100,M Atapattu,M Atapattu,new,2020-2020,legends_road_safety,,
107,U Chandana,U Chandana,new,2020-2020,legends_road_safety,,
6729,Sachithra Senanayake,SMSM Senanayake,unique_surname,2012-2020,legends_road_safety slpl,Senanayake Mudiyanselage Sachithra Madhushanka Senanayake,2012-2016
277,Rangana Herath,HMRKB Herath,unique_surname,2012-2021,legends_road_safety slpl,Herath Mudiyanselage Rangana Keerthi Bandara Herath,2011-2016
4746,Shane Lee,Shane Lee,new,2020-2020,legends_road_safety,,
1814,S Bangar,S Bangar,new,2020-2020,legends_road_safety,,
6231,A Sanford,A Sanford,new,2020-2021,legends_road_safety,,
509,J van der Wath,J van der Wath,new,2020-2022,legends_road_safety,,
606,P Harris,P Harris,new,2020-2020,legends_road_safety,,
316,A Hall,A Hall,new,2020-2020,legends_road_safety,,
4617,Martin van Jaarsveld,Martin van Jaarsveld,new,2020-2020,legends_road_safety,,
115,J Omar,J Omar,new,2021-2021,legends_road_safety,,
184,N Iqbal,N Iqbal,new,2021-2021,legends_road_safety,,
116,R Saleh,R Saleh,new,2021-2021,legends_road_safety,,
3180,H Sarkar,H Sarkar,new,2021-2021,legends_road_safety,,
122,K Mashud,K Mashud,new,2021-2022,legends_road_safety,,
121,K Mahmud,K Mahmud,new,2021-2021,legends_road_safety,,
3221,A Kabir,A Kabir,new,2021-2022,legends_road_safety,,
3171,M Rahman,Sabbir Rahman,team_context,2021-2021,legends_road_safety,Mohammad Sabbir Rahman,2012-2026
1059,J Tredwell,J Tredwell,new,2021-2021,legends_road_safety,,
645,Gavin Hamilton,Gavin Hamilton,new,2021-2021,legends_road_safety,,
547,Loots Bosman,Loots Bosman,new,2021-2021,legends_road_safety,,
2259,Z de Bruyn,Z de Bruyn,new,2021-2022,legends_road_safety,,
4307,J Kemp,J Kemp,exact_name,2021-2021,legends_road_safety,,2024-2024
4612,N Hayward,N Hayward,new,2021-2021,legends_road_safety,,
602,Chamara Silva,Chamara Silva,new,2012-2022,legends_road_safety slpl,,
405,Russel Arnold,Russel Arnold,new,2021-2021,legends_road_safety,,
700,Malinda Warnapura,MS Warnapura,unique_surname,2021-2021,legends_road_safety,,2024-2024
17982,Dulanjana Wijesinghe,Dulanjana Wijesinghe,new,2021-2021,legends_road_safety,,
3163,M Hossain,M Hossain,new,2021-2022,legends_road_safety,,
5444,U Afzaal,U Afzaal,new,2021-2024,legends_road_safety legends_wcl,,
5474,J Troughton,J Troughton,new,2021-2021,legends_road_safety,,
519,R Telemachus,R Telemachus (cb519),new,2021-2021,legends_road_safety,,
372,M Zondeki,M Zondeki (cb372),new,2021-2021,legends_road_safety,,
1983,R Austin,R Austin,new,2021-2021,legends_road_safety,,
4247,Mahendra Nagamootoo,Mahendra Nagamootoo,new,2021-2021,legends_road_safety,,
1392,Kaushalya Weeraratne,K Weeraratne,exact_name,2012-2022,legends_road_safety slpl,Kaushalya Weeraratne,2008-2009
19472,Lloyd Norris Jones,Lloyd Norris Jones,new,2021-2021,legends_road_safety,,
19468,James Tindall,James Tindall,new,2021-2022,legends_road_safety,,
396,T Imran,T Imran,new,2022-2022,legends_road_safety,,
378,Daren Powell,Daren Powell,new,2022-2022,legends_road_safety,,
4251,M Black,M Black,new,2022-2022,legends_road_safety,,
535,D Mohammed,D Mohammed (cb535),new,2022-2025,legends_road_safety legends_wcl,,
8395,Ishan Jayaratne,Ishan Jayaratne,exact_name,2022-2022,legends_road_safety,Hadigallage Ishan Anjana Jayaratne,2021-2021
8097,Sayers,Sayers,new,2022-2022,legends_road_safety,,
1320,A Redmond,A Redmond,new,2022-2022,legends_road_safety,,
7814,D Brownlie,DG Brownlie,team_context,2015-2022,legends_road_safety super_smash,Dean Graham Brownlie,2010-2021
57,C McMillan,C McMillan,new,2022-2022,legends_road_safety,,
578,G Hopkins,G Hopkins,new,2022-2022,legends_road_safety,,
8084,B Martin,B Martin,new,2022-2022,legends_road_safety,,
418,Shane Bond,Shane Bond,new,2022-2022,legends_road_safety,,
572,M Loye,M Loye,new,2022-2022,legends_road_safety,,
202,Kyle Mills,KD Mills,first+surname,2012-2022,legends_road_safety slpl,Kyle David Mills,2005-2014
31561,Jason Edward Spice,Jason Edward Spice,new,2022-2022,legends_road_safety,,
501,Jamie How,Jamie How,new,2022-2022,legends_road_safety,,
4618,A Dawson,A Dawson,new,2022-2022,legends_road_safety,,
31869,George Horlin,George Horlin,new,2022-2022,legends_road_safety,,
695,R Pawar,R Pawar,new,2022-2022,legends_road_safety,,
1391,Udawatte,Udawatte,new,2012-2022,legends_road_safety slpl super_provincial_t20_tournament,,
6282,Ajmal Shahzad,Ajmal Shahzad,new,2024-2025,legends_wcl,,
1120,Sohail Khan,Sohail Khan,exact_name,2018-2025,legends_wcl t10_abu_dhabi,Sohail Khan,2011-2024
9052,Sharjeel Khan,Sharjeel Khan,exact_name,2021-2025,legends_wcl t10_abu_dhabi t10_zim_afro,Sharjeel Khan,2013-2026
9524,Maqsood,Maqsood,new,2019-2025,legends_wcl t10_qatar,,
130,Younis Khan,Younis Khan (cb130),new,2024-2024,legends_wcl,,
371,A Prince,A Prince,new,2024-2024,legends_wcl,,
215,Charl Langeveldt,CK Langeveldt,first+surname,2012-2024,legends_wcl slpl,Charl Kenneth Langeveldt,2005-2013
1062,Neil McKenzie,Neil McKenzie,new,2024-2024,legends_wcl,,
5466,A Brown,A Brown,new,2024-2024,legends_wcl,,
1740,Umar Amin,Umar Amin,exact_name,2025-2025,legends_wcl,Umar Amin,2013-2021
10861,Raees,Raees,new,2021-2025,legends_wcl t10_abu_dhabi,,
488,Sir Alastair Cook,Sir Alastair Cook,new,2025-2026,legends_wcl legends_world_legends_pro_t20_league,,
9823,Olivier,D Olivier,team_context,2019-2025,legends_wcl t20_blast,,2015-2020
466,Piyush Chawla,PP Chawla,team_context,2022-2026,legends_wcl legends_world_legends_pro_t20_league sma t10_abu_dhabi,Piyush Pramod Chawla,2008-2026
1828,S Kaul,S Kaul,exact_name,2022-2025,legends_wcl sma,,2013-2023
6293,Aaron,VR Aaron,team_context,2022-2025,legends_wcl sma,Varun Raymond Aaron,2011-2022
8837,Parvez Rasool,Parvez Rasool,exact_name,2017-2026,legends_world_legends_pro_t20_league sma,Parvez Ghulam Rasool Zargar,2013-2021
1448,Cheteshwar Pujara,CA Pujara,team_context,2019-2026,legends_world_legends_pro_t20_league saurashtra_premier_league sma,Cheteshwar Arvind Pujara,2010-2022
51627,Pratik Athavale,PS Athavale,first+surname,2026-2026,legends_world_legends_pro_t20_league,Pratik Shrikant Athavale,2023-2024
1454,Amit Mishra,Amit Mishra,exact_name,2022-2026,legends_world_legends_pro_t20_league sma,,2016-2019
1477,Y Takawale,Y Takawale,new,2019-2026,legends_world_legends_pro_t20_league t20_mumbai,,
10338,Gaurav Dhiman,Gaurav Dhiman,new,2023-2026,legends_world_legends_pro_t20_league maharaja_trophy,,
7952,Dimuth Karunaratne,Dimuth Karunaratne,new,2012-2018,slpl super_provincial_t20_tournament,,
1746,Indika de Saram,Indika de Saram,new,2012-2012,slpl,,
7823,Kosala Kulasekara,Kosala Kulasekara,new,2012-2012,slpl,,
307,Thilan Samaraweera,Thilan Samaraweera,new,2012-2012,slpl,,
8391,Kithuruwan Vithanage,KDK Vithanage,unique_surname,2012-2019,slpl t10_qatar,Kasun Disi Kithuruwan Vithanage,2014-2016
1978,Kaushal Silva,Kaushal Silva,new,2012-2012,slpl,,
517,Prasanna Jayawardene,Prasanna Jayawardene,new,2012-2012,slpl,,
7872,Dhananjaya de Silva,DM de Silva,first+surname,2012-2018,slpl super_provincial_t20_tournament,Dhananjaya Maduranga de Silva,2015-2026
8402,Tharanga Lakshitha,Tharanga Lakshitha,new,2012-2012,slpl,,
7737,Shaminda Eranga,Shaminda Eranga,new,2012-2012,slpl,,
8166,Kanishka Alvitigala,Kanishka Alvitigala,new,2012-2012,slpl,,
8396,Udara Jayasundera,Udara Jayasundera,new,2012-2012,slpl,,
1629,Angelo Mathews,AD Mathews,team_context,2012-2025,slpl super_provincial_t20_tournament t10_abu_dhabi t10_lanka,Angelo Davis Mathews,2009-2026
129,Imran Farhat,Imran Farhat,exact_name,2012-2012,slpl,Imran Farhat,2010-2011
7892,Janaka Gunaratne,Janaka Gunaratne,new,2012-2012,slpl,,
7818,Chathura Peiris,Chathura Peiris,new,2012-2012,slpl,,
8483,Akila Dananjaya,Akila Dananjaya,new,2012-2024,slpl super_provincial_t20_tournament t10_abu_dhabi t10_lanka t10_zim_afro,,
101,Mahela Jayawardene,Mahela Jayawardene,new,2012-2017,slpl super_smash,,
106,Thilina Kandamby,SHT Kandamby,unique_surname,2012-2012,slpl,Sahan Hewa Thilina Kandamby,2008-2009
2090,Gihan Rupasinghe,Gihan Rupasinghe,new,2012-2012,slpl,,
7880,Ramith Rambukwella,RLB Rambukwella,first+surname,2012-2019,slpl super_provincial_t20_tournament t10_qatar,Ramith Laksen Bandara Rambukwella,2013-2016
7876,Chathuranga Kumara,Chathuranga Kumara,new,2012-2012,slpl,,
7821,Sachithra Serasinghe,Sachithra Serasinghe,new,2012-2012,slpl,,
8393,Dushmantha Chameera,PVD Chameera,unique_surname,2012-2019,slpl super_provincial_t20_tournament t10_abu_dhabi,Pathira Vasan Dushmantha Chameera,2015-2026
1786,Tharanga Paranavitana,Tharanga Paranavitana,new,2012-2012,slpl,,
1473,Jeevantha Kulatunga,Jeevantha Kulatunga,new,2012-2012,slpl,,
8410,Roshen Silva,Roshen Silva,new,2012-2012,slpl,,
8407,Madushanka Ekanayake,Madushanka Ekanayake,new,2012-2012,slpl,,
1056,Chanaka Welegedara,UWMBCA Welegedara,unique_surname,2012-2012,slpl,Uda Walawwe Mahim Bandaralage Chanaka Asanga Welegedara,2010-2010
8569,Charith Jayampathi,Charith Jayampathi,new,2012-2012,slpl,,
8116,Kusal Perera,Kusal Perera,new,2012-2024,slpl super_provincial_t20_tournament t10_abu_dhabi t10_lanka t10_zim_afro,,
1979,Suraj Randiv,S Randiv,unique_surname,2012-2012,slpl,Hewa Kaluhalamullage Suraj Randiv Kaluhalamulla,2010-2011
699,Ishara Amerasinghe,Ishara Amerasinghe,new,2012-2012,slpl,,
2280,Shalika Karunanayake,Shalika Karunanayake,new,2012-2012,slpl,,
8405,Sohan Boralessa,Sohan Boralessa,new,2012-2012,slpl,,
29300,Aneesh KV,Aneesh KV,new,2022-2026,maharaja_trophy,,
29130,Smaran Ravichandran,Smaran Ravichandran,new,2022-2026,maharaja_trophy sma,,
29207,Yashovardhan Parantap,Yashovardhan Parantap,new,2022-2026,maharaja_trophy,,
29158,Monish Reddy,Monish Reddy,new,2022-2026,maharaja_trophy,,
15312,Aditya Goyal,Aditya Goyal,new,2022-2026,maharaja_trophy,,
14523,Shubhang Hegde,S Hegde,team_context,2022-2026,maharaja_trophy sma,,2023-2023
48281,Mohsin Khan,Mohsin Khan (cb48281),new,2023-2026,maharaja_trophy,,
15327,LR Chethan,LR Chethan,exact_name,2022-2026,maharaja_trophy sma,,2022-2022
48333,Bhuvan Raju,Bhuvan Raju,new,2023-2025,maharaja_trophy,,
14590,Suraj Ahuja,Suraj Ahuja,exact_name,2022-2026,maharaja_trophy sma,,2021-2022
48834,SU Karthik,SU Karthik,new,2023-2026,maharaja_trophy,,
1428877,Samit Dravid,Samit Dravid,new,2024-2026,maharaja_trophy,,
10305,Sumit Kumar,Sumit Kumar,exact_name,2023-2025,maharaja_trophy sma,Sumit Kumar,2016-2024
1428870,Harshil Dharmani,Harshil Dharmani,new,2024-2026,maharaja_trophy,,
47679,Gautam Mishra,Gautam Mishra,new,2023-2026,maharaja_trophy,,
47710,Hardik Raj,Hardik Raj,new,2023-2026,maharaja_trophy,,
13081,S Shivaraj,S Shivaraj,new,2023-2026,maharaja_trophy,,
1428888,Dhruv Prabhakar,Dhruv Prabhakar,new,2024-2026,maharaja_trophy,,
29132,Rajvir Wadhwa,Rajvir Wadhwa,new,2022-2026,maharaja_trophy,,
29181,Macneil Noronha,Macneil Noronha,new,2022-2026,maharaja_trophy sma,,
29109,Rohan Patil,Rohan Patil,new,2022-2026,maharaja_trophy,,
48730,Lankesh KS,Lankesh KS,new,2023-2026,maharaja_trophy,,
29279,Sagar Solanki,Sagar Solanki,new,2022-2024,maharaja_trophy,,
1428951,Samarth Nagaraj,Samarth Nagaraj,new,2024-2025,maharaja_trophy,,
29102,Abhilash Shetty,Abhilash Shetty,new,2022-2026,maharaja_trophy,,
47693,Nischith N Rao,Nischith N Rao,new,2023-2026,maharaja_trophy,,
13977,Vidhwath Kaverappa,V Kaverappa,unique_surname,2022-2026,maharaja_trophy sma,Vidwath Kaverappa,2022-2024
29305,LR Kumar,LR Kumar,new,2022-2026,maharaja_trophy,,
47742,Manvanth Kumar L,Manvanth Kumar L,new,2023-2026,maharaja_trophy sma,,
1428861,Nishchith Pai,Nishchith Pai,new,2024-2026,maharaja_trophy,,
47703,Thippa Reddy,Thippa Reddy,new,2023-2026,maharaja_trophy,,
22586,Aneeshwar Gautam,Aneeshwar Gautam,new,2022-2026,maharaja_trophy,,
1428841,Karthikeya KP,Karthikeya KP,new,2024-2025,maharaja_trophy,,
29111,Dhanush Gowda,Dhanush Gowda,new,2022-2026,maharaja_trophy,,
29307,Paras Gurbax Arya,Paras Gurbax Arya,new,2022-2026,maharaja_trophy,,
15311,Rishi Bopanna,Rishi Bopanna,new,2022-2024,maharaja_trophy,,
48305,Deepak Devadiga,Deepak Devadiga,new,2023-2025,maharaja_trophy,,
1428913,Wahid Faizan Khan,Wahid Faizan Khan,new,2024-2026,maharaja_trophy,,
1428924,Niranjan Naik,Niranjan Naik,new,2024-2024,maharaja_trophy,,
1428906,Aadithya Vishwa Karma,Aadithya Vishwa Karma,new,2024-2024,maharaja_trophy,,
47686,Aditya Mani,Aditya Mani,new,2023-2024,maharaja_trophy,,
1428843,Madhav Prakash Bajaj,Madhav Prakash Bajaj,new,2024-2026,maharaja_trophy,,
1428922,Abhishek Prabhakar,Abhishek Prabhakar,new,2024-2026,maharaja_trophy,,
29312,Lochan Gowda,Lochan Gowda,new,2022-2026,maharaja_trophy,,
29298,Tushar Singh,Tushar Singh,new,2022-2026,maharaja_trophy t20_mumbai,,
15324,Bangalore Mohith,Bangalore Mohith,new,2022-2025,maharaja_trophy,,
48435,D Ashok,D Ashok,new,2024-2025,maharaja_trophy,,
1428897,Dheeraj Mohan,Dheeraj Mohan,new,2024-2024,maharaja_trophy,,
29277,Rohan Naveen,Rohan Naveen,new,2022-2026,maharaja_trophy,,
15314,Santok Singh,Santok Singh,new,2022-2024,maharaja_trophy,,
47717,Aadarsh Prajwal,Aadarsh Prajwal,new,2023-2026,maharaja_trophy,,
48743,Advith Shetty,Advith Shetty,new,2023-2024,maharaja_trophy,,
48274,EJ Jasper,EJ Jasper,new,2023-2024,maharaja_trophy,,
1428852,Daman Deep Singh,Daman Deep Singh,new,2024-2025,maharaja_trophy uppl,,
1428940,Shikhar Shetty,Shikhar Shetty,new,2024-2026,maharaja_trophy,,
15781,Kruthik Krishna,Kruthik Krishna,new,2022-2026,maharaja_trophy,,
1430219,Akash Katamble,Akash Katamble,new,2024-2024,maharaja_trophy,,
29209,Dheeraj J Gowda,Dheeraj J Gowda,new,2023-2026,maharaja_trophy,,
48288,Sourabh Muttur,Sourabh Muttur,new,2023-2024,maharaja_trophy,,
47707,Aaditya Nair,Aaditya Nair,new,2024-2026,maharaja_trophy,,
1428886,Smayan Srivastava,Smayan Srivastava,new,2024-2024,maharaja_trophy,,
8760,PP Das,PP Das,new,2023-2025,maharaja_trophy sma,,
29186,Shashi Kumar K,Shashi Kumar K,new,2022-2026,maharaja_trophy,,
1458747,Prajwal Pavan,Prajwal Pavan,new,2025-2026,maharaja_trophy,,
1458758,Younus Ali Baig,Younus Ali Baig,new,2025-2026,maharaja_trophy,,
1458802,Prakhar Chaturvedi,Prakhar Chaturvedi,new,2025-2026,maharaja_trophy,,
13973,Sankalp Shettennavar,Sankalp Shettennavar,new,2023-2025,maharaja_trophy,,
1458811,Yash Raj Punja,Yash Raj Punja,exact_name,2025-2026,maharaja_trophy,,2026-2026
47700,Rohit Kumar K,Rohit Kumar K,new,2023-2025,maharaja_trophy,,
1461286,Vaibhav Sharma A,Vaibhav Sharma A,new,2025-2026,maharaja_trophy,,
1461187,Shreevathsa Acharya,Shreevathsa Acharya,new,2025-2026,maharaja_trophy,,
1461202,Santokh Singh,Santokh Singh,new,2025-2026,maharaja_trophy,,
1458791,Siddharth Akhil,Siddharth Akhil,new,2025-2026,maharaja_trophy,,
1461374,Nithin Nagaraja,Nithin Nagaraja,new,2025-2025,maharaja_trophy,,
1461256,Vijaya Basavaraj Raj,Vijaya Basavaraj Raj,new,2025-2025,maharaja_trophy,,
1461191,Santosh Hatti,Santosh Hatti,new,2025-2026,maharaja_trophy,,
47749,Nathan D'Mello,Nathan D'Mello,new,2023-2026,maharaja_trophy,,
49478,Sanjay Ashwin,Sanjay Ashwin,new,2023-2025,maharaja_trophy,,
1458738,Faizan Raiz,Faizan Raiz,new,2025-2025,maharaja_trophy,,
1461759,Sanjay Kumar Sihag,Sanjay Kumar Sihag,new,2025-2025,maharaja_trophy,,
29265,Sagar Gowtham,Sagar Gowtham,new,2025-2026,maharaja_trophy,,
1461906,Anmol Mathur,Anmol Mathur,new,2025-2025,maharaja_trophy,,
47731,Aashish Mahesh,Aashish Mahesh,new,2023-2026,maharaja_trophy,,
1458767,Maribasava Gowda,Maribasava Gowda,new,2025-2025,maharaja_trophy,,
1458727,Harsha Wardhan Khuba,Harsha Wardhan Khuba,new,2025-2026,maharaja_trophy,,
47724,Shaun Joseph,Shaun Joseph,new,2025-2026,maharaja_trophy,,
1473957,Aarav Mahesh,Aarav Mahesh,new,2026-2026,maharaja_trophy,,
1474001,Bhuvan Mohan Raju,Bhuvan Mohan Raju,new,2026-2026,maharaja_trophy,,
1473967,Suhas Purushotham,Suhas Purushotham,new,2026-2026,maharaja_trophy,,
1474062,Yuvraj Arora,Yuvraj Arora,new,2026-2026,maharaja_trophy,,
1430460,KP Karthikeya,KP Karthikeya,new,2026-2026,maharaja_trophy,,
1474168,Vikas Gowda,Vikas Gowda,new,2026-2026,maharaja_trophy,,
1474069,Preetesh Ingle,Preetesh Ingle,new,2026-2026,maharaja_trophy,,
1428942,Bheem Rao Navale,Bheem Rao Navale,new,2026-2026,maharaja_trophy,,
36200,Vishal Onat,Vishal Onat,new,2026-2026,maharaja_trophy,,
1474817,Arbind Kumar Rai,Arbind Kumar Rai,new,2026-2026,maharaja_trophy,,
29118,Aaron Christie,Aaron Christie,new,2026-2026,maharaja_trophy,,
1474033,Shreyank Sagar,Shreyank Sagar,new,2026-2026,maharaja_trophy,,
1474187,Ronak Yelwal,Ronak Yelwal,new,2026-2026,maharaja_trophy,,
1474012,Vaasav Venkatesh,Vaasav Venkatesh,new,2026-2026,maharaja_trophy,,
1474044,Chiranth Shivarudra,Chiranth Shivarudra,new,2026-2026,maharaja_trophy,,
1473979,Rathan BR,Rathan BR,new,2026-2026,maharaja_trophy,,
1430052,Vinayak Holla,Vinayak Holla,new,2026-2026,maharaja_trophy,,
29179,Sujay Sateri,Sujay Sateri,new,2022-2026,maharaja_trophy,,
1476311,Ambareesh K,Ambareesh K,new,2026-2026,maharaja_trophy,,
1473968,Aadharsh SJ,Aadharsh SJ,new,2026-2026,maharaja_trophy,,
1476353,Arbind Rai,Arbind Rai,new,2026-2026,maharaja_trophy,,
29167,Abhishek Ahlawat,Abhishek Ahlawat,new,2026-2026,maharaja_trophy,,
48813,Tanish Mahesh,Tanish Mahesh,new,2023-2026,maharaja_trophy,,
1476410,Rohan Yareshmi,Rohan Yareshmi,new,2026-2026,maharaja_trophy,,
1474023,Yadugiri Yadav S,Yadugiri Yadav S,new,2026-2026,maharaja_trophy,,
1461322,Rohan Revankar,Rohan Revankar,new,2026-2026,maharaja_trophy,,
29032,BU Shiva Kumar,BU Shiva Kumar,new,2022-2022,maharaja_trophy,,
12234,Farooqi,Farooqi,new,2022-2022,maharaja_trophy,,
29333,Rohit Kumar,Rohit Kumar (cb29333),new,2022-2023,maharaja_trophy,,
29342,Naga Bharath,Naga Bharath,new,2022-2023,maharaja_trophy,,
15322,Lochan Appanna,Lochan Appanna,new,2022-2023,maharaja_trophy,,
15326,Utham Aiyappa,Utham Aiyappa,new,2022-2022,maharaja_trophy,,
29286,Saurabh Srivastav,Saurabh Srivastav,new,2022-2022,maharaja_trophy,,
29517,Desmond Antony,Desmond Antony,new,2022-2022,maharaja_trophy,,
29153,GS Chiranjeevi,GS Chiranjeevi,new,2022-2022,maharaja_trophy,,
29139,Chaitanya S,Chaitanya S,new,2022-2022,maharaja_trophy,,
13967,Shreyas BM,Shreyas BM,new,2022-2022,maharaja_trophy,,
29193,Raghuveer Pavalur,Raghuveer Pavalur,new,2022-2022,maharaja_trophy,,
29160,Varun Rao TN,Varun Rao TN,new,2022-2022,maharaja_trophy,,
29321,Kush Marathe,Kush Marathe,new,2022-2025,maharaja_trophy sma,,
29328,Tanay Valmik,Tanay Valmik,new,2022-2022,maharaja_trophy,,
29825,Ajay Gouda,Ajay Gouda,new,2022-2022,maharaja_trophy,,
29195,Amogh S,Amogh S,new,2022-2022,maharaja_trophy,,
48284,Gaurav,Gaurav,exact_name,2023-2023,maharaja_trophy,,2019-2019
14547,Rahul Rawat,Rahul Rawat,new,2023-2023,maharaja_trophy,,
15320,BU Shivakumar,BU Shivakumar,new,2023-2023,maharaja_trophy,,
14637,Malliksab Sirur,MG Sirur,unique_surname,2023-2023,maharaja_trophy,,2019-2021
48270,Clement Rajmohan,Clement Rajmohan,new,2023-2023,maharaja_trophy,,
47735,Shivam M B,Shivam M B,new,2023-2023,maharaja_trophy,,
29258,Akshan Rao,Akshan Rao,new,2023-2023,maharaja_trophy,,
48263,Abul Hasan Khalid,Abul Hasan Khalid,new,2023-2023,maharaja_trophy,,
1453931,Dhiraj Phatangare,Dhiraj Phatangare,new,2025-2025,mpl,,
1453942,Preetam Patil,Preetam Patil,new,2025-2025,mpl,,
14666,Azim Kazi,Azim Kazi,exact_name,2022-2025,mpl sma,,2019-2021
9295,Nikhil Naik,NS Naik,team_context,2023-2025,mpl sma,Nikhil Shankar Naik,2016-2021
13485,Divyang Hinganekar,Divyang Hinganekar,exact_name,2022-2025,mpl sma,,2018-2021
51802,Kiran Chormale,Kiran Chormale,new,2025-2025,mpl,,
1453896,Sahil Churi,Sahil Churi,new,2025-2025,mpl,,
1453951,Abhishek Pawar,Abhishek Pawar,new,2025-2025,mpl,,
8923,Satyajeet Bachhav,Satyajeet Bachhav,exact_name,2022-2025,mpl sma,,2016-2021
11906,Pradeep Dadhe,Pradeep Dadhe,exact_name,2023-2025,mpl sma,,2021-2021
51550,Vijay Pawale,Vijay Pawale,new,2023-2025,mpl sma,,
1453894,Kunal Thorat,Kunal Thorat,new,2025-2025,mpl,,
13184,Mukesh Choudhary,Mukesh Choudhary,exact_name,2022-2025,mpl sma,Mukesh Choudhary,2019-2026
14657,Manoj Ingale,MD Ingale,team_context,2022-2025,mpl sma,,2019-2021
51378,Arshin Kulkarni,AA Kulkarni,first+surname,2023-2025,mpl sma,Arshin Atul Kulkarni,2024-2026
15747,Digvijay Deshmukh,DR Deshmukh,unique_surname,2025-2025,mpl,,2019-2019
12805,Prashant Solanki,PH Solanki,first+surname,2019-2025,mpl sma t20_mumbai,Prashant Hitesh Solanki,2021-2022
1454173,Akshay Waikar,Akshay Waikar,new,2025-2025,mpl,,
14151,Mandar Bhandari,Mandar Bhandari,new,2023-2025,mpl sma,,
1430465,Sahil Parakh,SU Parakh,unique_surname,2025-2025,mpl sma,,2026-2026
18933,Ranjeet Nikam,Ranjeet Nikam,exact_name,2025-2025,mpl sma,,2021-2021
1454237,Rohan Damle,Rohan Damle,new,2025-2025,mpl,,
13580,Atharva Kale,Atharva Kale,new,2024-2025,mpl sma,,
1454215,Yogesh Dongre,Yogesh Dongre,new,2025-2025,mpl sma,,
14692,Siddhesh Veer,Siddhesh Veer,new,2022-2025,mpl sma,,
1454631,Harsh Mogaveera,Harsh Mogaveera,new,2025-2025,mpl,,
51753,Digvijay Patil,Digvijay Patil,new,2025-2025,mpl,,
1454624,Harsh Sanghvi,Harsh Sanghvi,new,2025-2025,mpl,,
1454613,Rugved More,Rugved More,new,2025-2025,mpl,,
12655,Rushabh Rathod,Rushabh Rathod,new,2023-2025,mpl sma,,
1454578,Ajay Borude,Ajay Borude,new,2025-2025,mpl,,
1454642,Tanay Sanghvi,Tanay Sanghvi,new,2025-2025,mpl sma,,
22616,Vicky Ostwal,Vicky Ostwal,new,2022-2025,mpl sma,,
1454675,Nikhil Kadam,Nikhil Kadam,new,2025-2025,mpl,,
14603,Hitesh Walunj,Hitesh Walunj,new,2025-2025,mpl,,
36585,Sagar Jadhav,Sagar Jadhav,new,2025-2025,mpl,,
1454466,Vaibhav Darkunde,Vaibhav Darkunde,new,2025-2025,mpl,,
14599,RS Hangargekar,RS Hangargekar,exact_name,2022-2025,mpl sma,Rajvardhan S Hangargekar,2021-2023
9574,Zope,Zope,new,2025-2025,mpl,,
1454556,Vivek Shelar,Vivek Shelar,new,2025-2025,mpl,,
10847,Shamshuzama Kazi,SM Kazi,team_context,2022-2025,mpl sma,,2016-2021
1454512,Shubham P Maid,Shubham P Maid,new,2025-2025,mpl,,
14191,Pavan Shah,Pavan Shah,new,2022-2025,mpl sma,,
34445,Saurabh Nawale,Saurabh Nawale,new,2025-2025,mpl,,
1431449,Harshal Kate,Harshal Kate,new,2025-2025,mpl,,
52215,Om Bhosale,Om Bhosale,new,2025-2025,mpl,,
1454536,Patel M Sharad,Patel M Sharad,new,2025-2025,mpl,,
1454525,Aniket Porwal,Aniket Porwal,new,2025-2025,mpl,,
52222,Sachin Bhosale,Sachin Bhosale,new,2025-2025,mpl,,
32835,Ramakrishna Ghosh,Ramakrishna Ghosh,new,2022-2025,mpl sma,,
8999,Nikit Dhumal,NR Dhumal,unique_surname,2025-2025,mpl,,2019-2019
1447213,Roshan Waghsare,Roshan Waghsare,new,2025-2025,mpl,,
14656,Yash Nahar,Yash Nahar,exact_name,2022-2025,mpl sma,,2019-2021
11816,Murtaza Trunkwala,Murtaza Trunkwala,new,2025-2025,mpl,,
1454059,Sahil Autade,Sahil Autade,new,2025-2025,mpl,,
1454105,Suraj Shinde,Suraj Shinde,new,2025-2025,mpl,,
10974,Naushad Shaikh,Naushad Shaikh,exact_name,2022-2025,mpl sma,,2018-2021
16512,Yash Kshirsagar,Yash Kshirsagar,new,2022-2025,mpl sma,,
1454070,Rushikesh Sonawane,Rushikesh Sonawane,new,2025-2025,mpl,,
1454151,Rohan Kharat,Rohan Kharat,new,2025-2025,mpl,,
1453973,Prathamesh Pundlik Gawade,Prathamesh Pundlik Gawade,new,2025-2025,mpl,,
10887,Rajneesh Gurbani,RN Gurbani,unique_surname,2025-2025,mpl,,2016-2019
1454323,Atman Pore,Atman Pore,new,2025-2025,mpl,,
1454334,Anand Thenge,Anand Thenge,new,2025-2025,mpl,,
1447209,Shreyas Chavan,Shreyas Chavan,new,2025-2025,mpl,,
1454314,Atharv Dakway,Atharv Dakway,new,2025-2025,mpl,,
8617,Ankit Bawne,AR Bawne,first+surname,2017-2025,mpl sma,Ankit Ramdas Bawne,2016-2019
9012,Tripathi,RA Tripathi,team_context,2022-2025,mpl sma,Rahul Ajay Tripathi,2016-2025
51798,Sachin Dhas,Sachin Dhas,new,2025-2025,mpl,,
51385,Siddharth Mhatre,Siddharth Mhatre,new,2023-2025,mpl sma,,
51392,Dhanraj Shinde,Dhanraj Shinde,new,2023-2025,mpl sma,,
6375,Shrikant Mundhe,SS Mundhe,team_context,2022-2025,mpl sma,Shrikant Shrihari Mundhe,2011-2022
10855,Vishant More,Vishant More,new,2025-2025,mpl,,
1456285,Saurabh Singh,Saurabh Singh,new,2025-2025,mpl,,
1454048,Atharva Dharmadhikari,Atharva Dharmadhikari,new,2025-2025,mpl,,
1456292,Joe Ruebenson Pardesi,Joe Ruebenson Pardesi,new,2025-2025,mpl,,
11793,Sunil Yadav,Sunil Yadav,exact_name,2019-2025,mpl saurashtra_premier_league,,2021-2021
22606,Kaushal Tambe,Kaushal Tambe,new,2022-2025,mpl sma,,
1453883,Yogesh Chavan,Yogesh Chavan,new,2025-2025,mpl,,
1454602,Ravindhra Jadhav,Ravindhra Jadhav,new,2025-2025,mpl,,
49254,Savya Gajraj,Savya Gajraj,new,2023-2025,mpl rajasthan_premier_league,,
1454598,Niraj Joshi,Niraj Joshi,new,2025-2025,mpl sma,,
1454345,Deepak Dangi,Deepak Dangi,new,2025-2025,mpl,,
53331,Sohan Jamale,Sohan Jamale,new,2025-2025,mpl,,
1454118,Abhinav Tiwari,Abhinav Tiwari,new,2025-2025,mpl,,
1454620,Omkar Khatpe,Omkar Khatpe,new,2025-2025,mpl,,
1456538,Advay Shidhaye,Advay Shidhaye,new,2025-2025,mpl,,
1454547,Vaibbhav chougalle,Vaibbhav chougalle,new,2025-2025,mpl,,
1454180,Siddhant Doshi,Siddhant Doshi,new,2025-2025,mpl,,
1453995,Abhimanyu Jadhav,Abhimanyu Jadhav,new,2025-2025,mpl,,
1456714,Samadhan Pagare,Samadhan Pagare,new,2025-2025,mpl,,
1454545,Aniruddha Sabale,Aniruddha Sabale,new,2025-2025,mpl,,
33176,Yash Jadhav,Y Avinash Jadhav,team_context,2022-2025,mpl sma,,2022-2022
1454622,Shubham Kadam,Shubham Kadam,new,2025-2025,mpl,,
1455821,Apurve Dwivedi,Apurve Dwivedi,new,2025-2026,mppl,,
14296,Ankush Singh,Ankush Singh (cb14296),new,2025-2026,mppl sma,,
13262,Shubham Sharma,Shubham Sharma,exact_name,2022-2026,mppl sma,,2021-2023
6322,Harpreet Singh,Harpreet Singh (cb6322),new,2017-2025,mppl sma,,
22486,Aman Bhadoriya,AB Bhadoriya,team_context,2022-2026,mppl sma,,2022-2022
1455845,Rudransh Singh,Rudransh Singh,new,2025-2026,mppl,,
1455834,Raj Dabi,Raj Dabi,new,2025-2025,mppl,,
1455852,Nayanraj Mewada,Nayanraj Mewada,new,2025-2026,mppl,,
1447173,Tripuresh Singh,Tripuresh Singh,exact_name,2024-2026,mppl sma,,2024-2024
54686,Aryan Pandey,Aryan Pandey,new,2025-2026,mppl,,
14336,Kuldeep Sen,KR Sen,team_context,2022-2026,mppl sma,Kuldeep Rampal Sen,2019-2024
1456017,Anvesh Chawla,Anvesh Chawla,new,2025-2026,mppl,,
1455955,Arpit Patel,Arpit Patel,new,2025-2026,mppl,,
1455995,Mangesh Yadav,Mangesh Yadav,new,2025-2026,mppl sma,,
1455966,Akash Raghuwanshi,Akash Raghuwanshi,new,2025-2026,mppl,,
1455999,Prarabdha Mishra,Prarabdha Mishra,new,2025-2026,mppl,,
10918,Parth Sahani,Parth Sahani,exact_name,2022-2026,mppl sma,,2016-2023
1456021,Parth Chaudhary,Parth Chaudhary,new,2025-2026,mppl,,
1456338,Suraj Yadav,Suraj Yadav (cb1456338),new,2025-2026,mppl,,
1447153,Vikas Sharma,Vikas Sharma,new,2025-2026,mppl,,
14671,Rishabh Chauhan,Rishabh Chauhan,new,2023-2026,mppl sma,,
19047,Rakesh Thakur,Rakesh Thakur,exact_name,2025-2026,mppl,,2021-2023
14192,Yash Dubey,Yash Dubey,new,2025-2026,mppl,,
1455907,Shivang Kumar,Shivang Kumar,exact_name,2025-2026,mppl sma,,2026-2026
1455898,Harsh Dixit,Harsh Dixit,new,2025-2026,mppl,,
1447065,Aniket Verma,Aniket Verma,exact_name,2024-2026,mppl sma,Aniket Umashankar Verma,2025-2026
16371,Gautam Raghuwanshi,Gautam Raghuwanshi,new,2025-2026,mppl,,
1455876,Himanshu Shinde,Himanshu Shinde,new,2025-2026,mppl,,
1447321,Madhav Tiwari,Madhav Tiwari,new,2025-2026,mppl,,
18637,Arshad Khan,Arshad Khan,exact_name,2023-2025,mppl sma,Mohd Arshad Khan,2023-2026
32842,Kamal Tripathi,K Tripathi,team_context,2022-2026,mppl sma,,2022-2022
1455918,Aayush Mankar,Aayush Mankar,new,2025-2026,mppl,,
1455922,Akshay Singh,Akshay Singh,new,2025-2026,mppl,,
22406,Anubhav Agarwal,Anubhav Agarwal,new,2025-2026,mppl,,
1456237,Pankaj Patel,Pankaj Patel,new,2025-2026,mppl,,
10948,Rahul Batham,Rahul Batham,exact_name,2023-2026,mppl sma,,2019-2024
34800,Ritesh Shakya,Ritesh Shakya,new,2025-2026,mppl,,
10285,Saransh Jain,Saransh Jain,exact_name,2023-2026,mppl sma,,2019-2023
13576,Dharmesh Patel,Dharmesh Patel,new,2025-2026,mppl,,
1456129,Prithviraj Singh Tomar,Prithviraj Singh Tomar,new,2025-2026,mppl,,
32847,Chanchal Rathore,C Rathore,team_context,2022-2026,mppl sma,,2022-2022
15963,Himanshu Mantri,Himanshu Mantri,new,2025-2026,mppl,,
51424,Sagar Solanki,S Solanki,team_context,2023-2026,mppl sma,,2023-2023
1456127,Atharv Mahajan,Atharv Mahajan,new,2025-2026,mppl,,
1456195,Kanishk Dubey,Kanishk Dubey,new,2025-2026,mppl,,
14190,Kumar Kartikeya,K Kartikeya,team_context,2022-2026,mppl sma,Kumar Kartikeya Singh,2019-2025
1456182,Saransh Surana,Saransh Surana,new,2025-2026,mppl,,
1456142,Aryan Deshmukh,Aryan Deshmukh,new,2025-2026,mppl,,
1447165,Shivam Shukla,Shivam Shukla,exact_name,2024-2026,mppl sma,,2024-2024
1456197,Ramveer Gujjar,Ramveer Gujjar,new,2025-2026,mppl,,
51777,Saumy Pandey,Saumy Pandey,new,2025-2026,mppl,,
1455801,Priyanshu Shukla,Priyanshu Shukla,new,2025-2026,mppl,,
1455797,Shubham Kaithwas,Shubham Kaithwas,new,2025-2025,mppl,,
1447553,Abhishek Pathak,Abhishek Pathak,new,2024-2026,mppl sma,,
27422,Harsh Gawali,Harsh Gawali,new,2024-2026,mppl sma,,
1455786,Karan Tahliyani,Karan Tahliyani,new,2025-2026,mppl,,
1455755,Abhishekh Mavi,Abhishekh Mavi,new,2025-2026,mppl,,
1456327,Divyanshu Yadav,Divyanshu Yadav,new,2025-2025,mppl,,
1455775,Aman Yadav,Aman Yadav,new,2025-2025,mppl,,
18628,Shantanu Raghuvanshi,Shantanu Raghuvanshi,new,2025-2026,mppl,,
1456600,Gautam Joshi,Gautam Joshi,new,2025-2026,mppl,,
1455975,Anant Dubey,Anant Dubey,new,2025-2026,mppl,,
18618,Arpit Gaud,Arpit Gaud,exact_name,2024-2026,mppl sma,,2021-2024
24431,Akshat Raghuwanshi,Akshat Raghuwanshi,exact_name,2022-2026,mppl sma,,2022-2026
14697,Rahul Chandrol,Rahul Chandrol,new,2025-2026,mppl,,
10917,Venkatesh Iyer,VR Iyer,team_context,2022-2026,mppl sma,Venkatesh Rajasekaran Iyer,2016-2026
15796,Vikrant Bhadoriya,Vikrant Bhadoriya,new,2025-2026,mppl,,
1456041,Akhil Nigote Yadav,Akhil Nigote Yadav,new,2025-2026,mppl,,
1456050,Ankur Singh Chauhan,Ankur Singh Chauhan,new,2025-2026,mppl,,
10324,Mihir Hirwani,Mihir Hirwani,exact_name,2023-2026,mppl sma,,2016-2021
1456094,Pawan Nirwani,Pawan Nirwani,new,2025-2026,mppl,,
1456065,Parush Mandal,Parush Mandal,new,2025-2026,mppl,,
22476,Siddharth Patidar,SM Patidar,team_context,2022-2026,mppl sma,,2022-2022
1456219,Akarsh Singh,Akarsh Singh,new,2025-2026,mppl,,
14663,Abhishek Bhandari,Abhishek Bhandari,exact_name,2025-2026,mppl,,2019-2019
1456215,Ritik Tada,Ritik Tada,new,2025-2026,mppl,,
1456228,Sanjog Nijjer,Sanjog Nijjer,new,2025-2025,mppl,,
1455766,Vivek Sharma,Vivek Sharma,new,2025-2026,mppl,,
1455812,Aryan Tiwari,Aryan Tiwari,new,2025-2026,mppl,,
11794,Mukul Raghav,Mukul Raghav,new,2025-2025,mppl,,
1456160,Harshwardhan Singh,Harshwardhan Singh,new,2025-2026,mppl,,
1456030,Vishnu Bhardwaj,Vishnu Bhardwaj,new,2025-2026,mppl,,
1456206,Tanishq Yadav,Tanishq Yadav,new,2025-2026,mppl,,
1455986,Ajay Mishra,Ajay Mishra,new,2025-2026,mppl,,
1456725,Arpit Khare,Arpit Khare,new,2025-2025,mppl,,
1456120,Siddhant Agarwal,Siddhant Agarwal,new,2025-2025,mppl,,
1447157,Pankaj Sharma,Pankaj Sharma,new,2025-2026,mppl,,
1456186,Pranjul Puri,Pranjul Puri,new,2025-2026,mppl,,
1456314,Omkar Nath Singh,Omkar Nath Singh,new,2025-2026,mppl,,
1456866,Yash Patidar,Yash Patidar,new,2025-2026,mppl,,
1455841,Vineet Rawat,Vineet Rawat,new,2025-2026,mppl,,
1456965,Suraj Sengar,Suraj Sengar,new,2025-2025,mppl,,
1455933,Roshan Kewat,Roshan Kewat,new,2025-2026,mppl,,
1473418,Ojaswa Yadav,Ojaswa Yadav,new,2026-2026,mppl,,
1455885,Shubham Kushwah,Shubham Kushwah,new,2026-2026,mppl,,
1473431,Rishi Miglani,Rishi Miglani,new,2026-2026,mppl,,
1456204,Adheer Pratap Singh,Adheer Pratap Singh,new,2026-2026,mppl,,
1473424,Gajendra Goswami,Gajendra Goswami,new,2026-2026,mppl,,
14694,Ishan Afridi,Ishan Afridi,new,2026-2026,mppl,,
21656,Kuldeep Gehi,Kuldeep Gehi,exact_name,2022-2026,mppl sma,,2021-2021
1455867,Kartik Parihar,Kartik Parihar,new,2026-2026,mppl,,
10636,Rajat Patidar,RM Patidar,team_context,2022-2026,mppl sma,Rajat Manohar Patidar,2018-2026
1473484,Ansh Yadav,Ansh Yadav,new,2026-2026,mppl,,
13497,Ashutosh Sharma,Ashutosh Sharma,exact_name,2023-2026,mppl sma,Ashutosh Rambabu Sharma,2019-2026
1473490,Prashant Kasde,Prashant Kasde,new,2026-2026,mppl,,
1473468,Aditya Mishra,Aditya Mishra,new,2026-2026,mppl,,
9781,Avesh Khan,Avesh Khan,exact_name,2023-2026,mppl sma,Avesh Khan,2017-2026
1473512,Mayur Singh Patel,Mayur Singh Patel,new,2026-2026,mppl,,
1473528,Rohit Kumar Gupta,Rohit Kumar Gupta,new,2026-2026,mppl,,
1473501,Karan Tiwari,Karan Tiwari,new,2026-2026,mppl,,
1473571,Anchit Singh Thakur,Anchit Singh Thakur,new,2026-2026,mppl,,
1473600,Yuvraj Nema,Yuvraj Nema,new,2026-2026,mppl,,
1473629,Sidhant Agravwal,Sidhant Agravwal,new,2026-2026,mppl,,
1473622,Atharv Joshi,Atharv Joshi,new,2026-2026,mppl,,
1456054,Shubham Rathore,Shubham Rathore,new,2026-2026,mppl,,
1455953,Varun Shinde,Varun Shinde,new,2026-2026,mppl,,
1473593,Manish Kumar,Manish Kumar,new,2026-2026,mppl,,
1473809,Kushagra Wadhwa,Kushagra Wadhwa,new,2026-2026,mppl,,
1456184,Parth Goswami,Parth Goswami,new,2026-2026,mppl,,
1456105,Aman Jain,Aman Jain,new,2026-2026,mppl,,
1473827,Bhumesh Muzalda,Bhumesh Muzalda,new,2026-2026,mppl,,
11030,Ashwin Das,Ashwin Das,exact_name,2022-2026,mppl pondicherry_premier_league sma,,2016-2022
1473836,Ankit Kushwaha,Ankit Kushwaha,new,2026-2026,mppl,,
1430508,Rohit Rajawat,Rohit Rajawat,new,2026-2026,mppl,,
41680,Mohd Arham Aquil,Mohd Arham Aquil,new,2026-2026,mppl,,
1473847,Anant Verma,Anant Verma,new,2026-2026,mppl,,
1473838,Naveen Singh Chouhan,Naveen Singh Chouhan,new,2026-2026,mppl,,
9749,Puneet Datey,Puneet Datey,exact_name,2022-2026,mppl pondicherry_premier_league sma,,2016-2022
1473868,Akshay Sharma,Akshay Sharma,new,2026-2026,mppl,,
13577,Ajay Rohera,AR Rohera,team_context,2023-2026,mppl pondicherry_premier_league sma,,2023-2023
1473882,Sanjog Nijjar,Sanjog Nijjar,new,2026-2026,mppl,,
1473475,Ishan Choudhary,Ishan Choudhary,new,2026-2026,mppl,,
9289,Anand Bais,Anand Bais,exact_name,2025-2026,mppl pondicherry_premier_league sma,,2016-2019
1473902,Shivansh Chaturvedi,Shivansh Chaturvedi,new,2026-2026,mppl,,
1473908,Devendra Singh Katheit,Devendra Singh Katheit,new,2026-2026,mppl,,
1455887,Kunal Rai,Kunal Rai,new,2026-2026,mppl,,
1473552,Amol Kasture,Amol Kasture,new,2026-2026,mppl,,
1473539,Yash Kumar Lodhi,Yash Kumar Lodhi,new,2026-2026,mppl,,
1455944,Harshvardhan Hardia,Harshvardhan Hardia,new,2026-2026,mppl,,
1430537,Soham Patwardhan,Soham Patwardhan,new,2026-2026,mppl,,
1473442,Darshan Rathore,Darshan Rathore,new,2026-2026,mppl,,
1473497,Sachin Vishwakarma,Sachin Vishwakarma,new,2026-2026,mppl,,
1473439,Naveen Nagle,Naveen Nagle,new,2026-2026,mppl,,
1473583,Anurag Malviya,Anurag Malviya,new,2026-2026,mppl,,
1473464,Saksham Purohit,Saksham Purohit,new,2026-2026,mppl,,
1473494,Pawan Yadav,Pawan Yadav,new,2026-2026,mppl,,
1473451,Vishesh Mudgal,Vishesh Mudgal,new,2026-2026,mppl,,
1473893,Pushkar Vishwakarma,Pushkar Vishwakarma,new,2026-2026,mppl,,
1474540,Sandeep Singh,Sandeep Singh (cb1474540),new,2026-2026,mppl,,
1456140,Radhakrishna Dwivedi,Radhakrishna Dwivedi,new,2026-2026,mppl,,
1473578,Ansh Bagadia,Ansh Bagadia,new,2026-2026,mppl,,
1473505,Madhur Seth,Madhur Seth,new,2026-2026,mppl,,
1456083,Mehfooz Patel,Mehfooz Patel,new,2026-2026,mppl,,
1473616,Aayaam Verma,Aayaam Verma,new,2026-2026,mppl,,
1473798,Harshit Parsai,Harshit Parsai,new,2026-2026,mppl,,
1473890,Vedant Awasthi,Vedant Awasthi,new,2026-2026,mppl,,
1473406,Tushar Verma,Tushar Verma,new,2026-2026,mppl,,
1473816,Milan Shivhare,Milan Shivhare,new,2026-2026,mppl,,
1456151,Jaydev Singh,Jaydev Singh,new,2026-2026,mppl,,
1456072,Lucky Mishra,Lucky Mishra,new,2026-2026,mppl,,
1473901,Kartik Rajoriya,Kartik Rajoriya,new,2026-2026,mppl,,
1473396,Anil Mourya,Anil Mourya,new,2026-2026,mppl,,
1473915,Shashank Patidar,Shashank Patidar,new,2026-2026,mppl,,
1473858,Prince Wadhwani,Prince Wadhwani,new,2026-2026,mppl,,
1456248,Prabhanshu Shukla,Prabhanshu Shukla,new,2026-2026,mppl,,
1474674,Devansh Vishwakarma,Devansh Vishwakarma,new,2026-2026,mppl,,
1456116,Masoom Raza Kaif,Masoom Raza Kaif,new,2026-2026,mppl,,
1473869,Aayam Sardaana,Aayam Sardaana,new,2026-2026,mppl,,
1473879,Akshat Dwivedi,Akshat Dwivedi,new,2026-2026,mppl,,
1456316,Ritwik Diwan,Ritwik Diwan,new,2026-2026,mppl,,
1455830,Akash Rajawat,Akash Rajawat,new,2026-2026,mppl,,
15290,Neyan Shyam Kangayan,Neyan Shyam Kangayan,new,2019-2025,pondicherry_premier_league tnpl,,
21571,Logesh Prabagaran,Logesh Prabagaran,exact_name,2025-2025,pondicherry_premier_league,,2021-2021
32443,Akash Kargave,AA Kargave,team_context,2022-2025,pondicherry_premier_league sma,,2022-2022
1457275,Vandit Joshi,Vandit Joshi,new,2025-2025,pondicherry_premier_league,,
1457392,P Paneerselvam,P Paneerselvam,new,2025-2025,pondicherry_premier_league,,
1457348,Nadeem Khan,Nadeem Khan (cb1457348),new,2025-2025,pondicherry_premier_league,,
1457297,Prathapraj D,Prathapraj D,new,2025-2025,pondicherry_premier_league,,
10334,Ankit Kushwah,Ankit Kushwah,exact_name,2022-2025,pondicherry_premier_league sma,,2016-2022
1447761,Adil Ayub Tunda,Adil Ayub Tunda,new,2024-2025,pondicherry_premier_league sma,,
1457616,Naman Sharma,Naman Sharma,new,2025-2025,pondicherry_premier_league,,
52477,Nitin Pranaav,Nitin Pranaav,new,2025-2025,pondicherry_premier_league,,
24416,Sidak Gurvinder Singh,Sidak Gurvinder Singh,new,2023-2025,pondicherry_premier_league sma,,
14614,A Aravinddaraj,A Aravinddaraj,exact_name,2023-2025,pondicherry_premier_league sma,,2019-2022
14682,Satish Jangir,Satish Jangir,exact_name,2022-2025,pondicherry_premier_league sma,,2019-2022
1457381,Shafeequddin,Shafeequddin,new,2025-2025,pondicherry_premier_league,,
1457482,Satvik Deswal,Satvik Deswal,new,2025-2025,pondicherry_premier_league,,
1448497,Jashwanth Shreeram,Jashwanth Shreeram,new,2024-2025,pondicherry_premier_league sma,,
1457515,J Rajashekar Reddy,J Rajashekar Reddy,new,2025-2025,pondicherry_premier_league,,
1457330,Shailesh Vaithianathan,Shailesh Vaithianathan,new,2025-2025,pondicherry_premier_league,,
21576,Karthikeyan Jayasundaram,Karthikeyan Jayasundaram,new,2023-2025,pondicherry_premier_league sma,,
14615,Thamaraikannan Parandaman,Thamaraikannan Parandaman,new,2025-2025,pondicherry_premier_league sma,,
29116,Mohammed Aqib Jawad,Mohammed Aqib Jawad,new,2025-2025,pondicherry_premier_league,,
15733,Nitesh Sedai,Nitesh Sedai,exact_name,2022-2025,pondicherry_premier_league sma,,2019-2023
1457528,Aman F Khan,Aman F Khan,new,2025-2025,pondicherry_premier_league,,
1450672,Gautam Dileep Shastry,Gautam Dileep Shastry,new,2025-2025,pondicherry_premier_league,,
14043,Vikneshwaran Marimuthu,Vikneshwaran Marimuthu,new,2022-2025,pondicherry_premier_league sma,,
7810,Ankit Sharma,Ankit Sharma,exact_name,2022-2025,pondicherry_premier_league sma,Ankit Nagendra Sharma,2012-2022
51116,Bhupender Chauhan,Bhupender Chauhan,new,2023-2025,pondicherry_premier_league sma,,
1457539,Pandiyan Kalaiyamudhan,Pandiyan Kalaiyamudhan,new,2025-2025,pondicherry_premier_league,,
14434,Santhosh Kumaran,Santhosh Kumaran,new,2025-2025,pondicherry_premier_league,,
1457396,Hitesh Patel,Hitesh Patel,new,2025-2025,pondicherry_premier_league,,
1457583,Jasoliya Senilkumar,Jasoliya Senilkumar,new,2025-2025,pondicherry_premier_league,,
21678,Vijai Raja,Vijai Raja,new,2025-2025,pondicherry_premier_league sma,,
21568,Manogaran,Manogaran,new,2025-2025,pondicherry_premier_league,,
1457638,Sreeraj J R,Sreeraj J R,new,2025-2025,pondicherry_premier_league,,
15484,Sagar Udeshi,Sagar Udeshi,exact_name,2022-2025,pondicherry_premier_league sma,,2019-2022
1457647,Bharat Sharma,Bharat Sharma,exact_name,2025-2025,pondicherry_premier_league,,2021-2022
1457671,Karan Kannan,Karan Kannan,new,2025-2025,pondicherry_premier_league,,
1457649,Nithiyananda Raman,Nithiyananda Raman,new,2025-2025,pondicherry_premier_league,,
32954,Thivagar Gopal,Thivagar Gopal,exact_name,2022-2025,pondicherry_premier_league sma,,2022-2022
1457636,Kamaleeshwaran A,Kamaleeshwaran A,new,2025-2025,pondicherry_premier_league,,
1457625,Ragavan Ramamoorthy,Ragavan Ramamoorthy,new,2025-2025,pondicherry_premier_league sma,,
1457667,Shobhit Chaudhary,Shobhit Chaudhary,new,2025-2025,pondicherry_premier_league,,
1457689,Shrikaran A,Shrikaran A,new,2025-2025,pondicherry_premier_league sma,,
1457869,Bhanu Anand,Bhanu Anand,new,2025-2025,pondicherry_premier_league sma,,
14388,Mohit Kale,Mohit Kale,new,2025-2025,pondicherry_premier_league,,
14613,Damodaran Rohit,Damodaran Rohit,exact_name,2022-2025,pondicherry_premier_league sma,,2019-2022
52904,Akash Pougajendy,Akash Pougajendy,new,2025-2025,pondicherry_premier_league sma,,
19473,Aman Khan,Aman Hakim Khan,team_context,2022-2025,pondicherry_premier_league sma,,2021-2023
1457942,Prithvi Rajan Khanna,Prithvi Rajan Khanna,new,2025-2025,pondicherry_premier_league,,
1457911,Sivamurugan Murugaiyan,Sivamurugan Murugaiyan,new,2025-2025,pondicherry_premier_league sma,,
36496,Raghav Goyal,R Goyal,exact_name,2025-2025,pondicherry_premier_league sma,Raghav Goyal,2023-2023
18798,J Manikandan,J Manikandan,new,2025-2025,pondicherry_premier_league,,
24281,Ramesh Kumar,Ramesh Kumar,new,2025-2025,pondicherry_premier_league,,
1457891,Himanshu Sahani,Himanshu Sahani,new,2025-2025,pondicherry_premier_league,,
1457823,Pranay Singh,Pranay Singh,new,2025-2025,pondicherry_premier_league,,
22166,Parth Vaghani,Parth Vaghani,new,2025-2025,pondicherry_premier_league,,
12941,Kannan Vignesh,Kannan Vignesh,new,2017-2025,pondicherry_premier_league tnpl,,
55680,Pankaj Yadav,Pankaj Yadav,new,2025-2025,pondicherry_premier_league,,
1457810,Divya Prakash Singh,Divya Prakash Singh,new,2025-2025,pondicherry_premier_league,,
1457799,Akash Kumar,Akash Kumar,new,2025-2025,pondicherry_premier_league,,
54544,Vedant Bhardwaj,Vedant Bhardwaj,new,2025-2025,pondicherry_premier_league sma,,
1457735,R Pravin,R Pravin,new,2025-2025,pondicherry_premier_league,,
10356,Aditya Garhwal,Aditya Garhwal,exact_name,2023-2025,pondicherry_premier_league rajasthan_premier_league sma,,2018-2021
1457790,Sanaboyina Tarun,Sanaboyina Tarun,new,2025-2025,pondicherry_premier_league,,
1457792,Udayanarayanan Karthiraja,Udayanarayanan Karthiraja,new,2025-2025,pondicherry_premier_league,,
18797,Premraj Rajavelu,Premraj Rajavelu,exact_name,2022-2025,pondicherry_premier_league sma,,2021-2021
1457273,Ayudh Sharma,Ayudh Sharma,new,2025-2025,pondicherry_premier_league,,
1457880,Samar Khan,Samar Khan,new,2025-2025,pondicherry_premier_league,,
32455,Parameeswaran Sivaraman,Parameeswaran Sivaraman,exact_name,2022-2025,pondicherry_premier_league sma,,2022-2022
1457656,Akshant Baghel,Akshant Baghel,new,2025-2025,pondicherry_premier_league,,
32441,Abin Mathew,Abin Mathew,new,2022-2025,pondicherry_premier_league sma,,
1457458,Pratham Nagori,Pratham Nagori,new,2025-2025,pondicherry_premier_league,,
14947,Puneet Tripathi,Puneet Tripathi,new,2019-2025,pondicherry_premier_league t20_mumbai,,
1457660,Sai Hariram K,Sai Hariram K,new,2025-2025,pondicherry_premier_league,,
1457517,Md Waseef Mukadam,Md Waseef Mukadam,new,2025-2025,pondicherry_premier_league,,
1457803,Sandeep Paswan,Sandeep Paswan,new,2025-2025,pondicherry_premier_league,,
11640,Santha Moorthy,Santha Moorthy,exact_name,2016-2025,pondicherry_premier_league tnpl,,2019-2021
1458298,Rishi Raut,Rishi Raut,new,2025-2025,pondicherry_premier_league,,
1457678,Bharat Rawat,Bharat Rawat,new,2025-2025,pondicherry_premier_league,,
36790,Santosh Ratnaparkhe,Santosh Ratnaparkhe,new,2025-2025,pondicherry_premier_league,,
1457768,Pradeep Jakhar,Pradeep Jakhar,new,2025-2025,pondicherry_premier_league,,
1457284,Aditya Chauhan,Aditya Chauhan,new,2025-2025,pondicherry_premier_league,,
1458329,Nitesh Thakur N,Nitesh Thakur N,new,2025-2025,pondicherry_premier_league,,
11577,Ganga Sridhar Raju,Ganga Sridhar Raju,new,2016-2025,pondicherry_premier_league tnpl,,
1457418,Nakul Mehta,Nakul Mehta,new,2025-2025,pondicherry_premier_league,,
1457603,Rohit Chouhan,Rohit Chouhan,new,2025-2025,pondicherry_premier_league,,
1457746,Praveen Kumar S,Praveen Kumar S,new,2025-2025,pondicherry_premier_league,,
1457502,Atchayan,Atchayan,new,2025-2025,pondicherry_premier_league,,
1457480,K Vishnu,K Vishnu,new,2025-2025,pondicherry_premier_league,,
1457843,Sunil Kumar P,Sunil Kumar P,new,2025-2025,pondicherry_premier_league,,
1447089,Sabhay Chadha,Sabhay Chadha,new,2024-2025,pondicherry_premier_league sma,,
1458351,Anugrah Latwal,Anugrah Latwal,new,2025-2025,pondicherry_premier_league,,
1457341,Jullian Jacob Edward,Jullian Jacob Edward,new,2025-2025,pondicherry_premier_league,,
1457570,Aman Ahuja,Aman Ahuja,new,2025-2025,pondicherry_premier_league,,
1457436,Lakshme Nishank,Lakshme Nishank,new,2025-2025,pondicherry_premier_league,,
1457493,VS Shushruth,VS Shushruth,new,2025-2025,pondicherry_premier_league,,
1457623,Aahil Kachru,Aahil Kachru,new,2025-2025,pondicherry_premier_league,,
1457693,Vamsi Krishna,Vamsi Krishna,new,2025-2025,pondicherry_premier_league,,
1457370,Harikrishna Shishir,Harikrishna Shishir,new,2025-2025,pondicherry_premier_league,,
1458657,Pranav Chopra,Pranav Chopra,new,2025-2025,pondicherry_premier_league,,
1457414,Saie Sharan,Saie Sharan,new,2025-2025,pondicherry_premier_league,,
1457559,Rahul R,Rahul R,new,2025-2025,pondicherry_premier_league,,
19002,Bharat Sharma,Bharat Sharma,exact_name,2023-2025,rajasthan_premier_league sma,,2021-2022
12813,Abhijeet Tomar,Abhijeet Tomar,new,2017-2024,rajasthan_premier_league rajputana_premier_league sma,,
49107,Devesh Agarwal,Devesh Agarwal,new,2023-2023,rajasthan_premier_league,,
49156,Anshul Garhwal,Anshul Garhwal,new,2023-2023,rajasthan_premier_league,,
49149,Hemant Joshi,Hemant Joshi,new,2023-2023,rajasthan_premier_league,,
13254,Shubham Sharma,Shubham Sharma,exact_name,2023-2023,rajasthan_premier_league sma,,2021-2023
49100,Aniruddh Chauhan,Aniruddh Chauhan,new,2023-2023,rajasthan_premier_league,,
12437,Dev Yadav,Dev Yadav,new,2023-2023,rajasthan_premier_league,,
49121,Ajayraj Singh,Ajayraj Singh,new,2023-2023,rajasthan_premier_league,,
9430,Abhimanyu Lamba,Abhimanyu Lamba,new,2023-2023,rajasthan_premier_league,,
49114,Sangram Singh,Sangram Singh,new,2023-2023,rajasthan_premier_league,,
36482,Himanshu Sharma,H Sharma,exact_name,2023-2025,rajasthan_premier_league sma,Himanshu Sharma,2023-2024
12822,Arafat Khan,Arafat Khan,new,2023-2023,rajasthan_premier_league sma,,
24261,Ashok Sharma,Ashok Sharma,exact_name,2023-2025,rajasthan_premier_league sma,,2026-2026
49172,Rohit Khichar,Rohit Khichar,new,2023-2023,rajasthan_premier_league,,
49247,Vishal Godara,Vishal Godara,new,2023-2023,rajasthan_premier_league,,
22471,Shubham Garhwal,Shubham Garhwal,new,2022-2025,rajasthan_premier_league sma,,
49163,Divya Gajraj,Divya Gajraj,new,2023-2023,rajasthan_premier_league,,
49170,Sumit Godara,Sumit Godara,new,2023-2023,rajasthan_premier_league,,
12818,Tanmay Tiwari,Tanmay Tiwari,new,2017-2023,rajasthan_premier_league rajputana_premier_league,,
39219,Mukul Choudhary,Mukul Choudhary,new,2023-2025,rajasthan_premier_league sma,,
49261,Shoaib,Shoaib,new,2023-2023,rajasthan_premier_league,,
11892,Amitkumar Gautam,Amitkumar Gautam,new,2023-2023,rajasthan_premier_league,,
49359,Rajat Chapparwal,Rajat Chapparwal,new,2023-2023,rajasthan_premier_league,,
9427,Deepak Hooda,DJ Hooda,team_context,2017-2025,rajasthan_premier_league sma,Deepak Jagbir Hooda,2015-2025
49347,Karan Singh,Karan Singh (cb49347),new,2023-2023,rajasthan_premier_league,,
49361,Azeem Akthar,Azeem Akthar,new,2023-2023,rajasthan_premier_league,,
16009,Rajat Choudhary,Rajat Choudhary,new,2023-2023,rajasthan_premier_league,,
49345,Hitesh Patel,Hitesh Patel (cb49345),new,2023-2023,rajasthan_premier_league,,
49480,Sourabh Chouchan,Sourabh Chouchan,new,2023-2023,rajasthan_premier_league,,
23886,Pushpendra Singh Rathore,Pushpendra Singh Rathore,new,2023-2023,rajasthan_premier_league,,
39258,Himanshu Nehra,Himanshu Nehra,new,2023-2023,rajasthan_premier_league,,
49492,Himanshu Sharma,H Sharma,exact_name,2023-2023,rajasthan_premier_league,Himanshu Sharma,2023-2024
49352,Nikhil Shukla,Nikhil Shukla,new,2023-2023,rajasthan_premier_league,,
10952,Khaleel Ahmed,KK Ahmed,team_context,2022-2023,rajasthan_premier_league sma,Khaleel Khursheed Ahmed,2018-2026
24246,Sahil Dhiwan,Sahil Dhiwan,new,2023-2025,rajasthan_premier_league sma,,
49324,Ajay Dharnia,Ajay Dharnia,new,2023-2023,rajasthan_premier_league,,
11047,Chandrapal Singh,Chandrapal Singh,new,2023-2023,rajasthan_premier_league,,
49331,Pradhumn Parikh,Pradhumn Parikh,new,2023-2023,rajasthan_premier_league,,
12841,Yash Kothari,YB Kothari,team_context,2022-2023,rajasthan_premier_league sma,,2021-2022
10844,Manender Narender Singh,Manender Narender Singh,new,2023-2023,rajasthan_premier_league,,
8599,Arjit Gupta,Arjit Gupta,exact_name,2017-2023,rajasthan_premier_league rajputana_premier_league sma,,2019-2022
49298,Rahul Tomar,Rahul Tomar,new,2023-2023,rajasthan_premier_league,,
14450,Samarpit Joshi,Samarpit Joshi,exact_name,2022-2023,rajasthan_premier_league sma,,2022-2022
49403,Zubair Ali,Zubair Ali (cb49403),new,2023-2024,rajasthan_premier_league sma,,
49410,Meet Bhavsar,Meet Bhavsar (cb49410),new,2023-2023,rajasthan_premier_league,,
49389,Raj Sharma,Raj Sharma,new,2023-2023,rajasthan_premier_league,,
7836,D Chahar,DL Chahar,team_context,2023-2024,rajasthan_premier_league sma,Deepak Lokandersingh Chahar,2016-2026
37152,Karan Lamba,Karan Lamba,new,2023-2025,rajasthan_premier_league sma,,
32854,Kunal Singh Rathore,KS Rathore,exact_name,2022-2025,rajasthan_premier_league sma,Kunal Singh Rathore,2022-2025
12973,Lakhan Bharti,Lakhan Bharti,new,2017-2023,rajasthan_premier_league rajputana_premier_league,,
49375,Ajay Kookna,Ajay Kookna,new,2023-2023,rajasthan_premier_league,,
21761,Mohit Jain,Mohit Jain,exact_name,2023-2023,rajasthan_premier_league,,2021-2021
49506,Hemant Kumar,Hemant Kumar,new,2023-2023,rajasthan_premier_league,,
49513,Ashish Chopra,Ashish Chopra,new,2023-2023,rajasthan_premier_league,,
49471,Abhimanyu Mathur,Abhimanyu Mathur,new,2023-2023,rajasthan_premier_league,,
11912,Rajesh Bishnoi Jr,RB Bishnoi Jr,team_context,2022-2024,rajasthan_premier_league sma,,2021-2023
49499,Sachin Yadav,Sachin Yadav,new,2023-2023,rajasthan_premier_league,,
12883,Shubham Patwal,Shubham Patwal,new,2017-2023,rajasthan_premier_league rajputana_premier_league,,
49457,Kanhaiya Lal,Kanhaiya Lal,new,2023-2023,rajasthan_premier_league,,
8600,A Lamba,A Lamba,new,2017-2023,rajasthan_premier_league rajputana_premier_league,,
14711,Ramnivas Golada,Ramnivas Golada,new,2022-2025,rajasthan_premier_league sma,,
10907,Salman Faruk Khan,SF Khan,team_context,2023-2023,rajasthan_premier_league sma,,2018-2022
10954,Mahipal Lomror,MK Lomror,team_context,2017-2025,rajasthan_premier_league sma,Mahipal Krishan Lomror,2018-2024
49459,Kartikey Choudhary,Kartikey Choudhary,new,2023-2023,rajasthan_premier_league,,
49191,Dhananjay Tiwari,Dhananjay Tiwari,new,2023-2023,rajasthan_premier_league,,
13595,Shiva Chauhan,Shiva Chauhan,exact_name,2023-2023,rajasthan_premier_league,,2021-2021
49338,Salauddin,Salauddin,new,2023-2023,rajasthan_premier_league,,
12087,Rahul Chahar,RD Chahar,team_context,2022-2025,rajasthan_premier_league sma,Rahul Desraj Chahar,2017-2026
49522,Aman Rajawat,Aman Rajawat,new,2023-2023,rajasthan_premier_league,,
49557,Kartik Sharma,Kartik Sharma,exact_name,2023-2025,rajasthan_premier_league sma,,2026-2026
12970,Arnav Gautam,Arnav Gautam,new,2017-2023,rajasthan_premier_league rajputana_premier_league,,
49396,Sachin Kakodia,Sachin Kakodia,new,2023-2023,rajasthan_premier_league,,
19152,Deepak Karwasara,Deepak Karwasara,new,2023-2023,rajasthan_premier_league,,
49368,Nikhil Sachdev,Nikhil Sachdev,new,2023-2023,rajasthan_premier_league,,
8190,Aniket Choudhary,A Choudhary,team_context,2017-2024,rajasthan_premier_league sma,,2017-2022
12837,Rajkumar Saini,Rajkumar Saini,new,2017-2023,rajasthan_premier_league rajputana_premier_league,,
49436,Dhanraj Singh,Dhanraj Singh,new,2023-2023,rajasthan_premier_league,,
49662,Sharad Cheeta,Sharad Cheeta,new,2023-2023,rajasthan_premier_league,,
49695,Sawai Choudhary,Sawai Choudhary,new,2023-2023,rajasthan_premier_league,,
49688,Ritik Audichya,Ritik Audichya,new,2023-2023,rajasthan_premier_league,,
49135,Rahul Bhatt,Rahul Bhatt,new,2023-2023,rajasthan_premier_league,,
12867,Deepak Choudhary,Deepak Choudhary,new,2017-2023,rajasthan_premier_league rajputana_premier_league,,
49422,Dharmveer Saini,Dharmveer Saini,new,2023-2023,rajasthan_premier_league,,
49424,Rajat Singh,Rajat Singh,new,2023-2023,rajasthan_premier_league,,
49996,chhagan purohit,chhagan purohit,new,2023-2023,rajasthan_premier_league,,
50003,Ashok Singh,Ashok Singh,new,2023-2023,rajasthan_premier_league,,
49998,Aryan Chandra,Aryan Chandra,new,2023-2023,rajasthan_premier_league,,
49319,Shahbaz Khan,Shahbaz Khan,new,2023-2023,rajasthan_premier_league,,
49669,Mukesh Godara,Mukesh Godara,new,2023-2023,rajasthan_premier_league,,
50087,Kapil Choudhary,Kapil Choudhary,new,2023-2023,rajasthan_premier_league,,
49177,Anas Malik,Anas Malik,new,2023-2023,rajasthan_premier_league,,
50068,Surendra Godara,Surendra Godara,new,2023-2023,rajasthan_premier_league,,
50075,Rohit Suthar,Rohit Suthar,new,2023-2025,rajasthan_premier_league tnpl,,
50082,Yuvraj Singh,Yuvraj Singh,exact_name,2023-2023,rajasthan_premier_league,Yuvraj Singh,2007-2023
14596,Manav Suthar,MJ Suthar,team_context,2022-2025,rajasthan_premier_league sma,Manav Jagdusakumar Suthar,2022-2026
50318,Soyed khan,Soyed khan,new,2023-2023,rajasthan_premier_league,,
50311,Ravindra Khichar,Ravindra Khichar,new,2023-2023,rajasthan_premier_league,,
12912,Dushyant Godara,Dushyant Godara,new,2017-2017,rajputana_premier_league,,
12916,Dilkant Machra,Dilkant Machra,new,2017-2017,rajputana_premier_league,,
12801,Mukesh,Mukesh,new,2017-2017,rajputana_premier_league,,
12809,Saleem,Saleem,new,2017-2017,rajputana_premier_league,,
12919,Azhruddin 2,Azhruddin 2,new,2017-2017,rajputana_premier_league,,
12913,Hardeep Singh,Hardeep Singh (cb12913),new,2017-2017,rajputana_premier_league,,
12811,Amandeep,Amandeep,new,2017-2017,rajputana_premier_league,,
12803,Pankaj Katariya,Pankaj Katariya,new,2017-2017,rajputana_premier_league,,
12914,Saorav Kumar,Saorav Kumar,new,2017-2017,rajputana_premier_league,,
12877,Akhil lamba,Akhil lamba,new,2017-2017,rajputana_premier_league,,
12881,Gourav Mehra,Gourav Mehra,new,2017-2017,rajputana_premier_league,,
12880,Sourav Bharti,Sourav Bharti,new,2017-2017,rajputana_premier_league,,
12923,Mohd Shafi,Mohd Shafi,new,2017-2017,rajputana_premier_league,,
12882,Lovepreet,Lovepreet,new,2017-2017,rajputana_premier_league,,
12874,Prabhash Joshi,Prabhash Joshi,new,2017-2017,rajputana_premier_league,,
12875,Aashish Saini,Aashish Saini,new,2017-2017,rajputana_premier_league,,
12884,Aayush Totuka,Aayush Totuka,new,2017-2017,rajputana_premier_league,,
12878,Ismile Ahamad,Ismile Ahamad,new,2017-2017,rajputana_premier_league,,
12949,Surya Prakash Suwalka,ST Suwalka,unique_surname,2017-2017,rajputana_premier_league,,2016-2016
12817,Akhil Garg,Akhil Garg,new,2017-2017,rajputana_premier_league,,
12815,Akram,Akram,new,2017-2017,rajputana_premier_league,,
12831,Jangir,Jangir,new,2017-2017,rajputana_premier_league,,
12950,Sushil Singhnoiya,Sushil Singhnoiya,new,2017-2017,rajputana_premier_league,,
12948,Aaditya Singh,Aaditya Singh,new,2017-2017,rajputana_premier_league,,
12824,Aaman Deep,Aaman Deep,new,2017-2017,rajputana_premier_league,,
12836,Atul Sharma,Atul Sharma,new,2017-2017,rajputana_premier_league,,
12842,Amit Jaif,Amit Jaif,new,2017-2017,rajputana_premier_league,,
12839,Chandan Choudhary,Chandan Choudhary,new,2017-2017,rajputana_premier_league,,
12849,Jattin Kumar,Jattin Kumar,new,2017-2017,rajputana_premier_league,,
12848,Sandeep Soni,Sandeep Soni,new,2017-2017,rajputana_premier_league,,
12829,Shamshad Khan,Shamshad Khan,new,2017-2017,rajputana_premier_league,,
12844,Shyam Sharma,Shyam Sharma,new,2017-2017,rajputana_premier_league,,
12947,Aftabuddin,Aftabuddin,new,2017-2017,rajputana_premier_league,,
12838,Sumit Raj,Sumit Raj,new,2017-2017,rajputana_premier_league,,
12840,Rajan Pratap,Rajan Pratap,new,2017-2017,rajputana_premier_league,,
12850,Ankur Sharma,Ankur Sharma (cb12850),new,2017-2017,rajputana_premier_league,,
12891,Bhagwati,Bhagwati,new,2017-2017,rajputana_premier_league,,
12890,Ramniwas,Ramniwas,new,2017-2017,rajputana_premier_league,,
12905,Rinku Phour,Rinku Phour,new,2017-2017,rajputana_premier_league,,
12901,Indraj Jangir,Indraj Jangir,new,2017-2017,rajputana_premier_league,,
12907,Satnam Singh,Satnam Singh,new,2017-2017,rajputana_premier_league,,
12894,Aaranv Goutam,Aaranv Goutam,new,2017-2017,rajputana_premier_league,,
12899,Pradeep Singh,Pradeep Singh,new,2017-2017,rajputana_premier_league,,
12903,Jaswinder Singh Sidhu,Jaswinder Singh Sidhu,new,2017-2017,rajputana_premier_league,,
12900,Ramandeep Singh,Ramandeep Singh,exact_name,2017-2017,rajputana_premier_league,Ramandeep Singh,2021-2026
12911,Anuj Meena,Anuj Meena,new,2017-2017,rajputana_premier_league,,
12896,Shorabh Singh,Shorabh Singh,new,2017-2017,rajputana_premier_league,,
12873,Anirudh Meena,Anirudh Meena,new,2017-2017,rajputana_premier_league,,
12863,Krishan Bansal,Krishan Bansal,new,2017-2017,rajputana_premier_league,,
12865,Amandeep,Amandeep (cb12865),new,2017-2017,rajputana_premier_league,,
12869,Mohd Rijwan,Mohd Rijwan,new,2017-2017,rajputana_premier_league,,
12864,Krishan Kumar,Krishan Kumar,new,2017-2017,rajputana_premier_league,,
12861,Gorav Khatri,Gorav Khatri,new,2017-2017,rajputana_premier_league,,
12860,Ashok Budanyia,Ashok Budanyia,new,2017-2017,rajputana_premier_league,,
12857,Aaditya Gardhwal,Aaditya Gardhwal,new,2017-2017,rajputana_premier_league,,
12858,Kesahv Didwaniya,Kesahv Didwaniya,new,2017-2017,rajputana_premier_league,,
12870,Manish Goswami,Manish Goswami,new,2017-2017,rajputana_premier_league,,
12806,Honey Jeet,Honey Jeet,new,2017-2017,rajputana_premier_league,,
12953,Hitesh Solanki,Hitesh Solanki,new,2017-2017,rajputana_premier_league,,
12804,Ummed Meena,Ummed Meena,new,2017-2017,rajputana_premier_league,,
12915,Suresh Kumar,Suresh Kumar,exact_name,2017-2017,rajputana_premier_league,,2019-2019
12807,Jagsimran,Jagsimran,new,2017-2017,rajputana_premier_league,,
12852,Ajay Beniwal,Ajay Beniwal,new,2017-2017,rajputana_premier_league,,
12922,C P Singh,C P Singh,new,2017-2017,rajputana_premier_league,,
12886,Rakesh Sasodyia,Rakesh Sasodyia,new,2017-2017,rajputana_premier_league,,
12956,Akash Malik,Akash Malik,new,2017-2017,rajputana_premier_league,,
12957,Gurpreet Kumar,Gurpreet Kumar,new,2017-2017,rajputana_premier_league,,
12866,Mahendra Choudhary,Mahendra Choudhary,new,2017-2017,rajputana_premier_league,,
12812,Harjeet,Harjeet,new,2017-2017,rajputana_premier_league,,
12959,Satnam,Satnam,new,2017-2017,rajputana_premier_league,,
12898,Deepak Serawat,Deepak Serawat,new,2017-2017,rajputana_premier_league,,
12904,Vikram Jangid,Vikram Jangid,new,2017-2017,rajputana_premier_league,,
12958,Cheerag Sharma,Cheerag Sharma,new,2017-2017,rajputana_premier_league,,
12961,Wasu Jangid,Wasu Jangid,new,2017-2017,rajputana_premier_league,,
12960,Pushpendra Siami,Pushpendra Siami,new,2017-2017,rajputana_premier_league,,
12868,Goni Khambey,Goni Khambey,new,2017-2017,rajputana_premier_league,,
12944,Himanshu Rana,Himanshu Rana,exact_name,2017-2017,rajputana_premier_league,,2016-2023
12962,Abhya Aroda,Abhya Aroda,new,2017-2017,rajputana_premier_league,,
12798,Manoj Mahala,Manoj Mahala,new,2017-2017,rajputana_premier_league,,
12800,Yunus Ali,Yunus Ali,new,2017-2017,rajputana_premier_league,,
12876,Arvind Khijoryia,Arvind Khijoryia,new,2017-2017,rajputana_premier_league,,
12889,Ehsaan Ali,Ehsaan Ali,new,2017-2017,rajputana_premier_league,,
12968,Vishal Tiwari,Vishal Tiwari,new,2017-2017,rajputana_premier_league,,
12879,Hemant Sharma,Hemant Sharma,new,2017-2017,rajputana_premier_league,,
12967,Shubham Pareek,Shubham Pareek,new,2017-2017,rajputana_premier_league,,
12847,Sharif Khan,Sharif Khan,new,2017-2017,rajputana_premier_league,,
12969,Mahesh Sain,Mahesh Sain,new,2017-2017,rajputana_premier_league,,
12965,Dinesh Bhati,Dinesh Bhati,new,2017-2017,rajputana_premier_league,,
12966,Rafi Zoya,Rafi Zoya,new,2017-2017,rajputana_premier_league,,
12964,Ghanshyam,Ghanshyam,new,2017-2017,rajputana_premier_league,,
12963,Sagar Rawat,Sagar Rawat,new,2017-2017,rajputana_premier_league,,
12972,Damodar,Damodar,new,2017-2017,rajputana_premier_league,,
12974,Irfan,Irfan,new,2017-2017,rajputana_premier_league,,
12971,Veer Abhimanyu,Veer Abhimanyu,new,2017-2017,rajputana_premier_league,,
12834,Abhishek Tiwari,Abhishek Tiwari,new,2017-2017,rajputana_premier_league,,
12979,Wasim Khan,Wasim Khan,new,2017-2017,rajputana_premier_league,,
12978,Venu Gopal God,Venu Gopal God,new,2017-2017,rajputana_premier_league,,
12833,Gyan Prakash Prohit,Gyan Prakash Prohit,new,2017-2017,rajputana_premier_league,,
12975,Abhishek Sharma,Abhishek Sharma,exact_name,2017-2017,rajputana_premier_league,Abhishek Sharma,2018-2026
12976,Ravi Kumar,Ravi Kumar,new,2017-2017,rajputana_premier_league,,
12977,Ashfaq Khan,Ashfaq Khan,new,2017-2017,rajputana_premier_league,,
12859,Aadil Khan,Aadil Khan,new,2017-2017,rajputana_premier_league,,
12981,Vedhant,Vedhant,new,2017-2017,rajputana_premier_league,,
12827,Azhruddin,Azhruddin,new,2017-2017,rajputana_premier_league,,
12982,Sharif,Sharif,new,2017-2017,rajputana_premier_league,,
12983,Rakesh Meena,Rakesh Meena,new,2017-2017,rajputana_premier_league,,
12893,Manohar Singh,Manohar Singh,new,2017-2017,rajputana_premier_league,,
12986,Furkan khan,Furkan khan,new,2017-2017,rajputana_premier_league,,
12985,Rajvinder Rulaniya,Rajvinder Rulaniya,new,2017-2017,rajputana_premier_league,,
12987,Sandeep Shrimel,Sandeep Shrimel,new,2017-2017,rajputana_premier_league,,
12988,Rajveer Kumar,Rajveer Kumar,new,2017-2017,rajputana_premier_league,,
12088,Harvik Desai,H Desai,team_context,2019-2025,saurashtra_premier_league sma,,2019-2024
14868,Aezaz Kothariya,Aezaz Kothariya,new,2019-2023,saurashtra_premier_league,,
8850,Vasavada,Vasavada,new,2019-2019,saurashtra_premier_league,,
13493,Vishvaraj Jadeja,Vishvaraj Jadeja,exact_name,2019-2025,saurashtra_premier_league sma,,2018-2024
14870,Parth Chauhan,Parth Chauhan,exact_name,2019-2023,saurashtra_premier_league sma,,2019-2022
14869,Karamchandani,Karamchandani,new,2019-2023,saurashtra_premier_league,,
14872,Harsh Anghan,Harsh Anghan,new,2019-2019,saurashtra_premier_league,,
14876,Kuldeep Sharma,Kuldeep Sharma,new,2019-2019,saurashtra_premier_league,,
14867,Pranav Nandha,Pranav Nandha,new,2019-2019,saurashtra_premier_league,,
14871,Dev Dand,Dev Dand,new,2019-2023,saurashtra_premier_league,,
14866,Vivek Agath,Vivek Agath,new,2019-2019,saurashtra_premier_league,,
6327,Jaydev Unadkat,JD Unadkat,team_context,2019-2025,saurashtra_premier_league sma,Jaydev Dipakbhai Unadkat,2010-2026
12644,Agnivesh Ayachi,Agnivesh Ayachi,new,2019-2025,saurashtra_premier_league sma,,
14880,Parth Bhut,Parth Bhut,exact_name,2019-2025,saurashtra_premier_league sma,,2021-2023
8282,Kuldeep Raval,Kuldeep Raval,new,2019-2019,saurashtra_premier_league,,
14882,Suresh Padiyachi,Suresh Padiyachi,new,2019-2023,saurashtra_premier_league,,
14884,Hitendra Jadeja,Hitendra Jadeja,new,2019-2023,saurashtra_premier_league,,
10330,Snell Patel,Snell Patel,new,2019-2023,saurashtra_premier_league,,
9639,Avi Barot,AA Barot,unique_surname,2019-2019,saurashtra_premier_league,,2016-2021
10221,Pruthvipal Solanki,Pruthvipal Solanki,new,2019-2022,saurashtra_premier_league sma,,
10901,Rajdeep Darbar,Rajdeep Darbar,new,2019-2019,saurashtra_premier_league,,
14881,Sahil Karathia,Sahil Karathia,new,2019-2019,saurashtra_premier_league,,
10663,Mohsin Dodia,Mohsin Dodia,new,2019-2019,saurashtra_premier_league,,
10839,Samarth Vyas,Samarth Vyas,exact_name,2019-2024,saurashtra_premier_league sma,,2019-2023
11054,Prerak Mankad,PN Mankad,team_context,2017-2025,saurashtra_premier_league sma,Prerak Nileshkumar Mankad,2016-2024
9247,Jyot Chhaya,Jyot Chhaya,new,2019-2023,saurashtra_premier_league,,
11974,Jay Chauhan,Jay Chauhan,exact_name,2019-2023,saurashtra_premier_league,,2019-2019
14902,Harnish Trivedi,Harnish Trivedi,new,2019-2019,saurashtra_premier_league,,
14900,Devang Karamta,Devang Karamta,new,2019-2024,saurashtra_premier_league sma,,
14901,Kishan Kugasiya,Kishan Kugasiya,new,2019-2019,saurashtra_premier_league,,
14896,Bhavyesh Donga,Bhavyesh Donga,new,2019-2019,saurashtra_premier_league,,
8270,Chirag Jani,Chirag Jani,exact_name,2019-2025,saurashtra_premier_league sma,,2016-2024
13494,Chetan Sakariya,C Sakariya,exact_name,2019-2025,saurashtra_premier_league sma,Chetan Sakariya,2019-2025
14895,Prabhu Sindhav,Prabhu Sindhav,new,2019-2019,saurashtra_premier_league,,
9033,Dharmendrasinh Jadeja,Dharmendrasinh Jadeja,exact_name,2017-2025,saurashtra_premier_league sma,,2016-2024
10222,Divyaraj Chauhan,Divyaraj Chauhan,new,2019-2023,saurashtra_premier_league,,
9208,Himalaya Barad,Himalaya Barad,exact_name,2019-2019,saurashtra_premier_league,,2016-2021
14889,Tarang Gohel,Tarang Gohel,exact_name,2019-2024,saurashtra_premier_league sma,,2022-2024
8847,Sagar Jogiyani,Sagar Jogiyani,new,2019-2019,saurashtra_premier_league,,
14891,Kevin Jivrajani,Kevin Jivrajani,new,2019-2023,saurashtra_premier_league,,
14893,Pranav Karia,P Karia,team_context,2019-2023,saurashtra_premier_league sma,,2023-2023
8777,H Rathod,H Rathod (cb8777),new,2019-2019,saurashtra_premier_league,,
14916,Sagar Bhojani,Sagar Bhojani,new,2019-2019,saurashtra_premier_league,,
14910,Vihar Jadeja,Vihar Jadeja,new,2019-2023,saurashtra_premier_league,,
10662,Vandit Jivrajani,V M Jivrajani,unique_surname,2019-2023,saurashtra_premier_league,,2019-2019
8618,K Makvana,K Makvana,new,2019-2019,saurashtra_premier_league,,
14912,Abhal Karetha,Abhal Karetha,new,2019-2019,saurashtra_premier_league,,
14911,Krishnakant Pathak,Krishnakant Pathak,new,2019-2023,saurashtra_premier_league,,
12325,Kishan Parmar,Kishan Parmar,new,2019-2023,saurashtra_premier_league,,
14909,Chirag Sisodiya,Chirag Sisodiya,new,2019-2023,saurashtra_premier_league,,
12645,Abrar Shaikh,Abrar Shaikh,new,2019-2019,saurashtra_premier_league,,
14918,Bensiyon Songaonkar,Bensiyon Songaonkar,new,2019-2019,saurashtra_premier_league,,
14903,Tarang Chhatrola,Tarang Chhatrola,new,2019-2019,saurashtra_premier_league,,
9034,V Joshi,V Joshi,new,2019-2019,saurashtra_premier_league,,
14890,Aryandev Jhala,Aryandev Jhala,new,2019-2023,saurashtra_premier_league,,
14883,Amit Ranjan,Amit Ranjan,new,2019-2023,saurashtra_premier_league,,
14886,Fenil Soni,Fenil Soni,new,2019-2019,saurashtra_premier_league,,
14873,Brijesh Lakadiya,Brijesh Lakadiya,new,2019-2019,saurashtra_premier_league,,
14915,Hetvik Kotak,Hetvik Kotak,new,2019-2023,saurashtra_premier_league sma,,
14914,Parshwaraj Rana,Parshwaraj Rana,new,2019-2019,saurashtra_premier_league,,
14913,Sagar Dodia,Sagar Dodia,new,2019-2019,saurashtra_premier_league,,
14904,Karan Patel,Karan Patel,exact_name,2019-2023,saurashtra_premier_league,,2018-2021
21658,Jay Gohil,Jay Gohil,exact_name,2022-2025,saurashtra_premier_league sma,,2021-2024
48554,Ruchit Ahir,R Ahir,team_context,2023-2025,saurashtra_premier_league sma,,2024-2024
36531,Sammar Gajjar,Sammar Gajjar,exact_name,2023-2025,saurashtra_premier_league sma,,2024-2024
48540,Jainik Solanki,Jainik Solanki,new,2023-2023,saurashtra_premier_league,,
48536,Neel Pandya,Neel Pandya,new,2023-2023,saurashtra_premier_league,,
48550,Smit Patel,Smit Patel,new,2023-2023,saurashtra_premier_league,,
48543,Sonu Batham,Sonu Batham,new,2023-2023,saurashtra_premier_league,,
48533,Saurya Sanandiya,Saurya Sanandiya,new,2023-2023,saurashtra_premier_league,,
48477,Ankur Panwar,A Panwar,team_context,2023-2025,saurashtra_premier_league sma,,2024-2024
11308,Yuvraj Chudasama,Yuvraj Chudasama,exact_name,2022-2025,saurashtra_premier_league sma,,2018-2022
48508,Kabir Patel,Kabir Patel,new,2023-2023,saurashtra_premier_league,,
48484,Siddhant Rana,Siddhant Rana,new,2023-2025,saurashtra_premier_league sma,,
48473,Raxit Mehta,Raxit Mehta,new,2023-2023,saurashtra_premier_league,,
48515,Niket Joshi,Niket Joshi,new,2023-2023,saurashtra_premier_league,,
48491,Nihar Vaghela,Nihar Vaghela,new,2023-2023,saurashtra_premier_league,,
48613,Parswaraj Rana,Parswaraj Rana,new,2023-2025,saurashtra_premier_league sma,,
48652,Luckyraj Vaghela,Luckyraj Vaghela,new,2023-2025,saurashtra_premier_league sma,,
48631,Yash Gadadhariya,Yash Gadadhariya,new,2023-2023,saurashtra_premier_league,,
8918,K Patel,K D Patel,team_context,2022-2023,saurashtra_premier_league sma,,2018-2023
48617,Ramesh Padiyachi,Ramesh Padiyachi,new,2023-2023,saurashtra_premier_league,,
48624,Dharmaditya Gohil,Dharmaditya Gohil,new,2023-2023,saurashtra_premier_league,,
48820,Karan Suchak,Karan Suchak,new,2023-2023,saurashtra_premier_league,,
48449,Manav Chothani,Manav Chothani,new,2023-2023,saurashtra_premier_league,,
14907,Prasham Rajdev,Prasham Rajdev,new,2023-2023,saurashtra_premier_league,,
48456,Pruthvi Chauhan,Pruthvi Chauhan,new,2023-2023,saurashtra_premier_league,,
22871,Ansh Gosai,Ansh Gosai,new,2023-2023,saurashtra_premier_league,,
48438,Bhagyaraj Chudasama,Bhagyaraj Chudasama,new,2023-2023,saurashtra_premier_league,,
48498,Maurya Ghoghari,Maurya Ghoghari,new,2023-2023,saurashtra_premier_league,,
14919,Prashant Gohel,Prashant Gohel,new,2023-2023,saurashtra_premier_league,,
14877,Jyortir Purohit,Jyortir Purohit,new,2023-2023,saurashtra_premier_league,,
48582,Arjun Rathod,Arjun Rathod,new,2023-2023,saurashtra_premier_league,,
48592,Pavan Parmar,Pavan Parmar,new,2023-2023,saurashtra_premier_league,,
48585,Mohit Gorania,Mohit Gorania,new,2023-2023,saurashtra_premier_league,,
48578,Adityasinh Jadeja H,Adityasinh Jadeja H,new,2023-2023,saurashtra_premier_league sma,,
48564,Arth Yadav,Arth Yadav,new,2023-2023,saurashtra_premier_league,,
32723,Navneet Vora,Navneet Vora,new,2023-2023,saurashtra_premier_league,,
48606,Dharam Changela,Dharam Changela,new,2023-2023,saurashtra_premier_league,,
48571,Adityarajsinh Rathore,Adityarajsinh Rathore,new,2023-2023,saurashtra_premier_league,,
48641,Satyam Khamrai,Satyam Khamrai,new,2023-2023,saurashtra_premier_league,,
48501,Abhishek Nimavat,Abhishek Nimavat,new,2023-2023,saurashtra_premier_league,,
48445,Aum Kanabar,Aum Kanabar,new,2023-2023,saurashtra_premier_league,,
49583,Rahul Vakani,Rahul Vakani,new,2023-2023,saurashtra_premier_league,,
49592,Hasmukh Gadhavi,Hasmukh Gadhavi,new,2023-2023,saurashtra_premier_league,,
48634,Hiten Kanbi,Hiten Kanbi,new,2023-2023,saurashtra_premier_league,,
1431905,Sahaj Dhawan,Sahaj Dhawan,new,2026-2026,sher_e_punjab_t20_league,,
36139,Naman Dhir,Naman Dhir,exact_name,2023-2026,sher_e_punjab_t20_league sma,Naman Dhir,2023-2026
1457066,Rahul Kumar,Rahul Kumar,exact_name,2026-2026,sher_e_punjab_t20_league,,2021-2021
1431913,Abhay Choudhary,Abhay Choudhary,new,2026-2026,sher_e_punjab_t20_league,,
1464571,Jashanpreet Singh,Jashanpreet Singh,new,2026-2026,sher_e_punjab_t20_league,,
1479353,Vaibhav Kalra,Vaibhav Kalra,new,2026-2026,sher_e_punjab_t20_league,,
1478827,Reavan Preet Singh,Reavan Preet Singh,new,2026-2026,sher_e_punjab_t20_league,,
12627,Mayank Markande,M Markande,exact_name,2022-2026,sher_e_punjab_t20_league sma,Mayank Markande,2018-2026
19183,Akash Pandey,Akash Pandey,exact_name,2023-2026,sher_e_punjab_t20_league sma,,2021-2023
1479357,Jaipartap Singh Johal,Jaipartap Singh Johal,new,2026-2026,sher_e_punjab_t20_league,,
1463955,Ayush Goyal,Ayush Goyal,new,2025-2026,sher_e_punjab_t20_league sma,,
52022,Nipun Pandita,Nipun Pandita,new,2026-2026,sher_e_punjab_t20_league,,
1478917,Manpreet Johal,Manpreet Johal,new,2026-2026,sher_e_punjab_t20_league,,
12337,Ramandeep Singh,Ramandeep Singh,exact_name,2022-2026,sher_e_punjab_t20_league sma,Ramandeep Singh,2021-2026
14452,Harpreet Brar,Harpreet Brar,exact_name,2022-2026,sher_e_punjab_t20_league sma,Harpreet Brar,2019-2026
1447245,Tejpreet Singh,Tejpreet Singh,new,2026-2026,sher_e_punjab_t20_league,,
1478897,Tanmay Dharni,Tanmay Dharni,new,2026-2026,sher_e_punjab_t20_league,,
1478911,Gurmehar Sara,Gurmehar Sara,new,2026-2026,sher_e_punjab_t20_league,,
10947,Anmolpreet Singh,Anmolpreet Singh,exact_name,2022-2026,sher_e_punjab_t20_league sma,Anmolpreet Singh,2018-2024
1479343,Aryan Bhatia,Aryan Bhatia,new,2026-2026,sher_e_punjab_t20_league,,
11031,Sohraab Dhaliwal,Sohraab Dhaliwal,exact_name,2017-2026,sher_e_punjab_t20_league sma,,2016-2019
1478927,Rajinder Singh Devgan,Rajinder Singh Devgan,new,2026-2026,sher_e_punjab_t20_league,,
1450749,Sahil Khan,Sahil Khan,new,2026-2026,sher_e_punjab_t20_league,,
53496,Vishwanath Singh,Vishwanath Singh,new,2025-2026,sher_e_punjab_t20_league sma,,
14254,Prabhsimran Singh,P Simran Singh,exact_name,2022-2026,sher_e_punjab_t20_league sma,Prabhsimran Singh,2019-2026
1479077,Aryan Yadav,Aryan Yadav,new,2026-2026,sher_e_punjab_t20_league,,
11038,Anmol Malhotra,Anmol Malhotra (cb11038),new,2026-2026,sher_e_punjab_t20_league,,
1479111,Randeep Singh,Randeep Singh,new,2026-2026,sher_e_punjab_t20_league,,
19187,Abhinav Sharma,Abhinav Sharma,new,2026-2026,sher_e_punjab_t20_league,,
1479151,Gourav Markan,Gourav Markan,new,2026-2026,sher_e_punjab_t20_league,,
1479067,Harjas Singh Tandon,Harjas Singh Tandon,new,2026-2026,sher_e_punjab_t20_league,,
1446953,Sukhdeep Bajwa,Sukhdeep Bajwa,new,2026-2026,sher_e_punjab_t20_league,,
1431889,Emanjot Singh Chahal,Emanjot Singh Chahal,new,2026-2026,sher_e_punjab_t20_league,,
1479091,Paras Jaidka,Paras Jaidka,new,2026-2026,sher_e_punjab_t20_league,,
13509,Sanvir Singh,Sanvir Singh,exact_name,2022-2026,sher_e_punjab_t20_league sma,Sanvir Singh,2021-2024
1478971,Navpreet Singh,Navpreet Singh,new,2026-2026,sher_e_punjab_t20_league,,
24301,Prerit Dutta,P Dutta,team_context,2023-2026,sher_e_punjab_t20_league sma,,2023-2023
13146,Raghu Sharma,Raghu Sharma,exact_name,2025-2026,sher_e_punjab_t20_league sma,,2021-2026
1479037,Kirandeep Singh,Kirandeep Singh,new,2026-2026,sher_e_punjab_t20_league,,
1478967,Lakshay Kansal,Lakshay Kansal,new,2026-2026,sher_e_punjab_t20_league,,
1478983,Jaiveer Bhinder,Jaiveer Bhinder,new,2026-2026,sher_e_punjab_t20_league,,
1430529,Vihaan Malhotra,Vihaan Malhotra,new,2026-2026,sher_e_punjab_t20_league,,
1478977,Anshul Chaudhary,Anshul Chaudhary,new,2026-2026,sher_e_punjab_t20_league,,
1478941,Eish Rao,Eish Rao,new,2026-2026,sher_e_punjab_t20_league,,
1479047,Aarush Latta,Aarush Latta,new,2026-2026,sher_e_punjab_t20_league,,
1479137,Arpan Walia,Arpan Walia,new,2026-2026,sher_e_punjab_t20_league,,
32856,Gourav Choudhary,Gourav Choudhary,new,2023-2026,sher_e_punjab_t20_league sma,,
11684,Ashwani Kumar,Ashwani Kumar,exact_name,2024-2026,sher_e_punjab_t20_league sma,Ashwani Kumar,2022-2026
1467948,Sumit Sharma,Sumit Sharma,new,2026-2026,sher_e_punjab_t20_league,,
1479211,Shahbaz Singh Sandhu,Shahbaz Singh Sandhu,new,2026-2026,sher_e_punjab_t20_league,,
1479167,Ashish Lowrance,Ashish Lowrance,new,2026-2026,sher_e_punjab_t20_league,,
1479221,Simranjeet Singh Gharu,Simranjeet Singh Gharu,new,2026-2026,sher_e_punjab_t20_league,,
1479191,Rishabh Gupta,Rishabh Gupta,new,2026-2026,sher_e_punjab_t20_league,,
22561,Harnoor Singh,Harnoor Singh,new,2022-2026,sher_e_punjab_t20_league sma,,
1479153,Dev Amritpal Singh,Dev Amritpal Singh,new,2026-2026,sher_e_punjab_t20_league,,
1479161,Ridham Satyawan,Ridham Satyawan,new,2026-2026,sher_e_punjab_t20_league,,
1479197,Noorveer Singh,Noorveer Singh,new,2026-2026,sher_e_punjab_t20_league,,
1479187,Abir Kohli,Abir Kohli,new,2026-2026,sher_e_punjab_t20_league,,
1479177,Jatin Sahota,Jatin Sahota,new,2026-2026,sher_e_punjab_t20_league,,
1479231,Imrozpreet Singh,Imrozpreet Singh,new,2026-2026,sher_e_punjab_t20_league,,
1431875,Krish Bhagat,Krish Bhagat,exact_name,2026-2026,sher_e_punjab_t20_league,,2026-2026
1479317,Lovedeep Singh Kharod,Lovedeep Singh Kharod,new,2026-2026,sher_e_punjab_t20_league,,
1479333,Sahil Bhaskar,Sahil Bhaskar,new,2026-2026,sher_e_punjab_t20_league,,
1479307,Madhav Singh Pathania,Madhav Singh Pathania,new,2026-2026,sher_e_punjab_t20_league,,
36132,Jassinder Singh,Jassinder Singh,new,2023-2026,sher_e_punjab_t20_league sma,,
1476493,Arjun Rajput,Arjun Rajput,new,2026-2026,sher_e_punjab_t20_league,,
1447277,Kartik Chadha,Kartik Chadha,new,2026-2026,sher_e_punjab_t20_league,,
1479267,Taranveer Singh Randhawa,Taranveer Singh Randhawa,new,2026-2026,sher_e_punjab_t20_league,,
1479297,Bikramjeet Singh,Bikramjeet Singh,new,2026-2026,sher_e_punjab_t20_league,,
15418,Salil Arora,Salil Arora,new,2024-2026,sher_e_punjab_t20_league sma,,
1447221,Karteek Sharma,Karteek Sharma,new,2026-2026,sher_e_punjab_t20_league,,
1479141,Gurvinder Singh Bhullar,Gurvinder Singh Bhullar,new,2026-2026,sher_e_punjab_t20_league,,
1479101,Umesh Gill,Umesh Gill,new,2026-2026,sher_e_punjab_t20_league,,
1467170,Shubham Rana,Shubham Rana,new,2026-2026,sher_e_punjab_t20_league,,
1431881,Jaskaranvir Paul,Jaskaranvir Paul,new,2026-2026,sher_e_punjab_t20_league,,
1478997,Ayushmaan Ayushmaan,Ayushmaan Ayushmaan,new,2026-2026,sher_e_punjab_t20_league,,
1479007,Pranshu Pratap,Pranshu Pratap,new,2026-2026,sher_e_punjab_t20_league,,
1478937,Jasan Jindal,Jasan Jindal,new,2026-2026,sher_e_punjab_t20_league,,
1479467,Deepin Chitkara,Deepin Chitkara,new,2026-2026,sher_e_punjab_t20_league,,
1478877,Adhiraj Singh Mangat,Adhiraj Singh Mangat,new,2026-2026,sher_e_punjab_t20_league,,
1479127,Deepinder Cheema,Deepinder Cheema,new,2026-2026,sher_e_punjab_t20_league,,
23881,Uday Saharan,Uday Saharan,new,2026-2026,sher_e_punjab_t20_league,,
1476527,Sagar Virk,Sagar Virk,new,2026-2026,sher_e_punjab_t20_league,,
1479017,Harshdeep Singh,Harshdeep Singh,new,2026-2026,sher_e_punjab_t20_league,,
13217,Arshdeep Singh,Arshdeep Singh,exact_name,2023-2026,sher_e_punjab_t20_league sma,Arshdeep Singh,2019-2026
1479323,Lovekirat Singh,Lovekirat Singh,new,2026-2026,sher_e_punjab_t20_league,,
1429724,Mayank Gupta,Mayank Gupta,new,2026-2026,sher_e_punjab_t20_league,,
22141,Gurnoor Brar,Gurnoor Brar,exact_name,2024-2026,sher_e_punjab_t20_league sma,Gurnoor Brar,2023-2023
1478951,Garv Kumar,Garv Kumar,new,2026-2026,sher_e_punjab_t20_league,,
1479061,Yash Karan,Yash Karan,new,2026-2026,sher_e_punjab_t20_league,,
11808,Shubman Gill,Shubman Gill,exact_name,2022-2026,sher_e_punjab_t20_league sma,Shubman Gill,2018-2026
1479261,Yuvi Goyal,Yuvi Goyal,new,2026-2026,sher_e_punjab_t20_league,,
1479281,Rajvir Jaswal,Rajvir Jaswal,new,2026-2026,sher_e_punjab_t20_league,,
1478907,Lovedeep Chatha,Lovedeep Chatha,new,2026-2026,sher_e_punjab_t20_league,,
1479661,Jeevanjot Bajwa,Jeevanjot Bajwa,new,2026-2026,sher_e_punjab_t20_league,,
52201,Vikrant Rana,Vikrant Rana,new,2026-2026,sher_e_punjab_t20_league,,
1479277,Havneet Singh,Havneet Singh,new,2026-2026,sher_e_punjab_t20_league,,
1479327,Aseem Kohli,Aseem Kohli,new,2026-2026,sher_e_punjab_t20_league,,
1430548,Anmoljeet Singh,Anmoljeet Singh,new,2026-2026,sher_e_punjab_t20_league,,
1479201,Tavleen Singh,Tavleen Singh,new,2026-2026,sher_e_punjab_t20_league,,
1479251,Lovepreet Kamboj,Lovepreet Kamboj,new,2026-2026,sher_e_punjab_t20_league,,
1478891,Ishmeet Singh Sandhu,Ishmeet Singh Sandhu,new,2026-2026,sher_e_punjab_t20_league,,
1478961,Manpreet Singh,Manpreet Singh (cb1478961),new,2026-2026,sher_e_punjab_t20_league,,
1476507,Ishan Sood,Ishan Sood,new,2026-2026,sher_e_punjab_t20_league,,
1479287,Harish Kumar,Harish Kumar (cb1479287),new,2026-2026,sher_e_punjab_t20_league,,
36116,Jehu Anderson,Jehu Anderson,new,2023-2025,sma,,
1465566,Johan Lalbiakkima,Johan Lalbiakkima,new,2025-2025,sma,,
1458760,Sahil Sharma,Sahil Sharma,new,2025-2025,sma,,
21708,Joseph Lalthankhuma,Joseph Lalthankhuma,exact_name,2022-2025,sma,,2021-2023
32756,F Lalmuanzuala,F Lalmuanzuala,exact_name,2022-2025,sma,,2022-2023
1447557,Khiangte Vanrotlinga,Khiangte Vanrotlinga,new,2024-2025,sma,,
15502,Sumit Lama,Sumit Lama,exact_name,2025-2025,sma,,2019-2021
1465739,TC Vanlalremruata,TC Vanlalremruata,exact_name,2025-2025,sma,,2023-2023
21766,B Lalnunfela,B Lalnunfela,exact_name,2025-2025,sma,,2021-2021
15493,Nagaho Chishi,Nagaho Chishi,exact_name,2022-2025,sma,,2019-2023
1463650,Saurav Kumar,Saurav Kumar,new,2025-2025,sma,,
14114,Imliwati Lemtur,Imliwati Lemtur,exact_name,2022-2025,sma,,2019-2023
1465728,Nchumbemo Humtsoe,Nchumbemo Humtsoe,new,2025-2025,sma,,
18672,Joshua Ozukum,Joshua Ozukum,exact_name,2022-2025,sma,,2021-2023
14118,Sedezhalie Rupero,Sedezhalie Rupero,exact_name,2022-2025,sma,,2019-2023
18873,Hem Chetri,Hem Chetri,exact_name,2024-2025,sma,,2021-2021
9666,Chetan Bist,Chetan Bist,exact_name,2022-2025,sma,,2018-2022
21711,Kishan Lyngdoh,Kishan Lyngdoh,exact_name,2022-2025,sma,,2021-2021
10237,Arpit Bhatewara,Arpit Bhatewara,new,2024-2025,sma,,
15485,Akash Choudhary,Akash Choudhary,exact_name,2023-2025,sma,,2019-2023
14653,Larry Sangma,Larry Sangma,exact_name,2022-2025,sma,,2019-2023
12493,Abhishek Gupta,Abhishek Gupta (cb12493),new,2025-2025,sma,,
14410,Swarajeet Das,Swarajeet Das,exact_name,2022-2025,sma,,2019-2019
1463049,Swastic Chettri,Swastic Chettri,new,2025-2025,sma,,
21683,Ram Gurung,Ram Gurung,exact_name,2023-2025,sma,,2021-2023
21738,Himan Phukan,Himan Phukan,exact_name,2024-2025,sma,,2021-2021
1465616,Agreas Sangma,ABB Sangma,team_context,2025-2025,sma,,2023-2023
1463057,Aaron Nongrum,Aaron Nongrum,new,2025-2025,sma,,
14100,Palzor Tamang,Palzor Tamang,exact_name,2022-2025,sma,,2019-2021
36188,Bijay Prasad,Bijay Prasad,new,2025-2025,sma,,
11036,Gurinder Singh,Gurinder Singh,exact_name,2022-2025,sma,,2016-2021
18758,Md Saptulla,Md Saptulla,new,2022-2025,sma,,
24336,Ankur Malik,Ankur Malik,new,2022-2025,sma,,
14094,Lee Yong Lepcha,Lee Yong Lepcha,exact_name,2022-2025,sma,,2019-2021
1463341,Amit Rajera,Amit Rajera,new,2025-2025,sma,,
1463352,K Sai Satwik,K Sai Satwik,new,2025-2025,sma,,
1447497,Robin Limboo,Robin Limboo,new,2024-2025,sma,,
14101,Ashish Thapa,Ashish Thapa,exact_name,2022-2025,sma,,2019-2021
19352,Ulenyai Khwairakpam,Ulenyai Khwairakpam,new,2024-2025,sma,,
1465687,Ningthoujam Thoiba,Ningthoujam Thoiba,new,2025-2025,sma,,
15497,Johnson Singh,Johnson Singh,exact_name,2022-2025,sma,,2019-2023
15499,L Keishangbam,L Keishangbam,new,2022-2025,sma,,
14140,K Priyojit Singh,K Priyojit Singh,new,2022-2025,sma,,
14136,Bishworjit Konthoujam,Bishworjit Konthoujam,exact_name,2022-2025,sma,,2019-2023
1463361,Mohammed Mustaque,Mohammed Mustaque,new,2025-2025,sma,,
1465698,Kiran Laishram,Kiran Laishram,new,2025-2025,sma,,
18832,Kishan Singha,Kishan Singha,new,2022-2025,sma,,
34450,Pheiroijam Jotin,Pheiroijam Jotin,new,2024-2025,sma,,
32660,Chingakham Bidash,Chingakham Bidash,new,2022-2025,sma,,
52376,Likha Sonia,Likha Sonia,new,2025-2025,sma,,
1431739,Mibom Mosu,Mibom Mosu,new,2025-2025,sma,,
15746,Nabam Tempol,Nabam Tempol,exact_name,2022-2025,sma,,2019-2021
1465808,Ayush G,Ayush G,new,2025-2025,sma,,
14081,Myendung Singpho,Myendung Singpho,exact_name,2022-2025,sma,,2019-2021
1431731,Tadakamalla Mohith,Tadakamalla Mohith,new,2024-2025,sma,,
1447513,Kara Hakap,Kara Hakap,new,2024-2025,sma,,
1465773,Magung,Magung,new,2025-2025,sma,,
14333,Neelam Obi,Neelam Obi,exact_name,2022-2025,sma,,2019-2023
1465784,Techi Sania,Techi Sania,new,2025-2025,sma,,
1465795,Lucky Farman Khan,Lucky Farman Khan,new,2025-2025,sma,,
1431771,Dip Borah,Dip Borah,new,2024-2025,sma,,
19193,Akavi Yeptho,Akavi Yeptho,new,2025-2025,sma,,
14074,Techi Neri,Techi Neri,exact_name,2022-2025,sma,,2019-2023
1463639,Jainath Mansingh,Jainath Mansingh,new,2025-2025,sma,,
1465869,Sargun,Sargun,new,2025-2025,sma,,
32959,Lalhriatrenga,Lalhriatrenga,exact_name,2022-2025,sma,,2023-2023
19432,Vikash Kumar,Vikash Kumar,exact_name,2022-2025,sma,,2021-2023
1465916,Dado Tachung,Dado Tachung,new,2025-2025,sma,,
1465918,Amarjeet Sharma,Amarjeet Sharma,new,2025-2025,sma,,
15498,Karkir Taye,Karkir Taye,exact_name,2025-2025,sma,,2019-2021
15641,Yab Niya,Yab Niya,exact_name,2022-2025,sma,,2019-2023
1465618,Badonnam Mylliemngap,Badonnam Mylliemngap,new,2025-2025,sma,,
1465608,Sengsrang Sangma,Sengsrang Sangma,new,2025-2025,sma,,
1463046,Kush Agarwal,Kush Agarwal,new,2025-2025,sma,,
1447429,Shamphri Terang,Shamphri Terang,new,2024-2025,sma,,
14131,Chengkam Sangma,Chengkam Sangma,exact_name,2022-2025,sma,,2019-2023
1466004,Harish Kumar,Harish Kumar (cb1466004),new,2025-2025,sma,,
1466001,Yash Arora,Yash Arora,new,2025-2025,sma,,
51245,Licha John,Licha John,new,2023-2025,sma,,
1431755,Aditya Verma,Aditya Verma,new,2024-2025,sma,,
1465984,Chera Mapu,Chera Mapu,new,2025-2025,sma,,
1465990,Satyam Maurya,Satyam Maurya,new,2025-2025,sma,,
35178,Sanatombaroy Laiphangbam,Sanatombaroy Laiphangbam,exact_name,2024-2025,sma,,2021-2021
1465707,Mandingbam Andyroshan,Mandingbam Andyroshan,new,2025-2025,sma,,
19017,Nongthombam Denin,Nongthombam Denin,exact_name,2025-2025,sma,,2021-2021
1466089,Vidush Arora,Vidush Arora,new,2025-2025,sma,,
1466092,Anshuman,Anshuman,new,2025-2025,sma,,
14407,Indiya Toku,Indiya Toku,exact_name,2025-2025,sma,,2021-2021
1449368,Lamabam Singh,Lamabam Singh,exact_name,2025-2025,sma,,2019-2023
18997,Rohit Shah,Rohit Shah,exact_name,2022-2025,sma,,2021-2021
1465627,Abhishek Gupta,Abhishek Gupta (cb1465627),new,2025-2025,sma,,
10335,Shivam Chaudhary,Shivam Chaudhary,exact_name,2022-2025,sma uppl,,2018-2023
9431,M Saif,M Saif,new,2022-2025,sma uppl,,
1448413,Ravi Singh,Ravi Singh,exact_name,2024-2025,sma uppl,,2026-2026
10891,Shubham Chaubey,Shubham Chaubey,exact_name,2023-2025,sma uppl,,2016-2023
10805,Akshat Pandey,AR Pandey,team_context,2022-2025,sma uppl,,2016-2023
22156,Atal Bihari Rai,Atal Bihari Rai,new,2025-2025,sma uppl,,
1844,Karn Sharma,KV Sharma,team_context,2017-2025,sma uppl,Karn Vinod Sharma,2009-2025
24406,Rahul Sharma,Rahul Sharma,exact_name,2023-2025,sma uppl,,2019-2019
51088,Raj Choudhary,Raj Choudhary,new,2023-2025,sma,,
8683,Shardul Thakur,SN Thakur,team_context,2017-2026,sma t20_mumbai,Shardul Narendra Thakur,2015-2026
11307,Tushar Deshpande,TU Deshpande,team_context,2019-2026,sma t20_mumbai,Tushar Uday Deshpande,2018-2026
11195,Shivam Dube,S Dube,exact_name,2019-2026,sma t20_mumbai,Shivam Dube,2016-2026
12315,Sairaj Patil,Sairaj Patil,exact_name,2019-2026,sma t20_mumbai,,2021-2022
13496,Shams Mulani,SZ Mulani,team_context,2019-2026,sma t20_mumbai,Shams Zakir Mulani,2018-2024
14922,Suryansh Shedge,Suryansh Shedge,exact_name,2019-2025,sma t20_mumbai,Suryansh Shedge,2024-2026
14703,Atharva Ankolekar,Atharva Ankolekar,exact_name,2023-2026,sma t20_mumbai,,2021-2024
1431163,Ayush Mhatre,A Mhatre,exact_name,2025-2025,sma,Ayush Mhatre,2025-2026
1447,Ajinkya Rahane,AM Rahane,team_context,2022-2026,sma t20_mumbai,Ajinkya Madhukar Rahane,2008-2026
7915,Suryakumar Yadav,SA Yadav,team_context,2019-2026,sma t20_mumbai,Suryakumar Ashok Yadav,2012-2026
14964,Hardik Tamore,Hardik Tamore,exact_name,2019-2026,sma t20_mumbai,,2021-2022
1465489,Ayush Pandey,Ayush Pandey,new,2025-2025,sma,,
8936,Ravi Kiran,Ravi Kiran,exact_name,2022-2026,sma tg20,,2016-2022
1858,Umesh,Umesh,new,2022-2025,sma,,
12779,Darshan Nalkande,DG Nalkande,team_context,2022-2025,sma,Darshan Girish Nalkande,2019-2024
52554,Yash Kadam,Yash Kadam,new,2025-2025,sma,,
12096,Yash Thakur,Yash Thakur,exact_name,2022-2025,sma,Yash Ravisingh Thakur,2019-2026
15663,Parth Rekhade,PR Rekhade,team_context,2022-2025,sma,,2024-2024
14695,Harsh Dubey,Harsh Dubey,exact_name,2022-2025,sma,Harsh Surendra Dubey,2021-2026
13914,Atharva Taide,Atharva Taide,exact_name,2022-2025,sma,Atharva Taide,2019-2025
32833,Aman Mokhade,AR Mokhade,team_context,2022-2025,sma,,2022-2022
13912,Yash Rathod,Yash Rathod,new,2025-2025,sma,,
1463094,Shivam Deshmukh,Shivam Deshmukh,new,2025-2025,sma,,
1465643,Varun Bisht,Varun Bisht,new,2025-2025,sma,,
12094,Prithvi Shaw,PP Shaw,team_context,2019-2025,sma t20_mumbai,Prithvi Pankaj Shaw,2018-2024
11813,Ruturaj Gaikwad,RD Gaikwad,team_context,2022-2025,sma,Ruturaj Dashrat Gaikwad,2018-2026
14179,Auqib Nabi,Auqib Nabi,exact_name,2022-2025,sma,,2019-2026
15749,Yudhvir Singh,Yudhvir Singh,exact_name,2022-2025,sma,Yudhvir Singh Charak,2019-2025
15528,Abid Mushtaq,Abid Mushtaq,exact_name,2022-2025,sma,,2019-2023
19027,Umran Malik,Umran Malik,exact_name,2022-2025,sma,Umran Malik,2021-2024
8796,Murugan Ashwin,M Ashwin,exact_name,2016-2025,sma tnpl,Murugan Ashwin,2016-2023
14467,Qamran Iqbal,Qamran Iqbal,exact_name,2023-2025,sma,,2021-2023
8937,Shubham Khajuria,Shubham Khajuria,exact_name,2022-2025,sma,,2016-2023
19302,Vivrant Sharma,Vivrant Sharma,exact_name,2022-2025,sma,Vivrant Sharma,2021-2023
14506,Musaif Ajaz,Musaif Ajaz,new,2025-2025,sma,,
14628,Abdul Samad,Abdul Samad (cb14628),new,2022-2025,sma,,
14507,Kanhaiya Wadhawan,Kanhaiya Wadhawan,new,2025-2025,sma,,
19223,Ishaan Gadekar,Ishaan Gadekar,exact_name,2023-2025,sma,,2021-2023
13747,Arjun Tendulkar,Arjun Tendulkar,exact_name,2019-2026,sma t20_mumbai,Arjun Sachin Tendulkar,2021-2026
1463671,Abhinav Tejrana,Abhinav Tejrana,new,2025-2025,sma,,
12669,Suyash Prabhudessai,SS Prabhudessai,team_context,2022-2025,sma,Suyash S Prabhudessai,2019-2024
8898,Darshan Misal,Darshan Misal,exact_name,2022-2025,sma,,2016-2023
11017,Rajashekhar Harikant,Rajashekhar Harikant,exact_name,2023-2025,sma,,2016-2019
10984,Vikash Singh,Vikash Singh,exact_name,2022-2025,sma,,2016-2021
10294,Deepraj Gaonkar,Deepraj Gaonkar,exact_name,2022-2025,sma,,2016-2023
51074,Shubham Tari,SP Tari,team_context,2023-2025,sma,,2023-2023
1726,Bhuvneshwar Kumar,B Kumar,team_context,2023-2025,sma uppl,Bhuvneshwar Kumar Singh,2011-2026
33127,Sunil Kumar,Sunil Kumar (cb33127),new,2022-2025,sma,,
18738,Karan Sharma,KS Sharma,team_context,2022-2025,sma uppl,Karan Sunny Sharma,2021-2024
12345,Shivam Mavi,Shivam Mavi,exact_name,2022-2025,sma uppl,Shivam Pankaj Mavi,2018-2024
1431811,Vipraj Nigam,V Nigam,exact_name,2024-2025,sma uppl,Vipraj Nigam,2024-2026
51417,Prashant Veer,PR Veer,team_context,2023-2025,sma uppl,,2023-2026
13388,Aryan Juyal,Aryan Juyal,exact_name,2022-2025,sma uppl,,2019-2024
12089,Priyam Garg,PK Garg,team_context,2022-2025,sma uppl,Priyam K Garg,2019-2024
14700,Sameer Rizvi,Sameer Rizvi,exact_name,2022-2025,sma uppl,Sameer Rizvi,2022-2026
10896,Rinku Singh,Rinku Singh,new,2022-2025,sma uppl,,
22581,Siddarth Yadav,Siddarth Yadav,new,2025-2025,sma uppl,,
52320,Innesh Mahajan,Innesh Mahajan,new,2025-2025,sma,,
9298,Ankush Bains,AKS Bains,team_context,2022-2025,sma,,2016-2022
24276,Pukhraj Mann,Pukhraj Mann,exact_name,2022-2025,sma,,2022-2022
11401,Ekant Sen,EC Sen,team_context,2022-2025,sma,,2019-2022
8996,Nikhil Gangta,Nikhil Gangta,exact_name,2022-2025,sma,,2016-2022
1448361,Mridul Surroch,Mridul Surroch,new,2024-2025,sma,,
1465742,Rahul Chauhan,Rahul Chauhan,new,2025-2025,sma,,
15861,Vaibhav Arora,VG Arora,team_context,2022-2025,sma,Vaibhav Gopal Arora,2021-2026
1447197,Aryaman Singh,Aryaman Singh,new,2025-2025,sma,,
14383,Arpit Guleria,Arpit Guleria,new,2023-2025,sma,,
13915,Nehal Wadhera,N Wadhera,exact_name,2023-2025,sma,Nehal Wadhera,2023-2026
10371,Gaurav Kochar,Gaurav Kochar,new,2024-2025,sma,,
1465638,Harsh Vardhan,Harsh Vardhan,new,2025-2025,sma,,
14159,Abhishek Tiwari,Abhishek Tiwari (cb14159),new,2025-2025,sma,,
10649,Mohit Ahlawat,Mohit Ahlawat,exact_name,2023-2025,sma,,2019-2021
51319,Vineet Dhankhar,Vineet Dhankhar,new,2023-2025,sma,,
1431835,Arun Kumar,Arun Kumar,new,2024-2025,sma,,
10298,Nakul Sharma,Nakul Sharma,exact_name,2025-2025,sma,,2018-2021
51819,Jayant Goyat,Jayant Goyat,new,2025-2025,sma,,
10645,Pulkit Narang,Pulkit Narang,exact_name,2022-2025,sma,,2019-2021
36524,Mohit Rathee,Mohit Rathee,exact_name,2023-2025,sma,Mohit Rathee,2023-2023
1447581,Vishal Gaur,Vishal Gaur,new,2024-2025,sma,,
13600,Nagwaswalla,A Nagwaswalla,team_context,2022-2025,sma,,2019-2023
8175,Harshal Patel,HV Patel,team_context,2023-2025,sma,Harshal Vikram Patel,2012-2026
14186,Hemang Patel,Hemang Patel,exact_name,2024-2025,sma,,2019-2023
14659,Ravi Bishnoi,Ravi Bishnoi,exact_name,2022-2025,sma,Ravi Bishnoi,2019-2026
32931,Vishal Jayswal,Vishal Jayswal,exact_name,2023-2025,sma,,2022-2023
1465519,Yash Doshi,Yash Doshi,new,2025-2025,sma,,
38132,Aarya Desai,Aarya Desai,exact_name,2023-2025,sma,,2023-2023
13476,Urvil Patel,Urvil Patel,exact_name,2022-2025,sma,Urvil Mukesh Patel,2018-2026
15516,Ripal Patel,Ripal Patel,new,2022-2025,sma,,
21686,Saurav Chauhan,Saurav Chauhan,exact_name,2022-2025,sma,Saurav Dilipsingh Chauhan,2021-2024
1448329,Abhishek Desai,Abhishek Desai,new,2024-2025,sma,,
55664,Babul Dey,Babul Dey,new,2025-2025,sma,,
11014,Bikramkumar Das,Bikramkumar Das,exact_name,2022-2025,sma,,2021-2023
22461,Sridam Paul,Sridam Paul,new,2022-2025,sma,,
1464241,Sentu Sarkar,Sentu Sarkar,new,2025-2025,sma,,
8204,Vijay Shankar,V Shankar,exact_name,2015-2025,sma tnpl,Vijay Shankar,2014-2026
8659,Manisankar Murasingh,Manisankar Murasingh,exact_name,2022-2025,sma,,2016-2023
10238,Swapnil Singh,Swapnil Singh,exact_name,2022-2026,sma tnpl,Swapnil Singh,2016-2024
10323,Saurabh Das,Saurabh Das,exact_name,2024-2025,sma,,2018-2021
19338,Amit Ali,Amit Ali,exact_name,2023-2025,sma,,2021-2023
1465500,Indrajit Debnath,Indrajit Debnath,new,2025-2025,sma,,
1449788,Krains Fuletra,Krains Fuletra,new,2025-2025,sma,,
14693,Yuvraj Chaudhary,Yuvraj Chaudhary,exact_name,2022-2025,sma,,2021-2021
14548,Avneesh Sudha,Avneesh Sudha,exact_name,2022-2025,sma,,2019-2022
8425,Prashant Chopra,P Chopra,exact_name,2022-2025,sma,Prashant Chopra,2016-2022
36146,Aanjaneya Suryavanshi,Aanjaneya Suryavanshi,new,2025-2025,sma,,
13111,Kunal Chandela,Kunal Chandela,exact_name,2022-2025,sma,,2021-2022
1449160,Shashwat Dangwal,Shashwat Dangwal,new,2025-2025,sma,,
14638,Himanshu Bisht,Himanshu Bisht,exact_name,2022-2025,sma,,2019-2022
15727,Akash Madhwal,Akash Madhwal,exact_name,2022-2025,sma,Akash Madhwal,2019-2025
16722,Agrim Tiwari,Agrim Tiwari,exact_name,2022-2025,sma,,2021-2022
32786,Rajan Kumar,Rajan Kumar,exact_name,2022-2025,sma,,2022-2022
10260,Saurabh Kumar,Saurabh Kumar (cb10260),new,2025-2025,sma,,
13607,Mukhtar Hussain,Mukhtar Hussain,exact_name,2022-2025,sma,,2019-2023
11025,Mrinmoy Dutta,Mrinmoy Dutta,exact_name,2022-2025,sma,,2016-2023
21596,Akash Sengupta,Akash Sengupta,exact_name,2023-2025,sma,,2021-2023
12306,Jitumoni Kalita,Jitumoni Kalita,exact_name,2024-2025,sma,,2019-2019
33115,Avinov Choudhury,AA Choudhury,team_context,2022-2025,sma,,2022-2023
8768,Sibsankar Roy,Sibsankar Roy,exact_name,2023-2025,sma,,2016-2023
51354,Pradyun Saikia,Pradyun Saikia,new,2023-2025,sma,,
14975,Sumit Ghadigaonkar,S Ghadigaonkar,team_context,2019-2025,sma t20_mumbai,,2023-2023
1465487,Nihar Deka,Nihar Deka,new,2025-2025,sma,,
12305,Riyan Parag,R Parag,exact_name,2022-2025,sma,Riyan Parag,2019-2026
11026,Saahil Jain,Saahil Jain,exact_name,2024-2025,sma,,2016-2021
14669,Swastik Samal,Swastik Samal,exact_name,2023-2025,sma,,2019-2019
1465629,Gaurav Choudhary,Gaurav Choudhary,new,2025-2025,sma,,
11804,Subhranshu Senapati,Subhranshu Senapati,new,2022-2025,sma,,
8285,Biplab Samantray,BB Samantray,first+surname,2017-2025,sma,Biplab Bipin Samantray,2012-2021
1447725,Sambit S Baral,Sambit S Baral,new,2024-2025,sma,,
12695,Prayash Singh,Prayash Singh,new,2023-2025,sma,,
1464276,Sourav Gouda,Sourav Gouda,new,2025-2025,sma,,
14167,Rajesh Mohanty,Rajesh Mohanty,exact_name,2022-2025,sma,,2019-2021
1463394,Badal Biswal,Badal Biswal,new,2025-2025,sma,,
14165,Pappu Roy,Pappu Roy,exact_name,2025-2025,sma,,2019-2021
1465797,Vageesh Sharma,Vageesh Sharma,new,2025-2025,sma,,
51791,Vaibhav Suryavanshi,V Suryavanshi,unique_surname,2024-2025,sma,,2025-2026
15594,S Gani,S Gani,exact_name,2022-2025,sma,,2021-2022
1431939,Ayush Loharuka,Ayush Loharuka,new,2024-2025,sma,,
1465839,Atul Prakash,Atul Prakash,new,2025-2025,sma,,
21671,Bipin Saurabh,Bipin Saurabh,exact_name,2022-2025,sma,,2021-2022
18913,Akash Raj,Akash Raj,exact_name,2023-2025,sma,,2021-2021
18777,Suraj Kashyap,Suraj Kashyap,exact_name,2023-2025,sma,,2021-2021
1463594,Khalid Alam,Khalid Alam,new,2025-2025,sma,,
1465836,Bhanu Kumar,Bhanu Kumar,new,2025-2025,sma,,
21588,Malay Raj,Malay Raj,exact_name,2023-2025,sma,,2021-2022
1465841,Mohammed Izhar,Mohammed Izhar,new,2025-2025,sma,,
8356,Sandeep Sharma,Sandeep Sharma,exact_name,2022-2025,sma,Sandeep Sharma,2013-2026
16514,Jagjit Singh,Jagjit Singh,exact_name,2022-2025,sma,,2021-2024
22601,Raj Bawa,Raj Bawa,new,2022-2025,sma,,
8922,Rahul Singh,Rahul Singh,exact_name,2022-2025,sma,,2018-2023
1447545,Chiragvir Dhindsa,Chiragvir Dhindsa,new,2024-2025,sma,,
15841,Raman Bishnoi,Raman Bishnoi,new,2025-2025,sma,,
8358,Manan Vohra,M Vohra,exact_name,2022-2025,sma,Manan Vohra,2013-2024
14688,Arjun Azad,Arjun Azad,new,2023-2025,sma,,
12359,Shivam Bhambri,Shivam Bhambri,exact_name,2022-2025,sma,,2019-2024
12503,Gaurav Puri,Gaurav Puri,exact_name,2022-2025,sma,,2019-2021
12398,Arjit Pannu,Arjit Pannu,exact_name,2022-2025,sma,,2021-2021
21581,Chinntla Rakshan Readdi,Chinntla Rakshan Readdi,new,2023-2026,sma tg20,,
9281,Chama V Milind,CV Milind,team_context,2017-2026,sma tg20,,2016-2023
12335,Tanay Thyagarajan,Tanay Thyagarajan,exact_name,2022-2026,sma tg20,,2018-2023
13939,Ajay Dev Goud,Ajay Dev Goud,exact_name,2024-2026,sma tg20,,2019-2021
1465671,Arfaz Ahmed Mohammad,Arfaz Ahmed Mohammad,new,2025-2026,sma tg20,,
1465674,Ashish Srivastav,Ashish Srivastav,new,2025-2026,sma tg20,,
10258,Tanmay Agarwal,Tanmay Agarwal,exact_name,2017-2026,sma tg20,,2016-2023
1465819,Aman Rao Perala,Aman Rao Perala,new,2025-2026,sma tg20,,
18853,Pragnay Reddy,Pragnay Reddy,exact_name,2025-2026,sma tg20,,2021-2022
16584,Rahul Buddhi,Rahul Buddhi,exact_name,2022-2026,sma tg20,,2021-2023
33148,Bhavesh Seth,Bhavesh Seth,new,2022-2026,sma tg20,,
14690,Shashwat Rawat,Shashwat Rawat,exact_name,2024-2025,sma,,2021-2024
9245,Vishnu Solanki,Vishnu Solanki,exact_name,2022-2025,sma,,2018-2024
14408,Shivalik Sharma,SS Sharma,team_context,2023-2025,sma,,2023-2024
11311,Krunal Pandya,KH Pandya,team_context,2022-2025,sma,Krunal Himanshu Pandya,2016-2026
10214,Jitesh Sharma,JM Sharma,team_context,2022-2025,sma,Jitesh Mohan Sharma,2016-2026
9509,A Sheth,A Sheth,exact_name,2022-2025,sma,,2016-2024
18697,Bhanu Pania,Bhanu Pania,exact_name,2022-2025,sma,,2021-2024
13250,Ninad Rathva,NA Rathva,team_context,2022-2025,sma,,2018-2023
14274,Rasikh Dar Salam,Rasikh Salam,team_context,2023-2025,sma,Rasikh Salam Dar,2019-2026
52488,Raj Limbani,Raj Limbani,new,2024-2025,sma,,
32422,Mahesh Pithiya,MV Pithiya,team_context,2022-2025,sma,,2023-2024
7909,Mohammed Shami,Mohammed Shami,exact_name,2024-2025,sma,Mohammed Shami Ahmed,2013-2026
51560,Sakshaim Chaudhary,SSK Chaudhary,team_context,2023-2025,sma,,2024-2024
9717,Writtick Chatterjee,Writtick Chatterjee,exact_name,2017-2025,sma,,2018-2024
10786,Sayan Ghosh,Sayan Ghosh,exact_name,2017-2025,sma,,2018-2024
14606,Shahbaz Ahmed,Shahbaz Ahmed,exact_name,2022-2025,sma,Shahbaz Ahmed,2019-2026
10880,Pradipta Pramanik,Pradipta Pramanik,exact_name,2022-2025,sma,,2018-2024
24326,Abishek Porel,Abishek Porel,exact_name,2022-2025,sma,Abishek Porel,2023-2026
14708,Karan Lal,Karan Lal,exact_name,2022-2025,sma,,2021-2024
21621,Shakir Gandhi,S Habib Gandhi,team_context,2023-2025,sma,,2023-2024
9716,Abhimanyu Easwaran,AR Easwaran,team_context,2022-2025,sma,,2019-2023
18133,Sudip Kumar Gharami,SK Gharami,team_context,2022-2025,sma,,2023-2024
8182,Jayant Yadav,J Yadav,exact_name,2022-2025,sma,Jayant Yadav,2015-2023
14598,Anshul Kamboj,A Kamboj,exact_name,2022-2025,sma,Anshul Kamboj,2022-2026
1450087,Anuj Thakral,Anuj Thakral,new,2025-2025,sma,,
22576,Nishant Sindhu,N Sindhu,team_context,2022-2025,sma,,2022-2026
14650,Sumit Kumar,Sumit Kumar,exact_name,2022-2025,sma,Sumit Kumar,2016-2024
7910,Chahal,YS Chahal,team_context,2023-2025,sma,Yuzvendra Singh Chahal,2013-2026
1465751,Samant Jakhar,Samant Jakhar,new,2025-2025,sma,,
1449185,Parth Vats,Parth Vats,new,2025-2025,sma,,
1450078,Arsh Ranga,Arsh Ranga,new,2025-2025,sma,,
1463606,Yashvardhan Dalal,Yashvardhan Dalal,new,2025-2025,sma,,
1465762,Vivek Naresh Kumar,Vivek Naresh Kumar,new,2025-2025,sma,,
55414,Saurabh Shekhar,Saurabh Shekhar,new,2025-2025,sma,,
14706,Sushant Mishra,Sushant Mishra,new,2023-2025,sma,,
18973,Bal Krishna,Bal Krishna,exact_name,2022-2025,sma,,2021-2021
12630,Utkarsh Singh,Utkarsh Singh,exact_name,2024-2025,sma,,2019-2021
12344,Anukul Roy,AS Roy,team_context,2022-2025,sma,Anukul Sudhakar Roy,2019-2026
10276,Ishan Kishan,Ishan Kishan,exact_name,2017-2025,sma,Ishan Pranav Kumar Pandey Kishan,2016-2026
15779,Kumar Kushagra,Kumar Kushagra,exact_name,2022-2025,sma,Kumar Kushagra,2021-2026
10213,Virat Singh,Virat Singh,exact_name,2017-2025,sma,Virat Binod Singh,2016-2021
36454,Robin Minz,R Minz,exact_name,2024-2025,sma,Robin Minz,2025-2026
1461839,Pankaj Kumar,Pankaj Kumar,exact_name,2025-2025,sma uppl,,2021-2021
19841,Amit Sathvik,Amit Sathvik,new,2021-2026,sma tnpl,,
13860,Tushar Raheja,Tushar Raheja,new,2018-2026,sma tnpl,,
41295,Shivam Singh,Shivam Singh,exact_name,2023-2026,sma tnpl,,2024-2024
11675,N Jagadeesan,N Jagadeesan,exact_name,2016-2026,sma tnpl,Narayan Jagadeesan,2018-2023
11595,Ravisrinivasan Sai Kishore,R Sai Kishore,team_context,2016-2026,sma tnpl,,2018-2026
10226,Shahrukh Khan,Shahrukh Khan,new,2015-2026,sma tnpl,,
11649,R Rajkumar,R Rajkumar,new,2016-2026,sma tnpl,,
11641,Sonu Yadav,Sonu Yadav,exact_name,2016-2026,sma tnpl,,2021-2021
12926,Varun Chakaravarthy,Varun Chakaravarthy,new,2017-2026,sma tnpl,,
19807,Gurjapneet Singh,Gurjapneet Singh,exact_name,2021-2026,sma tnpl,,2026-2026
10225,T Natarajan,T Natarajan,exact_name,2016-2026,sma tnpl,Thangarasu Natarajan,2017-2026
14696,Akash Maharaj Singh,Akash Singh,exact_name,2022-2025,sma,Akash Maharaj Singh,2019-2026
12092,K Nagarkoti,KL Nagarkoti,team_context,2022-2025,sma,Kamlesh Lachham Nagarkoti,2020-2022
8691,G Poddar,G Poddar,new,2023-2025,sma,,
1448317,Subham Satrujit,Subham Satrujit,new,2024-2025,sma,,
15890,Navneet Virk,Navneet Virk,exact_name,2022-2025,sma,,2021-2021
39209,Nawaz Khan,Nawaz Khan,new,2023-2025,sma,,
14668,Piyush Singh,Piyush Singh,exact_name,2022-2025,sma,,2019-2022
51081,Aman Rao,Aman Rao,new,2024-2025,sma,,
8730,Gaurav Yadav,Gaurav Yadav,exact_name,2023-2025,sma,,2019-2022
13866,Sai Sudharsan,Sai Sudharsan,new,2021-2025,sma tnpl,,
1447353,Samrat Sutradhar,Samrat Sutradhar,new,2024-2025,sma,,
9631,Viki Saha,VK Saha,team_context,2023-2025,sma,,2016-2023
1463375,Bhargab Lahkar,Bhargab Lahkar,new,2025-2025,sma,,
9205,Dhruv Shorey,DR Shorey,first+surname,2023-2025,sma,Dhruv Ranjan Shorey,2016-2021
13216,Tanush Kotian,Tanush Kotian,exact_name,2019-2026,sma t20_mumbai,Tanush Karunakar Kotian,2021-2024
22146,Mohit Redkar,MS Redkar,team_context,2023-2025,sma,,2023-2023
21593,Umang Kumar,UR Kumar,team_context,2023-2025,sma,,2023-2023
11823,Vikas Yadav,Vikas Yadav,exact_name,2024-2025,sma,,2019-2021
13908,Mohit Jangra,Mohit Jangra,exact_name,2023-2025,sma,,2019-2023
10374,Vikas Hathwala,Vikas Hathwala,exact_name,2015-2025,sma,,2016-2021
1447205,Sanskar Rawat,Sanskar Rawat,new,2024-2025,sma,,
18793,Denish Das,Denish Das,exact_name,2022-2025,sma,,2021-2023
55669,Abdul Ajij Kuraishi,Abdul Ajij Kuraishi,new,2025-2025,sma,,
11965,Upendra Yadav,Upendra Yadav,exact_name,2022-2025,sma uppl,,2019-2023
39356,K Nitesh Reddy,K Nitesh Reddy,new,2024-2025,sma,,
1447549,Nikhil Sharma,NS Sharma,team_context,2024-2025,sma,,2024-2024
19003,Bhagmender Lather,Bhagmender Lather,exact_name,2022-2025,sma,,2021-2024
16029,Nehal Pajni,Nehal Pajni,new,2025-2025,sma,,
1463583,Nikhil Thakur,Nikhil Thakur,new,2025-2025,sma,,
14726,Akash Deep,Akash Deep,exact_name,2022-2025,sma,Akash Deep,2019-2025
18727,Sankar Paul,Sankar Paul,exact_name,2022-2025,sma,,2021-2023
18713,Aditya Rout,Aditya Rout,exact_name,2025-2025,sma,,2021-2021
11802,Sandeep Pattnaik,Sandeep Pattnaik,exact_name,2023-2025,sma,,2019-2021
1465926,Soumya Ranjan Lenka,Soumya Ranjan Lenka,new,2025-2025,sma,,
15984,Nachiket Bhute,NN Bhute,unique_surname,2025-2025,sma,,2021-2021
1465641,Adhyayan Daga,Adhyayan Daga,new,2025-2025,sma,,
1450629,Yawer Hassan,Yawer Hassan,new,2025-2025,sma,,
33129,Sakib Hussain,Sakib Hussain,exact_name,2024-2025,sma,,2022-2026
32898,R Pratap Singh,R Pratap Singh,exact_name,2022-2025,sma,,2022-2022
14468,Mangal Mahrour,Mangal Mahrour,exact_name,2022-2025,sma,,2019-2022
12620,Goswami,Abhishek Goswami,team_context,2023-2025,sma uppl,,2021-2023
53485,Divesh Sharma,Divesh Sharma,new,2024-2025,sma,,
13117,Nitin Tanwar,Nitin Tanwar,exact_name,2023-2025,sma,,2018-2021
12930,Manimaran Siddharth,M Siddharth,exact_name,2017-2026,sma tnpl,Manimaran Siddharth,2019-2026
32800,Aasirwad Swain,Aasirwad Swain,new,2022-2025,sma,,
10630,Sarwate,AA Sarwate,team_context,2022-2025,sma,,2022-2022
12164,Heramb Parab,Heramb Parab,exact_name,2024-2025,sma,,2019-2021
9647,Hardik Pandya,HH Pandya,team_context,2024-2025,sma,Hardik Himanshu Pandya,2015-2026
1465528,Japagnya Bhatt,Japagnya Bhatt,new,2025-2025,sma,,
15616,Dhrushant Soni,Dhrushant Soni,exact_name,2025-2025,sma,,2021-2022
21563,Saruk Hossain,Saruk Hossain,exact_name,2025-2025,sma,,2021-2021
9429,Sarfaraz Khan,SN Khan,team_context,2019-2026,sma t20_mumbai,Sarfaraz Naushad Khan,2015-2026
1466006,Sadek Hussain,Sadek Hussain,new,2025-2025,sma,,
14338,Madhav Kaushik,Madhav Kaushik,exact_name,2023-2025,sma uppl,,2019-2021
22596,Aaradhya Yadav,Aaradhya Yadav,new,2025-2025,sma uppl,,
10808,Mohammed Siraj,Mohammed Siraj,exact_name,2025-2025,sma,Mohammed Siraj,2016-2026
52362,Nitin Sai Yadav,Nitin Sai Yadav,new,2024-2026,sma tg20,,
1465498,HK Simha,HK Simha,new,2025-2026,sma tg20,,
19308,Lone Nasir Muzaffar,Lone Nasir Muzaffar,exact_name,2022-2025,sma,,2023-2023
36503,Bhuwan Rohilla,Bhuwan Rohilla,new,2025-2025,sma,,
1466034,Ashish Siwach,Ashish Siwach,new,2025-2025,sma,,
10266,Akash Vasisht,Akash Vasisht,exact_name,2022-2025,sma,,2019-2022
10754,Mukesh Kumar,Mukesh Kumar,exact_name,2022-2025,sma,Mukesh Kumar,2016-2026
1465597,Yuvraj Keswani,Yuvraj Keswani,new,2025-2025,sma,,
19208,Rajandeep Singh,Rajandeep Singh,new,2022-2025,sma,,
1466014,Amit Kumar,Amit Kumar (cb1466014),new,2025-2025,sma,,
13136,Kartik Tyagi,Kartik Tyagi,exact_name,2022-2025,sma uppl,Kartik Tyagi,2020-2026
18883,Amrit Lubana,Amrit Lubana,exact_name,2022-2025,sma,,2021-2024
1466078,Kawalpreet Singh,Kawalpreet Singh,new,2025-2025,sma,,
10668,Ravi Chauhan,Ravi Chauhan,exact_name,2022-2025,sma,,2018-2021
1466103,Sandeep Nishad,Sandeep Nishad,new,2025-2025,sma,,
11970,RI Thakur,RI Thakur,exact_name,2025-2025,sma,,2021-2021
1432969,Vipin Sharma,Vipin Sharma,new,2025-2025,sma,,
16487,Bhupen Lalwani,Bhupen Lalwani,new,2025-2025,sma,,
1463397,Aarav Mahajan,Aarav Mahajan,new,2025-2025,sma,,
1466100,Naveen Kumar Singh,Naveen Kumar Singh,new,2025-2025,sma,,
36095,Kunal Yadav,Kunal Yadav,new,2024-2025,sma uppl,,
35241,Himanshu Singh,Himanshu Singh,new,2024-2025,sma,,
11018,Kashyap Bakhale,Kashyap Bakhale (cb11018),new,2024-2025,sma,,
46247,Mohamed Ali,Mohamed Ali,new,2023-2026,sma tnpl,,
34480,Mayank Yadav,MP Yadav,first+surname,2024-2025,sma,Mayank Prabhu Yadav,2022-2026
9218,Siddhesh Lad,SD Lad,team_context,2019-2026,sma t20_mumbai,Siddhesh Dinesh Lad,2016-2022
1449169,Anil Parida,Anil Parida,new,2025-2025,sma,,
18643,Sarbeswar Mohanty,Sarbeswar Mohanty,exact_name,2025-2025,sma,,2019-2021
1463377,Ayushman Malakar,Ayushman Malakar,new,2025-2025,sma,,
1466237,Sanyam Saini,Sanyam Saini,new,2025-2025,sma,,
1466248,Amanpreet Singh,Amanpreet Singh,new,2025-2025,sma,,
19133,Naveen Kanwar,Naveen Kanwar,new,2025-2025,sma,,
1432139,Rishi Patel,Rishi Patel,new,2025-2025,sma,,
12333,Hiten Mahera,Hiten Mahera,new,2025-2025,sma,,
1447477,Mohamed Safeequddin,Mohamed Safeequddin,new,2024-2025,sma,,
27380,Sunny Sandhu,Sunny Sandhu,new,2022-2026,sma tnpl,,
10888,Akshay Wadkar,Akshay Wadkar,exact_name,2022-2025,sma,,2018-2022
16749,Amod Yadav,Amod Yadav,exact_name,2023-2025,sma,,2021-2021
1466256,Ishant Bhardwaj,Ishant Bhardwaj,new,2025-2025,sma,,
1431833,Tejasvi Jaiswal,Tejasvi Jaiswal,new,2024-2025,sma,,
1450654,Arjun Debnath,Arjun Debnath,new,2025-2025,sma,,
10317,Chiranjit Paul,CK Paul,team_context,2022-2025,sma,,2016-2022
15299,Rahul Raj,Rahul Raj,new,2025-2025,sma,,
1466419,Rhot Sen,Rhot Sen,new,2025-2025,sma,,
1431793,Praful Hinge,PP Hinge,unique_surname,2025-2025,sma,,2026-2026
1465684,Rishiket Sisodia,Rishiket Sisodia,new,2025-2026,sma tg20,,
32877,Rohit Dhanda,Rohit Dhanda,new,2022-2025,sma,,
15490,Sachin Kumar,Sachin Kumar (cb15490),new,2022-2025,sma,,
1466408,Kundan Verma,Kundan Verma,new,2025-2025,sma,,
51364,Amit Passi,AH Passi,team_context,2025-2025,sma,,2023-2023
13251,Dhruv Patel,Dhruv Patel,exact_name,2023-2025,sma,,2019-2023
14451,Safvan Patel,SD Patel,team_context,2022-2025,sma,,2022-2022
18698,Chintal Gandhi,Chintal Gandhi,new,2022-2025,sma,,
1466411,Avinash,Avinash,new,2025-2025,sma,,
1447577,Kunwar Pathak,Kunwar Pathak,new,2024-2025,sma,,
10648,Kukna Ajay Singh,Kukna Ajay Singh (cb10648),new,2025-2025,sma,,
52572,Ram Mohan Chouhan,Ram Mohan Chouhan,new,2025-2025,sma,,
22566,Angkrish Raghuvanshi,A Raghuvanshi,exact_name,2023-2025,sma t20_mumbai,Angkrish Raghuvanshi,2023-2026
52442,Vanshaj Sharma,Vanshaj Sharma,new,2025-2025,sma,,
18887,Gourav Choudhury,Gourav Choudhury,exact_name,2024-2025,sma,,2021-2021
11629,R Silambarasan,R Silambarasan,new,2017-2026,sma tnpl,,
1453115,Esakkimuthu A,Esakkimuthu A,new,2025-2026,sma tnpl,,
27373,Rithik Easwaran,Rithik Easwaran,new,2022-2026,sma tnpl,,
14701,Nitish Kumar Reddy,Nitish Kumar Reddy,new,2025-2025,sma,,
12692,Amit Rana,Amit Rana,new,2024-2025,sma,,
13940,Yashasvi Jaiswal,YBK Jaiswal,team_context,2022-2025,sma,Yashasvi Bhupendra Kumar Jaiswal,2020-2026
15482,Mickil Jaiswal,Mickil Jaiswal,exact_name,2022-2026,sma tg20,,2022-2022
1467345,Hemant Kumar,Hemant Kumar (cb1467345),new,2025-2025,sma,,
1810,Srikkanth Anirudha,S Anirudha,exact_name,2015-2022,sma tnpl,Srikkanth Anirudha,2008-2019
10377,Laxmesha Suryaprakash,Laxmesha Suryaprakash,new,2015-2024,sma tnpl,,
10362,Gopinath,Gopinath,new,2015-2022,sma tnpl,,
9624,Baba Indrajith,B Indrajith,exact_name,2015-2026,sma tnpl,Baba Indrajith,2016-2022
6314,Rajagopal Sathish,R Sathish,exact_name,2015-2024,sma tnpl,Rajagopal Sathish,2010-2016
8899,Malolan Rangarajan,Malolan Rangarajan,new,2015-2019,sma tnpl,,
9622,Aswin Crist,Aswin Crist,exact_name,2015-2024,sma tnpl,,2021-2021
8202,Sunil Sam,Sunil Sam,new,2015-2021,sma tnpl,,
10363,Antony Dhas,Antony Dhas,exact_name,2015-2026,sma tnpl,,2016-2018
8784,Pratik Desai,Pratik Desai,exact_name,2015-2015,sma,,2021-2021
10369,Lakhan Singh,Lakhan Singh,exact_name,2015-2023,sma,,2016-2021
8787,Rajat Paliwal,Rajat Paliwal,exact_name,2015-2024,sma,,2016-2021
9303,Irfan Khan,Irfan Khan (cb9303),new,2015-2015,sma,,
8789,Nakul Harpal Verma,Nakul Verma,team_context,2015-2023,sma,,2016-2023
8786,Shadab Nazar,Shadab Nazar,new,2015-2015,sma,,
9633,Rahul Kanojia,Rahul Kanojia,new,2015-2015,sma,,
10368,Azaruddin Bloch,Azaruddin Bloch,new,2015-2015,sma,,
10372,Kshitiz Sharma,Kshitiz Sharma,exact_name,2015-2015,sma,,2018-2021
8773,Milind Kumar,Milind Kumar (cb8773),new,2015-2017,sma,,
10354,Pratyush Singh,Pratyush Singh,exact_name,2015-2015,sma,,2018-2021
10379,Aditya Kaushik,Aditya Kaushik,exact_name,2015-2022,sma,,2016-2022
9042,Jagrit Anand,Jagrit Anand,new,2015-2015,sma,,
9428,Shreyas Iyer,SS Iyer,team_context,2017-2026,sma t20_mumbai,Shreyas Santosh Iyer,2015-2026
6315,Aditya Tare,AP Tare,team_context,2017-2026,sma t20_mumbai,Aditya Prakash Tare,2010-2022
1463,Abhishek Nayar,AM Nayar,first+surname,2017-2017,sma,Abhishek Mohan Nayar,2008-2016
10228,Amit Mishra,Amit Mishra,exact_name,2017-2017,sma,,2016-2019
1797,Mahesh Rawat,Mahesh Rawat,new,2017-2017,sma,,
8273,Apoorv Wankhade,AV Wankhade,team_context,2017-2024,sma,,2016-2024
8948,Swaroop Kumar,Swaroop Kumar,new,2017-2017,sma,,
269,Ashish Nehra,A Nehra,exact_name,2017-2017,sma,Ashish Nehra,2008-2017
8181,Mohit Sharma,MM Sharma,team_context,2017-2024,sma,Mohit Mahipal Sharma,2013-2025
10744,Rishabh Pant,RR Pant,first+surname,2017-2017,sma,Rishabh Rajendra Pant,2016-2026
10664,Amit Pachhara,Amit Pachhara,exact_name,2017-2022,sma,,2018-2021
9751,Umar Nazir Mir,Umar Nazir Mir,new,2017-2017,sma,,
8954,Pritam Das,Pritam Das,exact_name,2017-2017,sma,,2018-2021
1855,Ishank Jaggi,IR Jaggi,first+surname,2017-2017,sma,Ishank Rajiv Jaggi,2011-2021
8901,Rujul Bhatt,Rujul Bhatt,new,2017-2017,sma,,
8849,Saurya Sanandiya,Saurya Sanandiya (cb8849),new,2017-2017,sma,,
8944,Sandeep Warrier,S Sandeep Warrier,unique_surname,2017-2026,sma tnpl,Sankarankutty Sandeep Warrier,2016-2024
9038,Rahil Shah,Rahil Shah,exact_name,2016-2026,sma tnpl,,2016-2021
9268,Suryakant Pradhan,Suryakant Pradhan,exact_name,2017-2022,sma,,2018-2021
1672,Arun Karthik,Arun Karthik,new,2016-2025,sma tnpl,,
8351,Akshdeep Nath,Akshdeep Nath,new,2017-2025,sma uppl,,
11062,Jatin Wadhwan,Jatin Wadhwan,exact_name,2022-2022,sma,,2016-2021
10301,Shubham Pundir,Shubham Pundir,exact_name,2022-2023,sma,,2018-2023
14629,Mujtaba Yousuf,Mujtaba Yousuf,exact_name,2022-2022,sma,,2019-2021
13598,Fazil Rashid,Fazil Rashid,exact_name,2022-2023,sma,,2019-2023
16235,Henan Nazir,Henan Nazir,exact_name,2022-2023,sma,,2021-2023
32821,Abhishek Kumar,Abhishek Kumar,new,2022-2022,sma,,
14132,Dippu Sangma,Dippu Sangma,exact_name,2022-2024,sma,,2021-2021
14124,Raj Biswa,RR Biswa,unique_surname,2022-2022,sma,,2019-2019
18827,Anish Charak,Anish Charak,exact_name,2022-2024,sma,,2021-2023
18822,Yogesh Tiwari,Yogesh Tiwari,exact_name,2022-2024,sma,,2021-2021
14143,Rex Singh,Rex Singh,new,2022-2024,sma,,
14354,Kishan Thokchom,Kishan Thokchom,exact_name,2022-2022,sma,,2019-2021
15507,K Yumnam,K Yumnam,new,2022-2022,sma,,
14142,Prafullomani Singh,Prafullomani Singh,new,2022-2023,sma,,
14147,Sultan Karim,Sultan Karim,exact_name,2022-2023,sma,,2019-2023
14508,Ahmed Shah,Ahmed Shah,exact_name,2022-2024,sma,,2019-2022
17224,Ragupathy,Ramachandran Ragupathy,team_context,2022-2022,sma,,2021-2022
32448,Mohit Mittan,Mohit Mittan,exact_name,2022-2026,sma tnpl,,2022-2022
1860,Paras Dogra,P Dogra,exact_name,2022-2024,sma,Paras Dogra,2010-2022
32436,Tharayil Abeesh,Tharayil Abeesh,new,2022-2022,sma,,
14172,Yash Dayal,Yash Dayal,exact_name,2022-2023,sma,Yash Dayal,2019-2025
12095,Shiva Singh,Shiva Singh,exact_name,2022-2025,sma uppl,,2019-2023
14702,Shivam Sharma,Shivam Sharma (cb14702),new,2022-2025,sma uppl,,
13913,Sameer Choudhary,Sameer Choudhary,exact_name,2022-2025,sma uppl,,2019-2021
1465,W Saha,WP Saha,team_context,2022-2023,sma,Wriddhiman Prasanta Saha,2008-2024
8992,Sudip Chatterjee,Sudip Chatterjee,exact_name,2022-2024,sma,,2016-2023
32742,Deepak Khatri,D Khatri,team_context,2022-2022,sma,,2022-2022
11016,Rajat Dey,Rajat Dey,exact_name,2022-2024,sma,,2016-2023
14349,Subham Ghosh,SS Ghosh,team_context,2022-2024,sma,,2023-2023
8741,Rana Dutta,Rana Dutta,exact_name,2022-2022,sma,,2016-2022
11015,Ajay Sarkar,Ajay Sarkar,exact_name,2022-2024,sma,,2016-2023
18898,Parvez Sultan,Parvez Sultan,exact_name,2022-2024,sma,,2021-2023
10895,Lakshay Garg,Lakshay Garg,exact_name,2022-2023,sma,,2016-2023
11020,Felix Alemao,Felix Alemao,exact_name,2022-2024,sma,,2016-2023
7908,Amit Yadav,Amit Yadav,exact_name,2022-2022,sma,,2021-2022
10329,Snehal Suhas Kauthankar,Snehal Kauthankar,team_context,2022-2022,sma,,2016-2022
15649,Tunish Sawkar,TT Sawkar,team_context,2022-2023,sma,,2022-2023
12314,Eknath Kerkar,Eknath Kerkar,exact_name,2019-2026,sma t20_mumbai,,2018-2023
14037,Tanveer Ul-Haq,Tanveer Ul-Haq,exact_name,2022-2022,sma,,2016-2021
32863,Anirudh Singh,Anirudh Singh (cb32863),new,2022-2022,sma,,
7846,Ashok Menaria,AL Menaria,team_context,2022-2022,sma,Ashok Lakshminarayan Menaria,2011-2022
12091,Salman Khan,SF Khan,team_context,2022-2022,sma,,2018-2022
6302,Anirudh Singh,Anirudh Singh (cb6302),new,2022-2022,sma,,
1793,T Kohli,T Kohli,exact_name,2022-2022,sma,Taruwar Sushil Kohli,2008-2022
14527,Andrew Vanlalhruaia,Andrew Vanlalhruaia,exact_name,2022-2022,sma,,2019-2021
14065,Lalhruai Ralte,Lalhruai Ralte,exact_name,2022-2024,sma,,2019-2023
21691,Remruatdika Ralte,Remruatdika Ralte,exact_name,2022-2023,sma,,2021-2023
14440,Bobby Zothansanga,Bobby Zothansanga,exact_name,2022-2024,sma,,2019-2022
21778,Rinsangzela,Rinsangzela,new,2022-2022,sma,,
14295,Aishwarya Mourya,Aishwarya Mourya,new,2022-2022,sma,,
8198,Baba Aparajith,B Aparajith,team_context,2016-2025,sma tnpl,,2016-2023
11631,Sanjay Yadav,Sanjay Yadav,new,2016-2026,sma tnpl,,
11623,Hari Nishanth,Hari Nishanth,new,2016-2026,sma tnpl,,
27319,Ajitesh Guruswamy,Ajitesh Guruswamy,new,2022-2026,sma tnpl,,
10787,Rahul Hazarika,RG Hazarika,team_context,2022-2022,sma,,2022-2022
32826,Nihar Narah,NR Narah,team_context,2022-2022,sma,,2022-2022
9308,Rishav Das,Rishav Das,exact_name,2022-2023,sma,,2018-2023
10856,Wasiqur Rahman,Wasiqur Rahman,exact_name,2022-2022,sma,,2016-2022
32730,Dharani Rabha,D Rabha,team_context,2022-2022,sma,,2022-2022
16478,Subham Mandal,SN Mandal,team_context,2022-2022,sma,,2022-2022
15483,Roshan Alam,Roshan Alam,exact_name,2022-2024,sma,,2019-2022
11821,Lalit M Yadav,LM Yadav,team_context,2022-2023,sma,,2021-2022
10885,Akshay Karnewar,Akshay Karnewar,exact_name,2022-2023,sma,,2016-2022
11971,Siddhesh Wath,Siddhesh Wath,exact_name,2022-2022,sma,,2021-2021
13507,Nipan Deka,Nipan Deka,exact_name,2022-2024,sma,,2018-2022
22516,Pankaj Rawat,Pankaj Rawat,new,2022-2023,sma,,
19312,Anwesh Sharma,Anwesh Sharma,new,2022-2024,sma,,
14088,Mandup Bhutia,Mandup Bhutia,exact_name,2022-2022,sma,,2019-2021
21676,Akash Luitel,Akash Luitel,exact_name,2022-2022,sma,,2021-2021
32793,James Rai,James Rai,new,2022-2022,sma,,
15721,Anil Subba,Anil Subba,exact_name,2022-2022,sma,,2019-2019
12663,Debabrata Pradhan,Debabrata Pradhan,exact_name,2022-2024,sma,,2018-2021
19153,Tarani Sa,Tarani Sa,exact_name,2022-2024,sma,,2021-2021
32805,Mushtaq Beg,Mushtaq Beg,new,2022-2022,sma,,
9743,Jayanta Behera,Jayanta Behera,exact_name,2022-2022,sma,,2018-2021
32469,Sameer Mohanty,Sameer Mohanty,new,2022-2022,sma,,
19368,Rakesh Pattnaik,Rakesh Pattnaik,new,2022-2024,sma,,
14180,Ashay Palkar,A Palkar,team_context,2022-2022,sma,,2021-2021
14073,Techi Doria,Techi Doria,exact_name,2022-2024,sma,,2019-2023
32765,Meet Desai,Meet Desai,new,2022-2022,sma,,
14078,Akhilesh Sahani,Akhilesh Sahani,exact_name,2022-2022,sma,,2019-2021
32763,Rohan Sharma,Rohan Sharma,new,2022-2022,sma,,
14085,Kamsha Yangfo,Kamsha Yangfo,exact_name,2022-2022,sma,,2019-2021
32772,Chetan Anand,Chetan Anand,new,2022-2022,sma,,
15761,Suraj Tayam,Suraj Tayam,exact_name,2022-2022,sma,,2019-2021
32777,Tanmay Gupta,Tanmay Gupta,new,2022-2022,sma,,
10672,Chaitanya Bishnoi,Chaitanya Bishnoi,exact_name,2022-2022,sma,,2016-2023
10297,H Rana,H Rana,new,2022-2024,sma,,
11796,Shivam Chauhan,Shivam Chauhan,exact_name,2022-2022,sma,,2018-2021
9693,Rahul Tewatia,R Tewatia,exact_name,2022-2024,sma,Rahul Tewatia,2014-2026
22591,Dinesh Bana,DB Bana,team_context,2022-2024,sma,,2022-2022
12365,Aman Kumar,AS Kumar,team_context,2022-2023,sma,,2023-2023
10975,Nitin Yadav,Nitin Yadav,exact_name,2022-2023,sma,,2016-2021
14664,Mohit Kumar,Mohit Kumar,exact_name,2022-2022,sma,,2019-2021
11402,Arjun Sharma,Arjun Sharma,new,2022-2023,sma,,
10261,Devender Lohchab,Devender Lohchab,exact_name,2022-2022,sma,,2016-2021
8702,J Singh,J Singh,new,2022-2024,sma,,
14384,Piyush Joshi,Piyush Joshi,exact_name,2022-2023,sma,,2021-2022
14642,Vijay Sharma,Vijay Sharma,exact_name,2022-2024,sma,,2019-2022
14108,Mayank Mishra,Mayank Mishra,exact_name,2022-2022,sma,,2019-2022
15780,Divyansh joshi,D Joshi,team_context,2022-2022,sma,,2022-2022
10252,Abhijit K Sarkar,AK Sarkar,team_context,2022-2024,sma,,2018-2023
10756,Pramod Chandila,Pramod Chandila,exact_name,2022-2022,sma,,2016-2019
32889,Sushil Barik,Sushil Barik,new,2022-2022,sma,,
10945,Washington Sundar,Washington Sundar,exact_name,2016-2023,sma tnpl,Washington Sundar,2017-2026
11028,Abhishek Tanwar,Abhishek Tanwar,exact_name,2016-2026,sma tnpl,,2016-2019
18722,Pradeep Poojar,Pradeep Poojar,new,2022-2022,sma,,
32784,Susheel Kumar,Susheel Kumar,exact_name,2022-2024,sma,,2022-2023
12640,Pratham Singh,Pratham Singh,exact_name,2022-2024,sma,,2019-2023
9217,Vivek Singh,Vivek Singh,exact_name,2022-2024,sma,,2016-2023
14662,Ajay Lamabam Singh,Ajay Lamabam Singh,new,2022-2024,sma,,
32464,Vyshak Chandran,Vyshak Chandran,new,2022-2023,sma,,
12329,Ankit Kaushik,Ankit Kaushik,exact_name,2022-2022,sma,,2018-2021
32870,Md Kush,Md Kush,new,2022-2022,sma,,
32938,Neeraj Rathour,NS Rathour,team_context,2022-2022,sma,,2022-2022
32952,Satyam Baliyan,S Baliyan,team_context,2022-2022,sma,,2022-2022
8962,Baltej Singh,Baltej Singh,exact_name,2022-2024,sma,,2016-2023
6319,Mandeep,Mandeep,new,2022-2024,sma,,
15735,Kilco Marak,Kilco R Marak,team_context,2022-2023,sma,,2019-2023
8825,Sumeet Verma,Sumeet Verma,new,2022-2024,sma,,
8961,Kanwar Abhinay Singh,Kanwar Abhinay Singh,new,2022-2024,sma,,
14321,Abhijeet Saket,Abhijeet Saket,exact_name,2022-2023,sma,,2019-2022
18787,Anuj Raj,Anuj Raj,exact_name,2022-2022,sma,,2021-2022
13579,Ashutosh Aman,Ashutosh Aman,exact_name,2022-2022,sma,,2019-2022
18788,Apurva Anand,Apurva Anand,new,2022-2022,sma,,
14370,Harsh Singh,Harsh Vikram Singh,team_context,2022-2023,sma,,2019-2022
19228,Rishav Raj,Rishav,mononym+team,2022-2022,sma,,2021-2021
16566,Chopise Hopongkyu,Chopise Hopongkyu,exact_name,2022-2024,sma,,2021-2022
14120,Tahmeed Rahman,Tahmeed Rahman,exact_name,2022-2023,sma,,2019-2023
19198,Nzanthung Mozhui,Nzanthung Mozhui,exact_name,2022-2022,sma,,2021-2022
8763,H Zhimomi,H Zhimomi,new,2022-2024,sma,,
8716,K Deobrat,K Deobrat,new,2022-2023,sma,,
32945,Aayush Bhardwaj,Aayush Bhardwaj,new,2022-2022,sma,,
15968,Pankaj Kishor Kumar,Pankaj Kumar,team_context,2022-2024,sma,,2021-2021
21748,Sooraj Rai,Sooraj Rai,exact_name,2022-2022,sma,,2021-2021
21561,Bharat Sharma,Bharat Sharma,exact_name,2022-2023,sma,,2021-2022
8791,Anshul Gupta,Anshul Gupta,new,2022-2022,sma,,
11857,G Rahul Singh,G Rahul Singh,new,2022-2024,sma,,
12659,Sujit Lenka,Sujit Lenka,new,2022-2022,sma,,
21616,Ranjot Singh,Ranjot Singh,new,2022-2023,sma,,
11511,Agniv Pan,Agniv Pan,exact_name,2022-2024,sma,,2019-2024
13478,Ritwik Chowdhury,Ritwik Roy Chowdhury,team_context,2022-2024,sma,,2019-2024
14940,Mohit Avasthi,Mohit Avasthi,exact_name,2019-2026,sma t20_mumbai,,2021-2024
10253,Bishal Ghosh,BB Ghosh,team_context,2022-2022,sma,,2021-2022
24436,B Punnaiah,B Punnaiah,exact_name,2022-2026,sma tg20,,2022-2022
17145,Aniketh Reddy,A Prateek Reddy,team_context,2022-2026,sma tg20,,2022-2022
12309,Telukupalli Ravi Teja,Telukupalli Ravi Teja,new,2022-2026,sma tg20,,
14504,Tilak Varma,Tilak Varma,exact_name,2022-2026,sma tg20,Namboori Thakur Tilak Varma,2019-2026
19253,Bhagath Varma,Bhagath Varma,new,2022-2022,sma,,
33066,Shreyas Vala,Shreyas Vala,new,2022-2022,sma,,
17154,Prateek Reddy,P Nitesh Reddy,team_context,2022-2026,sma tg20,,2022-2022
33078,Rohan Suresh,Rohan Suresh,exact_name,2022-2022,sma,,
10951,Yogesh Sharma,Yogesh Sharma,exact_name,2022-2022,sma,,2022-2022
32819,Harsh Desai,HS Desai,team_context,2022-2023,sma,,2022-2023
13130,Mitesh Patel,Mitesh Patel,exact_name,2022-2024,sma,,2019-2022
9244,L Meriwala,LI Meriwala,team_context,2022-2024,sma,Lukman Iqbal Meriwala,2018-2024
13180,Karthik Kakade,KR Kakade,team_context,2022-2023,sma,,2021-2022
14712,Shantanu Mishra,Shantanu Mishra,exact_name,2022-2023,sma,,2019-2021
10302,Shrivastava,Shrivastava,new,2022-2022,sma,,
19032,Yuvraj Singh,Yuvraj Singh,exact_name,2022-2025,sma uppl,Yuvraj Singh,2007-2023
15798,Aaqib Khan,Aaqib Khan,exact_name,2022-2025,sma uppl,,2021-2021
21523,Jasmer Dhankhar,Jasmer Dhankhar,exact_name,2022-2025,sma uppl,,2023-2023
13268,Vaibhav Govekar,Vaibhav Govekar,exact_name,2022-2022,sma,,2019-2021
10311,Amulya Pandrekar,Amulya Pandrekar,exact_name,2022-2022,sma,,2018-2022
33099,Rithik Singh,Rithik Singh,new,2022-2022,sma,,
32590,Nasun Tamang,Nasun Tamang,new,2022-2022,sma,,
13264,Abhishek Thakuri,Abhishek Thakuri,exact_name,2022-2022,sma,,2021-2022
13178,Rajjakuddin Ahmed,Rajjakuddin Ahmed,exact_name,2022-2022,sma,,2018-2022
33122,Ruthvik Naik,Ruthvik Naik,new,2022-2022,sma,,
8292,Kuldeep Yadav,Kuldeep Yadav,exact_name,2022-2022,sma,Kuldeep Yadav,2016-2026
33136,Mohit Panwar,Mohit Panwar (cb33136),new,2022-2022,sma,,
8353,Roosh Kalaria,Roosh Kalaria,exact_name,2022-2022,sma,,2016-2022
11867,Chintan Gaja,Chintan Gaja,exact_name,2022-2024,sma,,2018-2023
10319,Hardik Patel,HP Patel,team_context,2022-2023,sma,,2016-2022
12093,Het Patel,HP Patel,team_context,2022-2022,sma,,2016-2022
22621,Ravi Kumar,Ravi Kumar (cb22621),new,2022-2023,sma,,
32462,Muthyala Charan,MSR Charan,team_context,2022-2022,sma,,2022-2022
32884,P Nitesh Reddy,P Nitesh Reddy,exact_name,2022-2022,sma,,2022-2022
33162,Gaurav Sharma,Gaurav Sharma,new,2022-2024,sma,,
14289,Akshay Jain,Akshay Jain,exact_name,2022-2022,sma,,2019-2022
33190,Roshan Madhav,Roshan Madhav,new,2022-2022,sma,,
14049,Anunay Singh,Anunay Singh,exact_name,2022-2022,sma,,2021-2022
33192,Virendra Gurjar,Virendra Gurjar,new,2022-2022,sma,,
21776,Elligaram Sanketh,E Sanketh,team_context,2022-2023,sma,,2021-2021
21773,Trishank Gupta,Trishank Gupta,exact_name,2022-2022,sma,,2021-2022
14691,Dhruv Jurel,Dhruv Jurel,exact_name,2022-2025,sma uppl,Dhruv Chand Jurel,2021-2026
21641,Riboklang Hynniewta,RD Hynniewta,team_context,2022-2024,sma,,2023-2023
19317,Techi Sonam,Techi Sonam,exact_name,2022-2024,sma,,2021-2021
33218,Tolum Makcha,Tolum Makcha,new,2022-2022,sma,,
24346,Yuvraj Singh,Yuvraj Singh,exact_name,2022-2024,sma,Yuvraj Singh,2007-2023
33211,Piyush Dahiya,PA Dahiya,team_context,2022-2022,sma,,2022-2022
15662,Kumar Suraj,Kumar Suraj,exact_name,2022-2022,sma,,2021-2021
14597,Manishi,Manishi,new,2022-2022,sma,,
12340,Vivekanand Tiwari,Vivekanand Tiwari,exact_name,2022-2024,sma,,2019-2021
14072,G Lalbiakvela,G Lalbiakvela,exact_name,2022-2023,sma,,2019-2023
14352,Lalhruaizela,Lalhruaizela,exact_name,2022-2023,sma,,2019-2023
14068,Saidingliana Sailo,Saidingliana Sailo,exact_name,2022-2022,sma,,2019-2019
14621,Parvez Ahmed,Parvez Ahmed,exact_name,2022-2024,sma,,2019-2022
33253,Azharuddin Khan,Azharuddin Khan,new,2022-2022,sma,,
33143,Bikash Singh,Bikash Singh,exact_name,2022-2023,sma,,2022-2023
22876,Rishith Reddy,Rishith Reddy,new,2022-2022,sma,,
22176,Alankrit Agarwal,Alankrit Agarwal,new,2022-2022,sma,,
33239,Nabam Hachang,Nabam Hachang,new,2022-2024,sma,,
19123,Jyotsnil Singh,Jyotsnil Singh,exact_name,2022-2023,sma,,2023-2023
15512,Abhimanyu Rajput,AV Rajput,team_context,2022-2022,sma,,2021-2024
14331,Chitiz Tamang,Chitiz Tamang,new,2022-2022,sma,,
14724,Supriyo Chakraborty,Supriyo Chakraborty,exact_name,2022-2023,sma,,2019-2019
13133,Nazim Siddiqui,Nazim Siddiqui,exact_name,2022-2022,sma,,2018-2019
33246,Om T Munde,Om T Munde,new,2022-2022,sma,,
11518,Puri,Puri,new,2022-2022,sma,,
32875,Akshit Rana,Akshit Rana,new,2022-2023,sma,,
14633,Nitin Sharma,N A Sharma,team_context,2022-2022,sma,,2019-2022
51340,Vikash Kanwar,Vikash Kanwar,new,2023-2024,sma,,
51301,Vanlal Remruata,Vanlal Remruata,new,2023-2023,sma,,
19438,Rosiamliana Ralte,R Ralte,team_context,2023-2023,sma,,2023-2023
14061,Gaurav Singh,Gaurav Singh,exact_name,2023-2023,sma,,2019-2019
14990,Agni Chopra,AD Chopra,team_context,2023-2024,sma,,2023-2025
36090,Akhil Rawat,Akhil Rawat,new,2023-2024,sma,,
51371,Ravinder Negi,Ravinder Negi,new,2023-2023,sma,,
15766,Saurabh Dubey,Saurabh Dubey (cb15766),new,2023-2023,sma,,
51329,Nayan Chavan,Nayan Chavan,new,2023-2023,sma,,
51343,Arien Sangma,ABB Sangma,team_context,2023-2024,sma,,2023-2023
51347,Mewada Shylla,MR Shylla,team_context,2023-2023,sma,,2023-2023
14127,Sylvester Mylliempdah,S Mylliempdah,team_context,2023-2023,sma,,2023-2023
14133,Amiangshu Sen,Amiangshu Sen,exact_name,2023-2023,sma,,2019-2023
12650,Rohit Rayudu,Rohit Rayudu,exact_name,2023-2026,sma tg20,,2019-2023
21583,Chandan Sahani,CP Sahani,team_context,2023-2026,sma tg20,,2023-2023
11404,Ishan Porel,IC Porel,team_context,2023-2024,sma,Ishan Chandranath Porel,2019-2023
11797,Vinod Kumar,Vinod Kumar (cb11797),new,2023-2024,sma,,
51399,Mukul Negi,Mukul Negi,new,2023-2024,sma,,
51406,Prashant Tomar,Prashant Tomar,new,2023-2023,sma,,
51308,Jyoti Bind,Jyoti Bind,new,2023-2023,sma,,
14093,Nilesh Lamichaney,Nilesh Lamichaney,exact_name,2023-2024,sma,,2019-2021
51315,Pranesh Chettri,Pranesh Chettri,new,2023-2024,sma,,
51322,Shankar Praad,Shankar Praad,new,2023-2023,sma,,
34662,Jeetendra Sharma,Jeetendra Sharma,new,2023-2023,sma,,
14157,Varun Choudhary,Varun Choudhary,exact_name,2023-2023,sma,,2019-2021
10667,Poonia,Poonia,new,2023-2024,sma,,
10322,Shubham Rohilla,Shubham Rohilla,new,2023-2024,sma,,
13594,Nakul Sharma,Nakul Sharma,exact_name,2023-2023,sma,,2018-2021
11012,Abhishek Yadav,Abhishek Yadav,exact_name,2023-2024,sma,,2016-2021
19342,Harshit Rathod,Harshit Rathod,exact_name,2023-2024,sma,,2021-2021
13488,Rajesh Dhuper,Rajesh Dhuper,exact_name,2023-2023,sma,,2018-2021
18707,Sunil Roul,Sunil Roul,exact_name,2023-2023,sma,,2021-2021
51361,Sourav Dey,Sourav Dey,exact_name,2023-2023,sma,,2023-2023
18763,Harsh Raj,Harsh Raj,new,2023-2023,sma,,
51336,Paramjit Singh,Paramjit Singh,new,2023-2024,sma,,
9782,Karan Kaila,Karan Kaila,exact_name,2023-2023,sma,,2019-2019
18813,Kumar Nyompu,Kumar Nyompu,exact_name,2023-2023,sma,,2021-2023
51249,Aprameya Jaiswal,AV Jaiswal,team_context,2023-2023,sma,,2023-2023
51221,Avinash Thapa,A Thapa,team_context,2023-2023,sma,,2023-2023
51214,Divyanshu Yadav,D Yadav,team_context,2023-2023,sma,,2023-2023
51256,Sitesh Das,SK Das,team_context,2023-2023,sma,,2023-2023
51235,Aryan Sahani,Aryan Sahani,exact_name,2023-2023,sma,,2023-2023
51266,Ayush Awasthi,Ayush Awasthi,new,2023-2023,sma,,
34135,Sahil Lotra,Sahil Lotra,exact_name,2023-2024,sma,,2023-2023
15486,Soyeb Sopariya,SI Sopariya,team_context,2023-2023,sma,,2023-2023
51060,Abhimanyu Singh,Abhimanyu Singh,new,2023-2024,sma,,
10642,Fabid Ahmed,Fabid Ahmed,exact_name,2023-2024,sma,,2016-2021
51445,Vivek Kumar,Vivek Kumar,exact_name,2023-2023,sma,,2019-2019
18972,Vikash Vishal,V Vishal,team_context,2023-2023,sma,,2021-2021
15491,Vikash Yadav,Vikash Yadav,exact_name,2023-2023,sma,,2021-2021
51420,Kunal Sarma,Kunal Sarma,new,2023-2023,sma,,
51144,Gaurav Joshi,Gaurav Joshi,new,2023-2023,sma,,
51151,Krishna Yadav,Krishna Yadav,new,2023-2023,sma,,
51165,Kishan Karki,Kishan Karki,new,2023-2023,sma,,
51238,Yorjum Sera,Y Sera,team_context,2023-2024,sma,,2023-2023
11634,Jaganath Sinivas,Jaganath Sinivas,new,2016-2023,sma tnpl,,
18867,Khrievitso Kense,Khrievitso Kense,exact_name,2023-2024,sma,,2021-2023
15585,Moakumzuk Tzudir,Moakumzuk Tzudir,exact_name,2023-2024,sma,,2019-2023
51438,Karan Tewatiya,K Tewatiya,team_context,2023-2023,sma,,2023-2023
51487,Kinara Rai,Kinara Rai,new,2023-2023,sma,,
15719,Sabin Chettri,Sabin Chettri,exact_name,2023-2023,sma,,2019-2019
14949,Prasad Pawar,Prasad Pawar,new,2019-2026,sma t20_mumbai,,
51242,Nabam Joshi,N Joshi,team_context,2023-2023,sma,,2023-2025
10755,Rohit Parmod Sharma,RP Sharma,team_context,2023-2024,sma,,2016-2023
51494,Rohan Chowdury,Rohan Chowdury,new,2023-2023,sma,,
35278,Junjun Sangma,Junjun Sangma,new,2023-2023,sma,,
51508,Abhishek Singh,Abhishek Singh,new,2023-2023,sma,,
51469,Sharman Nigrodh,Sharman Nigrodh,new,2023-2024,sma,,
14477,Anuj Tiwary,Anuj Tiwary,new,2023-2024,sma,,
34590,Sanvert Kurkalang,SB Kurkalang,team_context,2023-2023,sma,,2023-2023
34585,Shen Patel,SN Patel,team_context,2023-2023,sma,,2023-2023
15617,Arkaprabha Sinha,Arkaprabha Sinha,exact_name,2023-2023,sma,,2019-2023
51522,Anant Bharwad,A Bharwad,team_context,2023-2023,sma,,2023-2023
34088,Sunil Lachit,Sunil Lachit,new,2023-2023,sma,,
21961,Suresh Vishweshwar,Suresh Vishweshwar,exact_name,2023-2023,sma,,2021-2021
51539,Galpo Sherpa,Galpo Sherpa,new,2023-2023,sma,,
10670,Vinayak Vikram,Vinayak Vikram,new,2023-2023,sma,,
51532,Dipesh Parwani,DM Parwani,team_context,2023-2024,sma,,2024-2024
14117,Oren Ngullie,Oren Ngullie,exact_name,2023-2023,sma,,2019-2019
8808,Axar Patel,AR Patel,team_context,2023-2024,sma,Axar Rajeshbhai Patel,2014-2026
51571,Prateek Pandey,Prateek Pandey,new,2023-2023,sma,,
51067,Kaushik Maity,Kaushik Maity,exact_name,2023-2023,sma,,2023-2023
14168,Prayas Barman,P Ray Barman,team_context,2023-2024,sma,Prayas Ray Barman,2019-2021
24401,Mayank Shandilya,Mayank Shandilya,new,2023-2023,sma,,
14651,Yashu Sharma,YR Sharma,team_context,2023-2023,sma,,2019-2021
51574,Vishu Kashyap,Vishu Kashyap,new,2023-2023,sma,,
32912,Baljeet Singh Binny,Baljeet Singh Binny,new,2023-2024,sma,,
19282,Kartik Biswal,Kartik Biswal,new,2023-2023,sma,,
14161,Bikramjit Debnath,BB Debnath,team_context,2023-2023,sma,,2023-2023
10628,Nirupam Sen,Nirupam Sen,new,2023-2023,sma,,
51581,Sagar Rana,Sagar Rana,new,2023-2023,sma,,
37154,Siddharth Balodi,Siddharth Balodi,new,2023-2024,sma,,
35705,Basir Rahman,B Rahman,team_context,2023-2023,sma,,2019-2023
15496,Al Bashid Muhammed,Al Bashid Muhammed,exact_name,2023-2024,sma,,2019-2023
51578,Piyush Singh,Piyush Singh,exact_name,2023-2024,sma,,2019-2022
51154,Sarvesh Rohilla,SM Rohilla,team_context,2023-2023,sma,,2023-2023
9241,Royston Dias,Royston Dias,exact_name,2019-2026,sma t20_mumbai,,2018-2024
51109,Bishal Roy,BA Roy,team_context,2023-2023,sma,,2023-2023
51592,Hritik Kalia,Hritik Kalia,new,2023-2023,sma,,
11403,Vinay Galetiya,Vinay Galetiya,new,2023-2023,sma,,
19143,Vipin Sharma,Vipin Sharma (cb19143),new,2023-2023,sma,,
51228,Tana Teti,T Teti,team_context,2023-2024,sma,,2023-2023
51602,R Yadav,R Yadav,new,2023-2023,sma,,
51595,Prashant Bhati,Prashant Bhati,new,2023-2024,sma,,
8797,M Mohammed,M Mohammed,exact_name,2016-2026,sma tnpl,,2018-2023
15716,Prince Yadav,Prince Yadav,exact_name,2023-2025,sma uppl,,2024-2026
13534,Mohsin Khan,Mohsin Khan (cb13534),new,2023-2024,sma,,
51609,Anujit Parmar,Anujit Parmar,new,2023-2023,sma,,
51620,Laishram Robertson,Laishram Robertson,new,2023-2023,sma,,
13481,Kshitij Patel,Kshitij Patel,exact_name,2023-2023,sma,,2018-2019
51616,Aditya Chandresh Singh,Aditya Chandresh Singh,new,2023-2023,sma,,
51161,Mandar Mahale,MK Mahale,team_context,2023-2024,sma,,2024-2024
10806,Jay Gokul Bista,Jay Bista,unique_surname,2019-2026,sma t20_mumbai,,2018-2021
36174,Naveen Gurung,Naveen Gurung,new,2024-2024,sma,,
1447365,F Vanlalmuanzuala,F Vanlalmuanzuala,new,2024-2024,sma,,
52327,Saranu Nishanth,Saranu Nishanth,new,2024-2026,sma tg20,,
52369,Jaskirat Singh,Jaskirat Singh,new,2024-2024,sma,,
1433345,Roshan Warbah,Roshan Warbah,new,2024-2024,sma,,
14129,Wanlambok Nongkhlaw,W Nongkhlaw,unique_surname,2024-2024,sma,,2019-2019
51742,Bhim Luitel,Bhim Luitel,new,2024-2024,sma,,
1447493,Roshan Kumar,Roshan Kumar (cb1447493),new,2024-2024,sma,,
1432283,Parth Palawat,Parth Palawat,new,2024-2024,sma,,
52355,Saurav Prasad,Saurav Prasad,new,2024-2024,sma,,
1432507,Dheeru Singh,Dheeru Singh,new,2024-2024,sma,,
1431705,Hardik Varma,Hardik Varma,new,2024-2024,sma,,
1447505,Aryan Malik,Aryan Malik,new,2024-2024,sma,,
24451,Nabam Abo,Nabam Abo,new,2024-2024,sma,,
12090,Ayush Jamwal,Ayush Jamwal,exact_name,2024-2024,sma,,2019-2021
10250,Swarupam Purkayastha,Swarupam Purkayastha,exact_name,2024-2024,sma,,2016-2019
1431923,Ruhinandan Pegu,Ruhinandan Pegu,new,2024-2024,sma,,
1432249,Nishunk Birla,Nishunk Birla,exact_name,2024-2024,sma,,2024-2024
1447537,Pradeep Yadav,Pradeep Yadav,new,2024-2024,sma,,
10955,Kanishk Seth,Kanishk Seth,exact_name,2024-2024,sma,,2018-2024
1447565,Mrityunjay Singh,Mrityunjay Singh,new,2024-2024,sma,,
14323,Kumar Rajnish,Kumar Rajnish,exact_name,2024-2024,sma,,2021-2021
14625,Tejas Patel,Tejas Patel,exact_name,2024-2024,sma,,2019-2022
12628,Vineet Panwar,V Panwar,team_context,2024-2025,sma uppl,,2024-2024
52418,Swastik Chikara,Swastik Chikara,new,2024-2025,sma uppl,,
32429,Shivansh Sharma,Shivansh Sharma,new,2024-2024,sma,,
1447093,Ravi Kumar Yadav,Ravi Kumar Yadav,new,2024-2024,sma,,
1432873,Sharandeep Singh Bhatia,Sharandeep Singh Bhatia,new,2024-2024,sma,,
1447573,Pradeep Pradhan,Pradeep Pradhan,new,2024-2024,sma,,
15743,Prabin Luha,Prabin Luha,exact_name,2024-2024,sma,,2019-2019
9464,A Shukla,A Shukla (cb9464),new,2024-2024,sma,,
1431945,Mayank Choudhary,Mayank Choudhary,new,2024-2024,sma,,
21758,Irfan ul Haq,Irfan-ul-Haq,exact_name,2024-2024,sma,,2021-2021
1447717,Soubam Rohit Singh,Soubam Rohit Singh,new,2024-2024,sma,,
46212,Boopathi Kumar,Boopathi Kumar,new,2023-2026,sma tnpl,,
24491,Tarun Sharma,Tarun Sharma (cb24491),new,2024-2024,sma,,
1447753,Vivek Ranjan,Vivek Ranjan,new,2024-2024,sma,,
1447745,Ramesh Rahul,Ramesh Rahul,new,2024-2024,sma,,
1447737,Abhishek Pujari,Abhishek Pujari,new,2024-2024,sma,,
8753,Vamsi Krishna,Vamsi Krishna (cb8753),new,2024-2024,sma,,
1447813,Lal Rin Fela,Lal Rin Fela,new,2024-2024,sma,,
1447805,Riaz Uddin,Riaz Uddin,new,2024-2024,sma,,
13526,Shubham Arora,Shubham Arora,exact_name,2024-2024,sma,,2021-2021
1447801,Sougrakpam Singh,Sougrakpam Singh,new,2024-2024,sma,,
14146,Somorjit Salam,Somorjit Salam,exact_name,2024-2024,sma,,2019-2021
3726,N Khan,N Khan,new,2024-2024,sma,,
1447817,Shivendra Bhujbal,Shivendra Bhujbal,new,2024-2024,sma,,
1431763,Afzal Hussain,Afzal Hussain,new,2024-2024,sma,,
1447985,Sparsh Joshi,Sparsh Joshi,new,2024-2024,sma,,
1448061,Anshul Singh,Anshul Singh,new,2024-2024,sma,,
55158,Suhas Pampana,Suhas Pampana,new,2024-2024,sma,,
1447989,Toko Techir,Toko Techir,new,2024-2024,sma,,
1448257,Danish Choudhary,Danish Choudhary,new,2024-2024,sma,,
10264,Ankit Kalsi,Ankit Kalsi,new,2024-2024,sma,,
15851,Arslan Khan,Arslan Khan,exact_name,2024-2024,sma,,2021-2024
1448309,Deepak,Deepak (cb1448309),new,2024-2024,sma,,
52386,Akshay Jain,Akshay Jain,exact_name,2024-2024,sma,,2019-2022
55694,Jamala Mohapatra,Jamala Mohapatra,new,2024-2024,sma,,
1447425,Ibitlang Thabah,Ibitlang Thabah,new,2024-2024,sma,,
1447417,Roberth Sangma,Roberth Sangma,new,2024-2024,sma,,
17163,Aryan Bora,Aryan Bora,new,2024-2024,sma,,
1447117,Ranjot Khaira,RS Khaira,team_context,2024-2024,sma,,2023-2023
54626,Priyajitsing Jadeja,Priyajitsing Jadeja,new,2024-2024,sma,,
1448341,Alish,Alish,new,2024-2024,sma,,
1448349,Lalit Kumar,Lalit Kumar,new,2024-2024,sma,,
18808,Nazeeb Saiyed,Nazeeb Saiyed,exact_name,2024-2024,sma,,2021-2021
1448337,Madhur,Madhur (cb1448337),new,2024-2024,sma,,
1432467,Vikas Kumar,Vikas Kumar,new,2024-2024,sma,,
1448369,Ankit Singh,Ankit Singh,exact_name,2024-2024,sma,,2019-2019
8188,Gajendra Singh,Gajendra Singh,new,2024-2024,sma,,
1448377,Azaan Thota,Azaan Thota,new,2024-2024,sma,,
14644,Prashant Singh,Prashant Singh,exact_name,2024-2024,sma,,2019-2019
12929,Pradosh Ranjan Paul,Pradosh Ranjan Paul,new,2017-2026,sma tnpl,,
1448409,Mukesh Gupta,Mukesh Gupta,new,2024-2024,sma,,
52897,Jagmohan Nagarkoti,Jagmohan Nagarkoti,new,2024-2024,sma,,
19037,Mani Sharma,Mani Sharma,new,2024-2024,sma,,
10290,Ankush Bedi,Ankush Bedi,new,2024-2024,sma,,
55305,Parvej Musaraf,Parvej Musaraf,new,2024-2024,sma,,
22371,Vishvas Malik,Vishvas Malik,new,2024-2024,sma,,
19397,Jonathan Lalrinchhana,Jonathan Lalrinchhana,new,2024-2024,sma,,
1448421,Sagar Kisan Sakpal,Sagar Kisan Sakpal,new,2024-2024,sma,,
1448425,Sushant Rana,Sushant Rana,new,2024-2024,sma,,
19132,Mohammed Kaif,Mohammed Kaif (cb19132),new,2024-2024,sma,,
1448473,Yash V Thakur,Yash Thakur,first+surname,2024-2024,sma,Yash Ravisingh Thakur,2019-2026
1448489,Harshil Doshi,Harshil Doshi,new,2024-2024,sma,,
1448481,Shrey Sharma,Shrey Sharma,new,2024-2024,sma,,
1447149,Sunny Pandit,Sunny Pandit,new,2024-2024,sma,,
1448517,Hridyanand Singh,Hridyanand Singh,new,2024-2024,sma,,
39195,Rahul Radesh,Rahul Radesh,new,2024-2026,sma tg20,,
10935,Shammu Ashan,Sammu Ashan,unique_surname,2018-2018,super_provincial_t20_tournament,Sammu Ashan,2021-2026
10938,Asitha Fernando,Asitha Fernando,new,2018-2024,super_provincial_t20_tournament t10_lanka,,
10940,Kamindu Mendis,Kamindu Mendis,new,2018-2024,super_provincial_t20_tournament t10_lanka,,
8416,Lahiru Madushanka,Lahiru Madushanka,new,2018-2024,super_provincial_t20_tournament t10_lanka,,
10472,Kasun Rajitha,CAK Rajitha,unique_surname,2018-2024,super_provincial_t20_tournament t10_abu_dhabi t10_lanka,Chandrasekara Arachchilage Kasun Rajitha,2016-2026
13675,Nishan Peiris,Nishan Peiris,new,2018-2018,super_provincial_t20_tournament,,
10469,Vandersay,JDF Vandersay,team_context,2018-2024,super_provincial_t20_tournament t10_lanka,Jeffrey Dexter Francis Vandersay,2015-2025
9494,Kusal Mendis,Kusal Mendis,new,2018-2024,super_provincial_t20_tournament t10_abu_dhabi t10_lanka,,
10932,Jehan Daniel,Jehan Daniel,new,2018-2018,super_provincial_t20_tournament,,
9495,Samarawickrama,S Samarawickrama,team_context,2018-2024,super_provincial_t20_tournament t10_lanka,Wedagedara Sadeera Rashen Samarawickrama,2017-2026
13690,Wanindu Hasaranga,Wanindu Hasaranga (cb13690),new,2018-2018,super_provincial_t20_tournament,,
9502,Ramesh Mendis,RTM Mendis,team_context,2018-2024,super_provincial_t20_tournament t10_lanka,,2020-2026
9498,Binura Fernando,BOP Fernando,exact_name+team,2018-2025,super_provincial_t20_tournament t10_abu_dhabi t10_lanka t10_zim_afro,Binura Fernando,2019-2026
13175,Madushanka,Madushanka,new,2018-2018,super_provincial_t20_tournament,,
11551,Sandakan,Sandakan,new,2018-2018,super_provincial_t20_tournament,,
12128,Hasitha Boyagoda,H Boyagoda,unique_surname,2018-2018,super_provincial_t20_tournament,,2024-2024
12231,Thikshila de Silva,Thikshila de Silva,new,2018-2018,super_provincial_t20_tournament,,
9500,Chamika Karunaratne,C Karunaratne,exact_name,2018-2024,super_provincial_t20_tournament t10_abu_dhabi t10_lanka,Chamika Karunaratne,2021-2026
8411,Sandun Weerakkody,DS Weerakkody,unique_surname,2018-2024,super_provincial_t20_tournament t10_lanka,Dharshanapriya Sandun Weerakkody,2021-2024
13186,Dhananjaya Lakshan,Dhananjaya Lakshan,new,2018-2025,super_provincial_t20_tournament t10_abu_dhabi t10_lanka,,
12133,Nipun Ransika,Nipun Ransika,new,2018-2018,super_provincial_t20_tournament,,
11498,Prabath Jayasuriya,Prabath Jayasuriya,new,2018-2025,super_provincial_t20_tournament t10_abu_dhabi t10_lanka,,
13236,Nishan Madushka,Nishan Madushka,new,2018-2018,super_provincial_t20_tournament,,
8403,Madushanka,Madushanka (cb8403),new,2018-2018,super_provincial_t20_tournament,,
13998,Janaka Sampath,Janaka Sampath,new,2018-2018,super_provincial_t20_tournament,,
13709,Janith Silva,Janith Silva,new,2018-2018,super_provincial_t20_tournament,,
9496,Bhanuka,Bhanuka,new,2018-2018,super_provincial_t20_tournament,,
10939,Avishka Fernando,Avishka Fernando,new,2018-2025,super_provincial_t20_tournament t10_abu_dhabi t10_lanka t10_zim_afro,,
10471,Nisala Tharaka,Nisala Tharaka,new,2018-2018,super_provincial_t20_tournament,,
11859,Lahiru Milantha,Lahiru Milantha,new,2018-2024,super_provincial_t20_tournament t10_zim_afro,,
14022,Sahan Arachchige,SSD Arachchige,team_context,2018-2024,super_provincial_t20_tournament t10_lanka,Sahan Shashintha Diyamantha Arachchige,2020-2026
9796,Priyamal Perera,Priyamal Perera,new,2018-2018,super_provincial_t20_tournament,,
12129,V Chathuranga,V Chathuranga,new,2018-2018,super_provincial_t20_tournament,,
8213,Kruger van Wyk,Kruger van Wyk,new,2015-2015,super_smash,,
10699,Marty Kain,Marty Kain,new,2015-2017,super_smash,,
6552,Mitchell Claydon,ME Claydon,unique_surname,2015-2015,super_smash,,2014-2021
7628,Seth Rance,SHA Rance,register,2015-2017,super_smash,Seth Hayden Arnold Rance,2017-2022
10419,Andrew Mathieson,Andrew Mathieson,new,2015-2015,super_smash,,
2257,N Wagner,N Wagner,exact_name,2015-2019,super_smash,,2014-2025
8554,Jacob Duffy,JA Duffy,team_context,2015-2018,super_smash,Jacob Andrew Duffy,2013-2026
10706,Warren Barnes,WD Barnes,team_context,2015-2017,super_smash,,2017-2018
8214,Sam Wells,SR Wells,team_context,2015-2017,super_smash,,2014-2014
8083,Anaru Kitchen,AK Kitchen,team_context,2015-2018,super_smash,Anaru Kyle Kitchen,2014-2022
10078,Brad Wilson,BS Wilson,team_context,2015-2017,super_smash,,2014-2019
2252,Derek de Boorder,DC de Boorder,team_context,2015-2017,super_smash,,2013-2018
9899,Josh Finnie,JL Finnie,team_context,2015-2018,super_smash,,2017-2023
1061,Daniel Flynn,DR Flynn,team_context,2015-2019,super_smash,Daniel Raymond Flynn,2008-2020
10713,Daryl Mitchell,DJ Mitchell,team_context,2015-2019,super_smash,Daryl Joseph Mitchell,2014-2026
10716,Brett Hampton,BR Hampton,team_context,2015-2019,super_smash,,2017-2026
9839,Jono Boult,JJ Boult,team_context,2015-2017,super_smash,,2014-2014
10697,Cole McConchie,CE McConchie,team_context,2015-2019,super_smash,Cole Edward McConchie,2017-2026
10696,Ryan McCone,RJ McCone,team_context,2015-2017,super_smash,,2017-2019
8215,Andrew Ellis,AM Ellis,team_context,2015-2019,super_smash,Andrew Malcolm Ellis,2012-2020
8676,Todd Astle,TD Astle,team_context,2015-2017,super_smash,Todd Duncan Astle,2016-2023
8082,Ronnie Hira,Ronnie Hira,new,2015-2017,super_smash,,
8555,Cam Fletcher,CD Fletcher,team_context,2015-2019,super_smash,,2017-2026
10694,Henry Nicholls,HM Nicholls,team_context,2015-2017,super_smash,Henry Michael Nicholls,2016-2026
502,Peter Fulton,PG Fulton,team_context,2015-2017,super_smash,Peter Gordon Fulton,2006-2014
9434,Leo Carter,LJ Carter,team_context,2015-2019,super_smash,,2017-2026
10718,Dane Hutchinson,Dane Hutchinson,new,2015-2015,super_smash,,
6281,B Arnel,BJ Arnel,team_context,2015-2017,super_smash,,2017-2018
10726,Anurag Verma,A Verma,team_context,2015-2017,super_smash,,2017-2022
435,Jeetan Patel,JS Patel,team_context,2015-2020,super_smash t20_blast,Jeetan Shashi Patel,2005-2020
7815,Luke Woodcock,LJ Woodcock,team_context,2015-2017,super_smash,Luke James Woodcock,2010-2019
10720,Michael Pollard,MA Pollard,team_context,2015-2017,super_smash,,2013-2020
203,Michael Papps,MHW Papps,team_context,2015-2017,super_smash,,2013-2013
10064,Craig Cachopa,Craig Cachopa,register,2015-2017,super_smash,,2014-2020
10719,Stephen Murdoch,SJ Murdoch,team_context,2015-2019,super_smash,,2017-2020
10721,Matt Taylor,MJ Taylor,team_context,2015-2017,super_smash,,2017-2017
10717,Tom Blundell,TA Blundell,team_context,2015-2017,super_smash,Thomas Ackland Blundell,2017-2026
10691,Jeet Raval,JA Raval,team_context,2015-2017,super_smash,,2014-2026
8590,Bradley Cachopa,Bradley Cachopa,new,2015-2015,super_smash,,
6333,Rob Nicol,RJ Nicol,team_context,2015-2017,super_smash,Robert James Nicol,2010-2018
8559,Robert ODonnell,RR O'Donnell,register,2015-2017,super_smash,,2017-2026
10689,Donovan Grobbelaar,DJ Grobbelaar,team_context,2015-2017,super_smash,,2014-2019
8217,Tarun Nethula,TS Nethula,register,2015-2019,super_smash,,2017-2019
8080,Michael Bates,MD Bates,team_context,2015-2015,super_smash,Michael David Bates,2012-2014
8560,Matthew Quinn,MR Quinn,team_context,2015-2015,super_smash,,2014-2023
8558,Ed Nuttall,EJ Nuttall,team_context,2015-2019,super_smash,,2017-2023
10775,Bradley Scott,Bradley Scott,new,2015-2016,super_smash,,
10723,Alecz Day,Alecz Day,new,2015-2015,super_smash,,
10745,Nick Kelly,NF Kelly,team_context,2015-2017,super_smash,,2017-2026
10789,Indika Senaratne,Indika Senaratne,new,2015-2015,super_smash,,
7801,Timm van der Gugten,T van der Gugten,exact_name,2015-2020,super_smash t20_blast,Timm van der Gugten,2012-2026
10705,Bevan Small,BJ Small,team_context,2015-2015,super_smash,,2017-2024
9067,M Henry,MJ Henry,team_context,2015-2017,super_smash,Matthew James Henry,2014-2026
6550,Scott Borthwick,SG Borthwick,first+surname,2015-2015,super_smash,Scott George Borthwick,2011-2022
9437,Shawn Hicks,S Hicks,team_context,2015-2018,super_smash,,2017-2019
10725,Ollie Newton,OR Newton,team_context,2015-2015,super_smash,,2017-2023
2255,Rutherford,HD Rutherford,team_context,2015-2020,super_smash t20_blast,Hamish Duncan Rutherford,2013-2024
10700,Ben Smith,BS Smith,team_context,2016-2017,super_smash,,2017-2023
10416,Ben Wheeler,BM Wheeler,register,2016-2016,super_smash,Ben Matthew Wheeler,2017-2021
9441,K Jamieson,KA Jamieson,team_context,2016-2019,super_smash,Kyle Alex Jamieson,2018-2026
10695,Tim Johnston,TG Johnston,team_context,2016-2017,super_smash,,2017-2018
9432,J Benton,JTA Benton,team_context,2016-2019,super_smash,,2017-2019
8516,Chad Bowes,CJ Bowes,team_context,2016-2019,super_smash,Chad Jayson Bowes,2017-2026
9442,K McClure,K McClure,new,2016-2016,super_smash,,
8550,Joe Carter,Joe Carter,new,2016-2016,super_smash,,
11173,Zak Gibson,ZN Gibson,team_context,2016-2017,super_smash,,2019-2026
56,H Marshall,HJH Marshall,team_context,2016-2017,super_smash,Hamish John Hamilton Marshall,2005-2018
10690,Michael Guptill-Bunce,Michael Guptill-Bunce,new,2016-2016,super_smash,,
11927,SM Solia,SM Solia,exact_name,2016-2017,super_smash,Sean Solia,2018-2026
11064,Michael Barry,Michael Barry,new,2016-2017,super_smash,,
8216,Latham,TWM Latham,team_context,2016-2019,super_smash,Thomas William Maxwell Latham,2012-2026
8556,Ben Horne,BJ Horne,register,2016-2017,super_smash,,2017-2023
10100,Santner,MJ Santner,team_context,2016-2019,super_smash,Mitchell Josef Santner,2015-2026
1459,B Watling,BJ Watling,team_context,2016-2017,super_smash,Bradley-John Watling,2009-2014
10774,Blair Tickner,BM Tickner,team_context,2016-2017,super_smash,Blair Marshall Tickner,2017-2026
8117,Trent Boult,TA Boult,team_context,2016-2025,super_smash t10_abu_dhabi,Trent Alexander Boult,2013-2026
7981,Christi Viljoen,Christi Viljoen,new,2016-2018,super_smash,,
12213,PD Bocock,PD Bocock,exact_name,2016-2019,super_smash,,2017-2024
12215,Younghusband,PF Younghusband,team_context,2016-2016,super_smash,,2018-2026
10708,Ryan Duffy,Ryan Duffy,new,2017-2017,super_smash,,
10982,Rhys Phillips,Rhys Phillips,new,2017-2017,super_smash,,
9605,N Winter,N Winter,new,2017-2017,super_smash,,
10709,Michael Rae,MD Rae,team_context,2017-2017,super_smash,,2018-2026
9900,Randell,BG Randell,team_context,2017-2017,super_smash,,2017-2026
9552,Mark Craig,MD Craig,team_context,2017-2017,super_smash,,2013-2017
13365,Ben Lockrose,BNJ Lockrose,team_context,2017-2017,super_smash,,2017-2026
13177,Ben Lister,BG Lister,register,2017-2017,super_smash,Benjamin George Lister,2017-2026
10420,Sam Curran,SM Curran,register,2017-2017,super_smash,Samuel Matthew Curran,2015-2026
13336,Teja Nidamanuru,AT Nidamanuru,register,2017-2017,super_smash,Anil Teja Nidamanuru,2017-2025
14481,Tyler Lortan,TM Lortan,team_context,2018-2018,super_smash,,2019-2019
11145,Shipley,HB Shipley,team_context,2018-2019,super_smash,Henry Burton Shipley,2019-2025
9440,Hunter,JS Hunter,team_context,2018-2018,super_smash,,2017-2019
13707,Nathan Smith,Nathan Smith,exact_name,2018-2018,super_smash,,2017-2017
11366,Mitch Renwick,M Renwick,team_context,2018-2018,super_smash,,2019-2021
22651,Shevon Daniel,S Daniel,exact_name,2024-2024,t10_abu_dhabi t10_lanka,Shevon Daniel,2022-2026
14251,Dunith Wellalage,DN Wellalage,team_context,2024-2024,t10_abu_dhabi t10_lanka,Dunith Nethmika Wellalage,2022-2026
1433380,Safeer Tariq,Safeer Tariq,new,2024-2024,t10_abu_dhabi,,
12153,Mohsin,Mohammad Mohsin,team_context,2024-2024,t10_abu_dhabi,Mohammad Mohsin,2020-2026
10449,Mark Adair,MR Adair,first+surname,2024-2024,t10_abu_dhabi,Mark Richard Adair,2016-2026
1447361,Zeeshan Naseer,Zeeshan Naseer,new,2024-2025,t10_abu_dhabi,,
52638,Haider Ali,Haider Ali,exact_name,2023-2025,t10_abu_dhabi,Haider Ali,2020-2026
10479,Philip Salt,PD Salt,team_context,2018-2025,t10_abu_dhabi,Philip Dean Salt,2016-2026
6507,Jonny Bairstow,JM Bairstow,first+surname,2018-2024,t10_abu_dhabi,Jonathan Marc Bairstow,2011-2026
36501,AM Ghazanfar,AM Ghazanfar,exact_name,2024-2024,t10_abu_dhabi,AM Ghazanfar,2025-2026
15452,Noor Ahmad,Noor Ahmad,exact_name,2021-2025,t10_abu_dhabi t10_zim_afro,Noor Ahmad Lakanwal,2020-2026
1447373,Luqman Faisal,Luqman Faisal,new,2024-2024,t10_abu_dhabi,,
6834,David Payne,DA Payne,team_context,2020-2024,t10_abu_dhabi t20_blast,David Alan Payne,2014-2026
11128,Joshua Little,J Little,first+surname,2021-2024,t10_abu_dhabi,Joshua Brian Little,2016-2026
6836,Jack Taylor,JMR Taylor,team_context,2020-2024,t10_abu_dhabi t10_zim_afro t20_blast,,2014-2026
34583,Hazrat Bilal,Hazrat Bilal,new,2024-2024,t10_abu_dhabi,,
1447393,Joshua Harvey Brown,Joshua Harvey Brown,new,2024-2024,t10_abu_dhabi,,
35297,Matiullah Khan,Matiullah Khan,exact_name,2022-2024,t10_abu_dhabi t10_zim_afro,Matiullah Khan,2023-2025
29174,Sabir Ali Rao,Sabir Ali Rao,new,2024-2024,t10_abu_dhabi,,
18509,Nuwan Thushara,Nuwan Thushara,new,2023-2024,t10_abu_dhabi t10_lanka,,
9821,Luke Wood,L Wood,exact_name,2019-2025,t10_abu_dhabi t10_lanka t10_zim_afro t20_blast,Luke Wood,2016-2026
10477,Richard Gleeson,RJ Gleeson,team_context,2018-2025,t10_abu_dhabi t10_lanka t10_zim_afro t20_blast,Richard James Gleeson,2016-2026
10033,Tom Kohler-Cadmore,T Kohler-Cadmore,exact_name,2019-2025,t10_abu_dhabi t10_lanka t20_blast,Tom Kohler-Cadmore,2014-2026
13202,Aryan Lakra,Aryan Lakra,exact_name,2024-2024,t10_abu_dhabi,Aryan Lakra,2022-2024
6511,A Lyth,A Lyth,exact_name,2018-2024,t10_abu_dhabi t20_blast,Adam Lyth,2014-2026
1447441,Shahid Bhutta,Shahid Bhutta,exact_name,2024-2025,t10_abu_dhabi,,2025-2025
13632,Salman Irshad,Salman Irshad,exact_name,2023-2025,t10_abu_dhabi t10_zim_afro,Salman Irshad,2018-2026
1447433,Uzair Khan,Uzair Khan,exact_name,2024-2025,t10_abu_dhabi,,2025-2025
52547,Ankur Sangwan,Ankur Sangwan,new,2023-2024,t10_abu_dhabi,,
16458,Matheesha Pathirana,M Pathirana,exact_name,2021-2024,t10_abu_dhabi t10_lanka,Matheesha Pathirana,2022-2026
1447457,Zeeshan Abid,Zeeshan Abid,new,2024-2024,t10_abu_dhabi,,
6660,Dawid Malan,DJ Malan,team_context,2018-2024,t10_abu_dhabi t10_zim_afro,Dawid Johannes Malan,2014-2026
1433300,Masood Gurbaz,Masood Gurbaz,exact_name,2024-2024,t10_abu_dhabi,,2025-2025
1742,Adil Rashid,AU Rashid,first+surname,2019-2024,t10_abu_dhabi,Adil Usman Rashid,2009-2026
46671,Bodugum Akhilesh,Bodugum Akhilesh,new,2024-2025,t10_abu_dhabi t10_zim_afro,,
1447473,Farhan Khan,Farhan Khan,exact_name,2024-2025,t10_abu_dhabi,,2025-2025
1447401,Ibrar Ahmad,Ibrar Ahmad,exact_name,2024-2025,t10_abu_dhabi,,2025-2026
1447481,Muhammad Mohsin,Mohammad Mohsin,unique_surname,2024-2024,t10_abu_dhabi,Mohammad Mohsin,2020-2026
13647,Chandrapaul Hemraj,C Hemraj,exact_name,2021-2024,t10_abu_dhabi t10_lanka,Chandrapaul Hemraj,2018-2023
23041,Ijaz Ahmad Ahmadzai,Ijaz Ahmad Ahmadzai,new,2024-2024,t10_abu_dhabi,,
1447381,Taimoor Ali,Taimoor Ali,new,2024-2024,t10_abu_dhabi,,
8349,R Topley,R Topley,new,2024-2024,t10_abu_dhabi,,
55109,Sagar Kalyan,Sagar Kalyan,new,2024-2025,t10_abu_dhabi,,
52631,Muhammad Irfan,Muhammad Irfan,new,2023-2024,t10_abu_dhabi,,
9942,Shahrukh Ahmed,Shahrukh Ahmed,new,2024-2024,t10_abu_dhabi,,
1447709,Zubair Khan,Zubair Khan,exact_name,2024-2024,t10_abu_dhabi,,2024-2025
11442,Oshane Thomas,Oshane Thomas,new,2018-2024,t10_abu_dhabi t10_zim_afro,,
13800,Michael-Kyle Pepper,MS Pepper,team_context,2022-2024,t10_abu_dhabi,,2018-2026
19092,Mohammad Zahid,Mohammad Zahid,new,2021-2024,t10_abu_dhabi,,
12256,Brookes,Brookes,new,2019-2024,t10_abu_dhabi t20_blast,,
15076,Mohammed Shamaaz,Mohammed Shamaaz,new,2024-2024,t10_abu_dhabi t10_lanka,,
52768,Garuka Sanketh,G Sanketh,team_context,2024-2024,t10_abu_dhabi t10_lanka,,2024-2026
1447389,Hafiz Al Amas,Hafiz Al Amas,new,2024-2024,t10_abu_dhabi,,
9531,Robinson,Robinson,new,2024-2024,t10_abu_dhabi,,
12994,Sam Cook,Sam Cook,new,2022-2024,t10_abu_dhabi,,
13399,Kimani Melius,KS Melius,first+surname,2024-2024,t10_abu_dhabi,Kimani Seige Melius,2020-2023
28243,Kelvin Pitman,K Pitman,exact_name,2024-2024,t10_abu_dhabi,Kelvin Pitman,2023-2024
1433372,Ravindu Rathnayake,Ravindu Rathnayake,new,2024-2024,t10_abu_dhabi,,
15793,Asif Khan,Asif Khan,exact_name,2019-2025,t10_abu_dhabi,Asif Khan,2023-2025
15812,Leonardo Julien,LJA Julien,first+surname,2021-2024,t10_abu_dhabi t10_zim_afro,Leonardo Jesus Amando Julien,2021-2023
10427,Umair Ali,Umair Ali,exact_name,2021-2024,t10_abu_dhabi,Umair Ali Khan,2015-2015
1430713,Arinesto Vezha,Arinesto Vezha,new,2024-2024,t10_abu_dhabi t10_lanka t10_zim_afro,,
37579,Khawaja Nafay,Khawaja Nafay,exact_name,2025-2025,t10_abu_dhabi,Khawaja Muhammad Nafay,2023-2026
16083,Ali Naseer,Ali Naseer,exact_name,2025-2025,t10_abu_dhabi,Ali Aamer Naseer,2023-2025
24441,Ali Majid,Ali Majid,exact_name,2025-2025,t10_abu_dhabi,Ali Majid Shah,2022-2025
1463374,Ajay Kumar,Ajay Kumar,exact_name,2025-2025,t10_abu_dhabi,,2016-2026
10928,Lahiru Kumara,Lahiru Kumara,new,2019-2025,t10_abu_dhabi t10_lanka,,
8366,Mir Hamza,Mir Hamza,exact_name,2025-2025,t10_abu_dhabi,Mir Hamza,2016-2026
18847,Shahnawaz Dahani,Shahnawaz Dahani,new,2025-2025,t10_abu_dhabi,,
1463905,Zohair Iqbal,Zohair Iqbal,new,2025-2025,t10_abu_dhabi,,
18948,Hafeez ur Rehman,Hafeez ur Rehman,new,2025-2025,t10_abu_dhabi,,
10440,Sean Dickson,Sean Dickson,new,2025-2025,t10_abu_dhabi,,
14232,Ansh Tandon,Ansh Tandon,exact_name,2019-2025,t10_abu_dhabi,Ansh Tandon,2020-2023
1465069,Awais Ahmad,Awais Ahmad,exact_name,2025-2025,t10_abu_dhabi,Awais Ahmad,2025-2026
1463289,Haider Razzaq,Haider Razzaq,exact_name,2025-2025,t10_abu_dhabi,,2025-2025
14730,Aaron Jones,Aaron Jones,exact_name,2025-2025,t10_abu_dhabi,Aaron Jones,2019-2025
10026,Aneurin Donald,AHT Donald,unique_surname,2025-2025,t10_abu_dhabi,,2015-2026
18429,Will Smeed,WCF Smeed,first+surname,2021-2025,t10_abu_dhabi t10_zim_afro,William Conrad Francis Smeed,2020-2026
52806,Wasim Akram,Wasim Akram,exact_name,2023-2025,t10_abu_dhabi,,2025-2025
15751,Akif Javed,Akif Javed,exact_name,2025-2025,t10_abu_dhabi,Akif Javed,2020-2026
10921,Tom Moores,TJ Moores,team_context,2018-2025,t10_abu_dhabi t20_blast,Thomas James Moores,2016-2026
39149,Jawadullah,Jawadullah,new,2023-2025,t10_abu_dhabi,,
11060,Ajay Kumar,Ajay Kumar,exact_name,2025-2025,t10_abu_dhabi,,2016-2026
13777,Jordan Thompson,JA Thompson,team_context,2019-2025,t10_abu_dhabi t20_blast,,2018-2026
14554,Chundangapoyil Rizwan,CP Rizwan,team_context,2021-2025,t10_abu_dhabi uae_summer_t20_bash,Chundangapoyil Puthiyapurayil Rizwan,2019-2022
18409,James Coles,James Coles,new,2025-2025,t10_abu_dhabi,,
21781,Izharulhaq Naveed,Izharulhaq Naveed,exact_name,2022-2025,t10_abu_dhabi,Izharulhaq Naveed,2022-2023
1462192,Harshit Kaushik,H Kaushik,exact_name,2025-2025,t10_abu_dhabi,Harshit Kaushik,2025-2026
52726,Ubaid Shah,Ubaid Shah,exact_name,2025-2025,t10_abu_dhabi,Ubaid Shah,2024-2026
8324,Jake Ball,JT Ball,team_context,2019-2025,t10_abu_dhabi t20_blast,Jacob Timothy Ball,2014-2026
52771,Vishen Halambage,Vishen Halambage,new,2024-2025,t10_abu_dhabi t10_lanka,,
16074,Kai Smith,Kai Smith,new,2023-2025,t10_abu_dhabi,,
55116,Abdul Ghaffar,Abdul Ghaffar,new,2025-2025,t10_abu_dhabi,,
1452143,Umar Lohya,Umar Lohya,new,2025-2025,t10_abu_dhabi,,
13003,Scrimshaw,Scrimshaw,new,2023-2025,t10_abu_dhabi,,
15460,Irfan Khan,Irfan Khan,exact_name,2025-2025,t10_abu_dhabi,Muhammad Irfan Khan,2023-2026
19997,Thomas Aspinwall,TH Aspinwall,unique_surname,2025-2025,t10_abu_dhabi,,2024-2026
11269,Muhammad Kaleem,Muhammad Kaleem,exact_name,2018-2018,t10_abu_dhabi,Muhammad Kaleem Burhan,2016-2016
10874,Imran Haider,Imran Haider,exact_name,2018-2018,t10_abu_dhabi,Imran Haider,2017-2019
11817,Ghulam Shabber,Ghulam Shabber,exact_name,2018-2018,t10_abu_dhabi,,2017-2019
1052,Anwar Ali,Anwar Ali,exact_name,2018-2021,t10_abu_dhabi,,2013-2024
11322,Taj Wali,Taj Wali,new,2018-2018,t10_abu_dhabi,,
8581,U Asif,U Asif,new,2018-2018,t10_abu_dhabi,,
12745,Muhammad Usman,Muhammad Usman,exact_name+team,2018-2021,t10_abu_dhabi uae_summer_t20_bash,,2016-2025
13269,Amir Hayat,Amir Hayat,exact_name,2018-2018,t10_abu_dhabi,Amir Hayat,2018-2019
15763,Shiraz Ahmed,Shiraz Ahmed,exact_name,2019-2022,t10_abu_dhabi,Shiraz Ahmed,2021-2023
12746,Sultan Ahmed,Sultan Ahmed,exact_name,2019-2023,t10_abu_dhabi uae_summer_t20_bash,Sultan Ahmed,2015-2022
13228,Kevin Koththigoda,Kevin Koththigoda,new,2019-2023,t10_abu_dhabi t10_zim_afro,,
7945,Ross Whiteley,RA Whiteley,team_context,2019-2022,t10_abu_dhabi t20_blast,Ross Andrew Whiteley,2014-2026
12993,Patrick Brown,PR Brown,team_context,2019-2020,t10_abu_dhabi t20_blast,Patrick Rhys Brown,2017-2025
10877,Waheed Ahmed,Waheed Ahmed,exact_name,2019-2021,t10_abu_dhabi,Waheed Ahmed,2019-2020
12258,Will Jacks,WG Jacks,first+surname,2019-2021,t10_abu_dhabi,William George Jacks,2018-2026
11568,Rameez Shahzad,Rameez Shahzad,exact_name,2019-2023,t10_abu_dhabi,Rameez Shahzad,2017-2019
10832,Amjad Gul,Amjad Gul,exact_name,2019-2019,t10_abu_dhabi,,2015-2015
10426,Abdul Shakoor,Abdul Shakoor (cb10426),new,2021-2021,t10_abu_dhabi,,
9015,Prashant Gupta,Prashant Gupta,exact_name,2021-2021,t10_abu_dhabi,,2016-2019
18440,Wisniewski,Wisniewski,new,2021-2021,t10_abu_dhabi,,
10203,Karan KC,Karan KC,exact_name,2021-2021,t10_abu_dhabi,Karan Khatri Chhetri,2015-2026
9902,Amad Butt,Amad Butt,exact_name,2019-2022,t10_abu_dhabi t10_qatar,Amad Butt,2017-2026
18682,Kashif Daud,Kashif Daud,exact_name,2021-2024,t10_abu_dhabi t10_zim_afro uae_summer_t20_bash,Kashif Daud,2021-2022
19074,Danyal Ahmed,Danyal Ahmed,new,2021-2021,t10_abu_dhabi,,
13623,Sohail Akhtar,Sohail Akhtar,exact_name,2021-2021,t10_abu_dhabi,Sohail Akhtar,2018-2022
10444,Adam Hose,AJ Hose,team_context,2019-2023,t10_abu_dhabi t20_blast,Adam John Hose,2015-2026
9557,W Maqsood,W Maqsood,new,2019-2022,t10_abu_dhabi t10_qatar,,
9321,Tom Helm,TG Helm,unique_surname,2021-2022,t10_abu_dhabi,,2016-2026
18953,Zeeshan Zameer,Zeeshan Zameer,exact_name,2021-2021,t10_abu_dhabi,Zeeshan Zameer,2022-2023
14227,Alishan Sharafu,A Sharafu,exact_name,2021-2023,t10_abu_dhabi,Alishan Sharafu,2020-2026
18982,Maroof Merchant,Maroof Merchant,new,2021-2021,t10_abu_dhabi,,
19077,Yasir Kaleem,Yasir Kaleem,new,2021-2022,t10_abu_dhabi,,
13359,Nyeem Young,NRJ Young,first+surname,2021-2021,t10_abu_dhabi,Nyeem Ryan Joshua Young,2020-2025
15400,Kushal Malla,Kushal Malla,exact_name,2021-2021,t10_abu_dhabi,Kushal Malla,2019-2026
18992,Khurshid Anwar,Khurshid Anwar,new,2021-2021,t10_abu_dhabi,,
7856,Daniel Bell-Drummond,DJ Bell-Drummond,first+surname,2021-2021,t10_abu_dhabi,Daniel James Bell-Drummond,2014-2026
10038,Fayyaz Ahmed,Fayyaz Ahmed,exact_name,2021-2021,t10_abu_dhabi,Fayyaz Ahmed,2015-2015
21851,Muhammad Farooq,Muhammad Farooq,exact_name,2021-2021,t10_abu_dhabi,Muhammad Momand Farooq,2022-2026
21796,Sabir Rao,Sabir Rao,new,2021-2024,t10_abu_dhabi t10_zim_afro,,
18199,Tom Hartley,Tom Hartley,new,2021-2022,t10_abu_dhabi,,
21803,Vishnu Sukumaran,V Sukumaran,exact_name,2021-2021,t10_abu_dhabi,Vishnu Sukumaran,2024-2024
19916,Chris Benjamin,CG Benjamin,unique_surname,2021-2021,t10_abu_dhabi,,2021-2026
13335,Roman Walker,Roman Walker,new,2021-2021,t10_abu_dhabi,,
13983,Gareth Delany,GJ Delany,first+surname,2021-2021,t10_abu_dhabi,Gareth James Delany,2017-2026
21801,Hassan Khalid,Hassan Khalid,new,2021-2021,t10_abu_dhabi,,
21808,Laxman Manjrekar,Laxman Manjrekar,new,2021-2021,t10_abu_dhabi,,
9928,Mark Watt,MRJ Watt,team_context,2019-2021,t10_abu_dhabi t20_blast,Mark Robert James Watt,2015-2026
6733,L Fletcher,L Fletcher,new,2021-2022,t10_abu_dhabi,,
1719,Yo Mahesh,Yo Mahesh,new,2016-2021,t10_abu_dhabi tnpl,,
11267,Abid Ali,Abid Ali,new,2022-2022,t10_abu_dhabi,,
15842,Basil Hameed,Basil Hameed,exact_name,2021-2023,t10_abu_dhabi uae_summer_t20_bash,Basil Hameed,2020-2026
14813,Jordan Cox,JM Cox,first+surname,2022-2023,t10_abu_dhabi,Jordan Matthew Cox,2019-2026
23366,Patrick Dooley,PG Dooley,first+surname,2022-2023,t10_abu_dhabi t10_zim_afro,Patrick Gabriel Dooley,2022-2025
13681,Gus Atkinson,Gus Atkinson,new,2022-2022,t10_abu_dhabi,,
8022,Olly Stone,OP Stone,team_context,2019-2022,t10_abu_dhabi t20_blast,Oliver Peter Stone,2014-2026
14209,Mrittunjoy Chowdhury,Mrittunjoy Chowdhury,exact_name,2022-2022,t10_abu_dhabi,Mohammad Mrittunjoy Chowdhury Nipun,2022-2026
35313,Kamran Atta,Kamran Atta,new,2022-2022,t10_abu_dhabi,,
18683,Adhitya Shetty,Adhitya Shetty,new,2022-2022,t10_abu_dhabi,,
10386,Adeel Malik,Adeel Malik (cb10386),new,2022-2022,t10_abu_dhabi,,
13063,Jacob Lintott,JB Lintott,first+surname,2020-2023,t10_abu_dhabi t20_blast,Jacob Benedict Lintott,2017-2026
35642,Muhammad Taimoor,Muhammad Taimoor,new,2022-2022,t10_abu_dhabi,,
27221,Mitchell Stanley,MT Stanley,unique_surname,2022-2022,t10_abu_dhabi,,2022-2026
13273,Bas de Leede,BFW de Leede,unique_surname,2022-2023,t10_abu_dhabi,,2018-2026
35684,Ali Abid,Ali Abid,new,2022-2022,t10_abu_dhabi,,
35304,Carl DSouza,Carl DSouza,new,2022-2023,t10_abu_dhabi,,
11529,Stevie Eskinazi,SS Eskinazi,unique_surname,2023-2023,t10_abu_dhabi,,2016-2026
15037,Haider Ali,Haider Ali,exact_name,2023-2023,t10_abu_dhabi,Haider Ali,2020-2026
52666,Rahul Chopra,R Chopra,exact_name,2023-2023,t10_abu_dhabi,Rahul Chopra,2024-2026
14732,Monank Patel,Monank Patel,new,2023-2023,t10_abu_dhabi,,
15216,Abdul Ghafar,Abdul Ghafar,new,2023-2023,t10_abu_dhabi,,
9925,Christopher Sole,CB Sole,first+surname,2023-2023,t10_abu_dhabi,Christopher Barclay Sole,2017-2024
13682,Pathum Nissanka,P Nissanka,team_context,2023-2024,t10_abu_dhabi t10_lanka,,2021-2026
15243,Mousley,Mousley,new,2020-2023,t10_abu_dhabi t20_blast,,
51658,Zuhaib Zubair,Zuhaib Zubair,exact_name,2023-2023,t10_abu_dhabi,,2024-2026
12130,Lasith Croospulle,L Croospulle,unique_surname,2023-2023,t10_abu_dhabi,Dian Lasith Shenan Croospulle,2022-2026
13931,Vijayakanth Viyaskanth,V Viyaskanth,exact_name,2024-2024,t10_lanka,Vijayakanth Viyaskanth,2020-2026
46926,Eshan Malinga,Eshan Malinga,new,2024-2024,t10_lanka,,
18515,Tharindu Ratnayake,Tharindu Ratnayake,new,2024-2024,t10_lanka,,
13679,Pramod Madushan,Pramod Madushan,new,2024-2024,t10_lanka,,
22666,Malsha Tharupathi,M Tharupathi,exact_name,2024-2024,t10_lanka,Malsha Tharupathi,2024-2026
22661,Treveen Mathew,T Mathew,team_context,2024-2024,t10_lanka,,2024-2026
13187,Nuwanidu Fernando,Nuwanidu Fernando,new,2024-2024,t10_lanka,,
15081,Pavan Rathnayake,P Rathnayake,exact_name,2024-2024,t10_lanka,Pavan Rathnayake,2024-2026
13694,Janith Liyanage,Janith Liyanage,new,2024-2024,t10_lanka,,
8090,Yashodha Lanka,Yashodha Lanka,exact_name,2024-2024,t10_lanka,Aputhanthri Kankanamge Kushan Yashodha Lanka,2023-2026
35640,Dushan Hemantha,MADI Hemantha,unique_surname,2024-2024,t10_lanka,Munasinghe Arachchige Dushan Ishara Hemantha,2022-2026
1446969,Nimsara Atharagalla,NH Atharagalla,unique_surname,2024-2024,t10_lanka,,2024-2026
15067,Dilshan Madushanka,Dilshan Madushanka,new,2024-2024,t10_lanka,,
1448989,Danal Hemananda,D Hemananda,unique_surname,2024-2024,t10_lanka,,2024-2025
22646,Sadisha Rajapaksa,S Rajapaksa,exact_name,2024-2024,t10_lanka,Sadisha Rajapaksa,2024-2024
15116,Chamindu Wickramasinghe,Chamindu Wickramasinghe,new,2024-2024,t10_lanka,,
21151,Chamika Gunasekara,C Gunasekara,unique_surname,2024-2024,t10_lanka,,2024-2026
1449061,Kavindu Nirmana,K Nirmana,unique_surname,2024-2024,t10_lanka,,2024-2025
41309,Isitha Wijesundera,I Wijesundera,team_context,2024-2024,t10_lanka,,2024-2026
15586,Lahiru Udara,Lahiru Udara,new,2024-2024,t10_lanka,,
35663,Movin Subasingha,M Subasingha,team_context,2024-2024,t10_lanka,Movin Hansaja Subasingha,2022-2026
15607,Faisal Javed,Faisal Javed,exact_name,2019-2019,t10_qatar,Faisal Javed Khan,2019-2019
15857,Sheikh Raheel,Sheikh Raheel,new,2019-2019,t10_qatar,,
15605,Saqlain Arshad,Saqlain Arshad,exact_name,2019-2019,t10_qatar,Saqlain Arshad,2023-2026
10819,Adnan Ilyas,Adnan Ilyas,exact_name,2019-2019,t10_qatar,Adnan Ilyas,2015-2016
15830,Khurram Shahzad,Khurram Shahzad,exact_name,2019-2019,t10_qatar,Khurram Shahzad,2020-2026
15831,Mohammad Nafees,Mohammad Nafees,new,2019-2019,t10_qatar,,
15859,Uzair Amir,Uzair Amir,exact_name,2019-2019,t10_qatar,Uzair Bin Amir Moin,2023-2023
15612,Mohammed Nadeem,Mohammed Nadeem,exact_name,2019-2019,t10_qatar,Mohammed Nadeem,2019-2024
15853,Philip Joseph,Philip Joseph,new,2019-2019,t10_qatar,,
15824,Bilawal Iqbal,Bilawal Iqbal,new,2019-2019,t10_qatar,,
15614,Nouman Sarwar,Nouman Sarwar,exact_name,2019-2019,t10_qatar,Nouman Sarwar,2019-2024
15856,Naveed Malik,Naveed Malik,new,2019-2019,t10_qatar,,
15854,Assad Borham,Assad Borham,exact_name,2019-2019,t10_qatar,Mohammed Assad Fazeer Borham,2022-2022
15855,Valeed Veetil,VN Veetil,first+surname,2019-2019,t10_qatar,Valeed Nayan Veetil,2022-2022
15858,Asif Raja,Asif Raja,new,2019-2019,t10_qatar,,
15601,Musawar Shah,Musawar Shah,exact_name,2019-2019,t10_qatar,Musawar Shah,2019-2024
15606,Imran Ashraf,Imran Ashraf,new,2019-2019,t10_qatar,,
15608,Jassim Khan,Jassim Khan,exact_name,2019-2019,t10_qatar,Jassim Khan,2023-2025
15603,Zaheer Ibrahim,Zaheer Ibrahim,exact_name,2019-2019,t10_qatar,Zaheer Ibrahim,2019-2021
15600,Inam-ul-Haq,Inam-ul-Haq,exact_name,2019-2019,t10_qatar,Inam-ul-Haq,2019-2019
15837,Sadiq NM,Sadiq NM,new,2019-2019,t10_qatar,,
15839,Jahanzeb Ashad,Jahanzeb Ashad,new,2019-2019,t10_qatar,,
15838,Zainudheen,Zainudheen,new,2019-2019,t10_qatar,,
10461,Sufyan Mehmood,Sufyan Mehmood,exact_name,2019-2019,t10_qatar,Sufyan Mehmood,2015-2026
15871,Gayan Wimalashantha,Gayan Wimalashantha,new,2019-2019,t10_qatar,,
15868,Syed Yousuf Tameem,Syed Tameem,exact_name,2019-2019,t10_qatar,Syed Yousuf Tameem,2022-2022
15869,Mughees Bajwa,Mughees Bajwa,new,2019-2019,t10_qatar,,
15615,Awais Malik,Awais Malik,new,2019-2019,t10_qatar,,
10458,Ajay Lalcheta,AV Lalcheta,first+surname,2019-2019,t10_qatar,Ajay Vrajlal Lalcheta,2015-2019
15827,Muhammad Ikram,Muhammad Ikram,new,2019-2019,t10_qatar,,
15826,Mujeeb Khan,Mujeeb Khan,new,2019-2019,t10_qatar,,
15867,Adnan Mirza,Adnan Mirza,exact_name,2019-2019,t10_qatar,Adnan Mirza,2023-2024
14778,Muhammad Tanveer,Muhammad Tanveer,exact_name,2019-2019,t10_qatar,Muhammad Tanveer,2019-2025
15829,Imal Malindu Liyanage,I Liyanage,first+surname,2019-2019,t10_qatar,Imal Malindu Galle Liyanage,2020-2026
15828,Himanshu Rathod,H Rathod,exact_name,2019-2019,t10_qatar,Himanshu Rathod,2023-2024
15866,Mirza Baig,Mirza Baig,exact_name,2019-2019,t10_qatar,Mirza Tahir Baig,2023-2026
10124,Andri Berenger,AR Berenger,unique_surname,2019-2019,t10_qatar,,2021-2021
15834,Imraz Rafi,Imraz Rafi,new,2019-2019,t10_qatar,,
15873,Satvir Singh,Satvir Singh,new,2019-2019,t10_qatar,,
15613,Dharmang Patel,Dharmang Patel,exact_name,2019-2019,t10_qatar,Dharmang Patel,2022-2022
15833,Raja Amir,Raja Amir,new,2019-2019,t10_qatar,,
15835,Talal Ahmed,Talal Ahmed,new,2019-2019,t10_qatar,,
15611,Gayan Munaweera,Gayan Munaweera,exact_name,2019-2019,t10_qatar,Gayan Buddika Wijeweera Munaweera,2019-2024
15832,Owais Ahmed,Owais Ahmed,exact_name,2019-2019,t10_qatar,Owais Ahmed,2024-2026
15836,Afsarullah Khan,Afsarullah Khan,new,2019-2019,t10_qatar,,
15819,Murad Khan,Murad Khan,exact_name,2019-2019,t10_qatar,,2013-2013
15602,Iqbal Hussain,Iqbal Hussain,exact_name,2019-2019,t10_qatar,Iqbal Hussain Chaudhry,2019-2021
15599,Tamoor Sajjad,Tamoor Sajjad,exact_name,2019-2019,t10_qatar,Tamoor Sajjad Zafar,2019-2020
143,Salman Butt,Salman Butt,exact_name,2019-2019,t10_qatar,Salman Butt,2007-2020
15609,Kamran Khan,Kamran Khan,exact_name,2019-2019,t10_qatar,Kamran Khan,2009-2025
15604,Mohammed Rizlan,Mohammed Rizlan,new,2019-2019,t10_qatar,,
15872,khalid Bhasheer,khalid Bhasheer,new,2019-2019,t10_qatar,,
15892,Akash,Akash,new,2019-2019,t10_qatar,,
15893,Abdul Rashid,Abdul Rashid,new,2019-2019,t10_qatar,,
15894,Deepu,Deepu,new,2019-2019,t10_qatar,,
15870,Haris Butt,Haris Butt,new,2019-2019,t10_qatar,,
15820,Irshad Umer,Irshad Umer,new,2019-2019,t10_qatar,,
15912,Imran Ali,Imran Ali,new,2019-2019,t10_qatar,,
15913,Mohammad Imran,Mohammad Imran,exact_name,2019-2019,t10_qatar,,2020-2026
15911,Rana Anwar,Rana Anwar,new,2019-2019,t10_qatar,,
15914,Rishu Chopra,Rishu Chopra (cb15914),new,2019-2019,t10_qatar,,
15915,Simran,Simran,new,2019-2019,t10_qatar,,
14372,Ali Imran,Ali Imran,new,2019-2019,t10_qatar,,
8370,Sami Aslam,Sami Aslam,new,2019-2019,t10_qatar,,
10094,Saad Nasim,Saad Nasim,exact_name,2019-2019,t10_qatar,Hafiz Saad Nasim,2014-2018
10383,Mukhtar Ahmed,Mukhtar Ahmed,exact_name,2019-2019,t10_qatar,Mukhtar Ahmed,2015-2026
11068,Batin Shah,Batin Shah,new,2019-2019,t10_qatar,,
781,Chakabva,Chakabva,new,2023-2024,t10_zim_afro,,
15876,Emmanuel Bawa,Emmanuel Bawa,new,2024-2024,t10_zim_afro,,
47311,Tinotenda Maposa,TT Maposa,first+surname,2023-2024,t10_zim_afro,Tinotenda Tinashe Maposa,2024-2026
10066,Tiripano,Tiripano,new,2024-2024,t10_zim_afro,,
1427990,Antum Naqvi,Antum Naqvi,new,2024-2024,t10_zim_afro,,
6483,Tendai Chatara,TL Chatara,first+surname,2023-2024,t10_zim_afro,Tendai Larry Chatara,2010-2024
47129,Tashinga Musekiwa,T Musekiwa,exact_name,2023-2024,t10_zim_afro,Tashinga Musekiwa,2024-2026
23616,Brian Bennett,BJ Bennett,first+surname,2024-2024,t10_zim_afro,Brian John Bennett,2023-2026
13957,Ben Curran,BJ Curran,team_context,2019-2024,t10_zim_afro t20_blast,,2018-2022
10168,Brian Chari,BB Chari,first+surname,2024-2024,t10_zim_afro,Brian Bara Chari,2019-2019
15877,Tadiwanashe Marumani,T Marumani,unique_surname,2023-2024,t10_zim_afro,,2021-2026
1430732,Tawanda Maposa,Tawanda Maposa,new,2024-2024,t10_zim_afro,,
441,Sean Williams,Sean Williams,new,2023-2024,t10_zim_afro,,
18494,Faraz Akram,Faraz Akram,new,2023-2024,t10_zim_afro,,
11224,Brandon Mavuta,B Mavuta,exact_name,2023-2024,t10_zim_afro,Brandon Mavuta,2018-2024
13451,Wesley Madhavere,Wesley Madhavere,new,2024-2024,t10_zim_afro,,
23626,Victor Chirwa,Victor Chirwa,new,2024-2024,t10_zim_afro,,
8460,W Masakadza,W Masakadza,new,2023-2024,t10_zim_afro,,
11229,Richard Ngarava,R Ngarava,exact_name,2023-2024,t10_zim_afro,Richard Ngarava,2019-2026
13316,Blessing Muzarabani,B Muzarabani,exact_name,2019-2024,t10_zim_afro t20_blast,Blessing Muzarabani,2018-2026
8454,Ryan Burl,RP Burl,first+surname,2023-2024,t10_zim_afro,Ryan Ponsonby Burl,2018-2026
13415,Dion Myers,D Myers,first+surname,2024-2024,t10_zim_afro,Dion Nephy Myers,2021-2026
23761,Clive Madande,C Madande,exact_name,2023-2024,t10_zim_afro,Clive Madande,2023-2026
8029,Dawlat Zadran,Dawlat Zadran,new,2024-2024,t10_zim_afro,,
1430737,Tinashe Muchawaya,Tinashe Muchawaya,new,2024-2024,t10_zim_afro,,
8457,L Jongwe,L Jongwe,new,2023-2024,t10_zim_afro,,
12319,Innocent Kaia,I Kaia,exact_name,2023-2024,t10_zim_afro,Innocent Kaia,2021-2024
54385,Newman Nyamhuri,Newman Nyamhuri,new,2024-2024,t10_zim_afro,,
28068,Nicholson Gordon,NA Gordon,first+surname,2024-2024,t10_zim_afro,Nicholson Anthony Gordon,2022-2023
9352,Richmond Mutumbami,R Mutumbami,exact_name,2024-2024,t10_zim_afro,Richmond Mutumbami,2015-2022
1430716,Janishka Perera,Janishka Perera,new,2024-2024,t10_zim_afro,,
23666,Panashe Taruvinga,Panashe Taruvinga,new,2024-2024,t10_zim_afro,,
15069,Raveen de Silva,Raveen de Silva,new,2024-2024,t10_zim_afro,,
15811,Mbeki Joseph,Mbeki Joseph,new,2024-2024,t10_zim_afro,,
1431065,Michael Palmer,Michael Palmer,new,2024-2024,t10_zim_afro,,
25037,Trevor Gwandu,T Gwandu,first+surname,2024-2024,t10_zim_afro,Trevor Wesley Gwandu,2023-2025
25035,Johnathan Campbell,Johnathan Campbell,new,2023-2024,t10_zim_afro,,
6334,Craig Ervine,CR Ervine,first+surname,2023-2023,t10_zim_afro,Craig Richard Ervine,2010-2024
18425,Nick Welch,NR Welch,first+surname,2023-2023,t10_zim_afro,Nicholas Roy Welch,2020-2023
19592,Brad Evans,B Evans,exact_name,2023-2023,t10_zim_afro,Brad Evans,2022-2026
47315,Owen Muzondo,O Muzondo,exact_name,2023-2023,t10_zim_afro,Owen Muzondo,2024-2024
1591,Cephas Zhuwao,C Zhuwao,exact_name,2023-2023,t10_zim_afro,Cephas Zhuwao,2011-2018
11226,Wessly Madhevere,W Madhevere,first+surname,2023-2023,t10_zim_afro,Wessly Nyasha Madhevere,2020-2025
11153,Nyauchi,Nyauchi,new,2023-2023,t10_zim_afro,,
782,Timycen Maruma,T Maruma,unique_surname,2023-2023,t10_zim_afro,,2010-2019
13412,Tanunurwa Makoni,Tanunurwa Makoni,new,2023-2023,t10_zim_afro,,
11763,Tanaka Chivanga,TL Chivanga,first+surname,2023-2023,t10_zim_afro,Tanaka Lance Chivanga,2022-2022
9947,Tinashe Kamunhukamwe,TS Kamunhukamwe,first+surname,2023-2023,t10_zim_afro,Tinashe Stephen Kamunhukamwe,2020-2024
11230,Milton Shumba,M Shumba,exact_name,2023-2023,t10_zim_afro,Milton Shumba,2020-2022
47357,Matthew Campbell,Matthew Campbell,new,2023-2023,t10_zim_afro,,
47126,Tayyab Abbas,Tayyab Abbas,exact_name,2023-2023,t10_zim_afro,Syed Mohammad Tayyab Abbas,2024-2024
6648,N Dexter,NJ Dexter,team_context,2019-2019,t20_blast,,2014-2019
11454,Harry Dearden,HE Dearden,team_context,2019-2019,t20_blast,,2018-2020
9360,L Hill,LJ Hill,team_context,2019-2019,t20_blast,,2016-2025
13716,Ben Mike,BWM Mike,team_context,2019-2019,t20_blast,,2019-2026
11565,Callum Parkinson,CF Parkinson,team_context,2019-2019,t20_blast,,2017-2026
10978,Dieter Klein,D Klein,exact_name,2019-2019,t20_blast,Dieter Klein,2017-2023
9335,G Griffiths,GT Griffiths,team_context,2019-2019,t20_blast,,2015-2021
13780,Alex Thomson,Alex Thomson,new,2019-2019,t20_blast,,
9362,W Rhodes,W Rhodes,new,2019-2020,t20_blast,,
12991,Ed Pollock,EJ Pollock,team_context,2019-2020,t20_blast,,2017-2025
10445,Michael Burgess,Michael Burgess,new,2019-2020,t20_blast,,
12791,Liam Banks,L Banks,unique_surname,2019-2019,t20_blast,,2019-2019
10076,FJ Hudson-Prentice,FJ Hudson-Prentice,exact_name,2019-2019,t20_blast,,2019-2026
9337,L Reece,LM Reece,team_context,2019-2019,t20_blast,,2016-2024
10387,Matthew Critchley,MJJ Critchley,team_context,2019-2019,t20_blast,Matthew James J Critchley,2016-2026
6518,Billy Godleman,BA Godleman,team_context,2019-2019,t20_blast,,2014-2021
9722,Daryn Smit,D Smit,team_context,2019-2019,t20_blast,,2012-2019
8011,Rob Keogh,RI Keogh,team_context,2019-2020,t20_blast,,2014-2023
6579,A Wakely,AG Wakely,team_context,2019-2020,t20_blast,,2015-2020
7992,Matt Coles,MT Coles,team_context,2019-2019,t20_blast,,2014-2019
6738,Graeme White,GG White,team_context,2019-2020,t20_blast,,2014-2023
6494,Nathan Buck,NL Buck,team_context,2019-2020,t20_blast,,2014-2022
6513,B Sanderson,BW Sanderson,team_context,2019-2020,t20_blast,,2016-2026
8347,J Wainman,J Wainman,new,2019-2019,t20_blast,,
10104,Jake Libby,JD Libby,team_context,2019-2020,t20_blast,,2018-2025
10417,Matthew Carter,M Carter,team_context,2019-2019,t20_blast,,2018-2023
9313,D Sibley,DP Sibley,team_context,2019-2020,t20_blast,,2016-2025
11534,Dominic Bess,DM Bess,team_context,2019-2019,t20_blast,,2016-2026
15309,Jack Shutt,JW Shutt,team_context,2019-2019,t20_blast,,2019-2022
6679,Gary Ballance,GS Ballance,team_context,2019-2019,t20_blast,Gary Simon Ballance,2014-2023
12201,Harry Brook,HC Brook,team_context,2019-2019,t20_blast,Harry Cherrington Brook,2018-2026
9546,Jonathan Tattersall,JA Tattersall,team_context,2019-2019,t20_blast,,2018-2026
12794,Harry Swindells,HJ Swindells,team_context,2019-2019,t20_blast,,2018-2024
10396,Aadil Ali,AM Ali,team_context,2019-2019,t20_blast,,2015-2019
10443,Will Davis,WS Davis,team_context,2019-2019,t20_blast,,2019-2023
10395,Matthew Parkinson,MW Parkinson,team_context,2019-2019,t20_blast,Matthew William Parkinson,2017-2026
6705,Steven Croft,SJ Croft,team_context,2019-2019,t20_blast,,2014-2024
13330,Dillon Pennington,DY Pennington,team_context,2019-2020,t20_blast,,2018-2026
9814,Barnard,EG Barnard,team_context,2019-2020,t20_blast,,2015-2026
6687,Mitchell,Mitchell,new,2019-2020,t20_blast,,
12771,Tom Sole,TB Sole,team_context,2019-2019,t20_blast,Thomas Barclay Sole,2018-2020
13996,Scott Steel,S Steel,team_context,2019-2019,t20_blast,,2019-2022
15370,Harry Adair,HRD Adair,team_context,2019-2019,t20_blast,,2019-2019
8384,Ben Raine,BA Raine,team_context,2019-2019,t20_blast,,2014-2026
12992,Liam Trevaskis,L Trevaskis,team_context,2019-2019,t20_blast,,2017-2026
12777,Matty Potts,Matty Potts,new,2019-2019,t20_blast,,
15346,George Garrett,GA Garrett,unique_surname,2019-2019,t20_blast,,2019-2019
9411,Jack Leaning,JA Leaning,team_context,2019-2019,t20_blast,,2014-2026
13715,William Fraine,WAR Fraine,team_context,2019-2019,t20_blast,,2018-2023
10688,Pillans,MW Pillans,team_context,2019-2019,t20_blast,,2016-2020
10623,Billy Root,Billy Root,new,2020-2020,t20_blast,,
13779,Daniel Douthwaite,DA Douthwaite,team_context,2020-2020,t20_blast,,2019-2026
6710,Andy Balbirnie,A Balbirnie,team_context,2020-2020,t20_blast,Andrew Balbirnie,2014-2026
7958,Chris Cooke,CB Cooke,team_context,2020-2020,t20_blast,,2014-2026
11695,Kiran Carlson,KS Carlson,team_context,2020-2020,t20_blast,,2017-2026
13953,Callum Taylor,Callum Taylor,exact_name,2020-2020,t20_blast,,2019-2023
6803,G Wagg,GG Wagg,team_context,2020-2020,t20_blast,,2014-2020
7866,A Salter,AG Salter,team_context,2020-2020,t20_blast,,2014-2023
13332,Prem Sisodiya,P Sisodiya,team_context,2020-2020,t20_blast,,2019-2023
13276,Ricardo Vasconcelos,R Vasconcelos,team_context,2020-2020,t20_blast,,2018-2026
10400,Saif Zaib,SA Zaib,team_context,2020-2020,t20_blast,,2017-2026
6656,G Berg,GK Berg,team_context,2020-2020,t20_blast,Gareth Kyle Berg,2015-2024
15121,Brandon Glover,BD Glover,team_context,2020-2020,t20_blast,Brandon Dale Glover,2019-2024
18390,Vikai Kelley,V Kelley,unique_surname,2020-2020,t20_blast,,2020-2020
9389,M Hammond,M Hammond,new,2020-2020,t20_blast,,
6826,C Dent,CDJ Dent,team_context,2020-2020,t20_blast,,2014-2023
8002,Ian Cockbain,IA Cockbain,team_context,2020-2020,t20_blast,Ian Andrew Cockbain,2014-2022
11750,James Bracey,James Bracey,exact_name,2020-2020,t20_blast,,2019-2026
10399,George Scott,GFB Scott,team_context,2020-2020,t20_blast,,2015-2022
6663,Tom Smith,TMJ Smith,team_context,2020-2020,t20_blast,,2014-2025
9349,M Taylor,M Taylor,exact_name,2020-2020,t20_blast,Marc Taylor,2021-2026
2266,Max Waller,MTC Waller,team_context,2020-2020,t20_blast,,2014-2021
11561,Ollie Sale,ORT Sale,team_context,2020-2020,t20_blast,,2016-2020
6657,Davey,JH Davey,team_context,2020-2020,t20_blast,Joshua Henry Davey,2015-2026
13013,Tom Lammonby,TA Lammonby,team_context,2020-2020,t20_blast,Thomas Alexander Lammonby,2019-2026
8359,Babar Azam,Babar Azam,exact_name,2020-2020,t20_blast,Mohammad Babar Azam,2016-2026
1841,Steven Davies,SM Davies,team_context,2020-2020,t20_blast,,2009-2021
408,James Hildreth,JC Hildreth,team_context,2020-2020,t20_blast,,2014-2021
12784,Edward Byrom,EJ Byrom,team_context,2020-2020,t20_blast,,2019-2024
9346,R Smith,R Smith,exact_name,2020-2020,t20_blast,,2024-2025
9345,David Lloyd,DL Lloyd,team_context,2020-2020,t20_blast,,2014-2025
11453,Nicholas Selman,NJ Selman,team_context,2020-2020,t20_blast,,2017-2021
11532,Owen Morgan,Owen Morgan,new,2020-2020,t20_blast,,
7949,Brett DOliveira,BL D'Oliveira,team_context,2020-2020,t20_blast,,2014-2026
11556,Charlie Morris,CAJ Morris,team_context,2020-2020,t20_blast,,2014-2022
14821,Robert Yates,RM Yates,unique_surname,2020-2020,t20_blast,,2020-2026
13015,Adam Finch,AW Finch,team_context,2020-2020,t20_blast,,2020-2026
13785,Jack Haynes,JA Haynes,team_context,2020-2020,t20_blast,,2020-2026
8309,Liam Norwell,LC Norwell,unique_surname,2020-2020,t20_blast,,2014-2021
10030,Tom Taylor,TAI Taylor,team_context,2020-2020,t20_blast,,2020-2026
1453655,Ishan Mulchandani,Ishan Mulchandani,new,2025-2026,t20_mumbai,,
14977,Amogh Bhatkal,Amogh Bhatkal,new,2025-2025,t20_mumbai,,
11422,Akash Parkar,Akash Parkar,exact_name,2019-2026,t20_mumbai,,2018-2021
12691,Vinayak Bhoir,Vinayak Bhoir,new,2019-2026,t20_mumbai,,
1453613,Harsh Aghav,Harsh Aghav,new,2025-2026,t20_mumbai,,
1453622,Kush Kariya,Kush Kariya,new,2025-2025,t20_mumbai,,
14978,Siddharth Raut,Siddharth Raut,new,2019-2026,t20_mumbai,,
14954,Yash Dicholkar,Yash Dicholkar,new,2019-2026,t20_mumbai,,
51816,Prem Devkar,Prem Devkar,new,2025-2025,t20_mumbai,,
1454853,kartik Mishra,kartik Mishra,new,2025-2026,t20_mumbai,,
10232,Badrey Alam,Badrey Alam,new,2019-2025,t20_mumbai,,
15007,Aishwary Surve,Aishwary Surve,new,2019-2026,t20_mumbai,,
27424,Musheer Khan,Musheer Khan,exact_name,2025-2026,t20_mumbai,Musheer Khan,2025-2025
1453646,khan Awais Naushad,khan Awais Naushad,new,2025-2025,t20_mumbai,,
15661,Chinmay Rajesh Sutar,Chinmay Rajesh Sutar,new,2025-2026,t20_mumbai,,
1700,Rohan Raje,RR Raje,first+surname,2019-2026,t20_mumbai,Rohan Ravindra Raje,2008-2016
14966,Sachin Madhuker Yadav,Sachin Madhuker Yadav,new,2019-2026,t20_mumbai,,
14998,Vaibhav Mali,Vaibhav Mali,new,2019-2026,t20_mumbai,,
11905,Aditya Dhumal,Aditya Dhumal,new,2019-2026,t20_mumbai,,
14995,Parag Khanapurkar,Parag Khanapurkar,new,2019-2026,t20_mumbai,,
24226,Maxwell Swaminathan,Maxwell Swaminathan,new,2025-2026,t20_mumbai,,
1453739,Ajay Singh Janu,Ajay Singh Janu,new,2025-2025,t20_mumbai,,
1454855,Saksham Parashar,Saksham Parashar,new,2025-2026,t20_mumbai,,
1453595,Irfan Umair,Irfan Umair,new,2025-2026,t20_mumbai,,
55134,Sylvester DSouza,Sylvester DSouza,new,2025-2026,t20_mumbai,,
1453502,Arjun Dani,Arjun Dani,new,2025-2026,t20_mumbai,,
1453700,Zaid Patankar,Zaid Patankar,new,2025-2025,t20_mumbai,,
1453802,Yash Dube,Yash Dube,new,2025-2025,t20_mumbai,,
15011,Kruthik Hanagavadi,Kruthik Hanagavadi,exact_name,2019-2026,t20_mumbai,,2019-2021
14937,Karan Shah,Karan Shah,new,2019-2025,t20_mumbai,,
15006,Siddhant Singh,Siddhant Singh,new,2019-2026,t20_mumbai,,
36522,Ayaz Khan,Ayaz Khan,new,2025-2026,t20_mumbai,,
1453793,Vasim Khan,Vasim Khan,new,2025-2025,t20_mumbai,,
1453430,Jigar Surendra Rana,Jigar Surendra Rana,new,2025-2025,t20_mumbai,,
1453469,Siddhant Aadhhathrao,Siddhant Aadhhathrao,new,2025-2025,t20_mumbai,,
11708,Parikshit Valsangkar,Parikshit Valsangkar,exact_name,2025-2026,t20_mumbai,,2018-2019
1453433,Jay Sanjay Jain,Jay Sanjay Jain,new,2025-2026,t20_mumbai,,
1453442,Makarand Giresh Patil,Makarand Giresh Patil,new,2025-2026,t20_mumbai,,
1453487,Hrishikesh Bhushan Gore,Hrishikesh Bhushan Gore,new,2025-2026,t20_mumbai,,
14931,Bharat Patil,Bharat Patil,new,2025-2025,t20_mumbai,,
1453529,Akash Pawar,Akash Pawar,new,2025-2025,t20_mumbai,,
13147,Minad Manjrekar,Minad Manjrekar,new,2019-2026,t20_mumbai,,
10650,Hitesh Kadam,Hitesh Kadam,exact_name,2025-2026,t20_mumbai,,2018-2019
15003,Harsh Tanna,Harsh Tanna,new,2025-2026,t20_mumbai,,
1453784,Onkar Tarmale,Onkar Tarmale,new,2025-2026,t20_mumbai,,
1454943,Amit Pandey,Amit Pandey,new,2025-2025,t20_mumbai,,
1454928,Vinay Kunwar,Vinay Kunwar,new,2025-2026,t20_mumbai,,
14997,Shashank Attarde,Shashank Attarde,new,2019-2026,t20_mumbai,,
14698,Varun Lavande,Varun Lavande,new,2025-2026,t20_mumbai,,
1453748,Aaryaraj Sanjay Nikam,Aaryaraj Sanjay Nikam,new,2025-2026,t20_mumbai,,
1453772,Anish Chaudhery,Anish Chaudhery,new,2025-2025,t20_mumbai,,
52033,Ajit Yadav,Ajit Yadav,new,2025-2026,t20_mumbai,,
1453790,Aryan Chauhan,Aryan Chauhan,new,2025-2025,t20_mumbai,,
15417,Suved Parkar,Suved Parkar,new,2025-2026,t20_mumbai,,
14437,Vikrant  Auti,Vikrant  Auti,new,2019-2025,t20_mumbai,,
14925,Akash Anand,Akash Anand,new,2025-2026,t20_mumbai,,
14999,Adeeb Usmani,Adeeb Usmani (cb14999),new,2019-2025,t20_mumbai,,
1453439,Shyamsundar Keshkamat,Shyamsundar Keshkamat,new,2025-2025,t20_mumbai,,
13541,Dhrumil Matkar,Dhrumil Matkar,exact_name,2019-2026,t20_mumbai,,2018-2019
1453496,Sagarr Chhabriaa,Sagarr Chhabriaa,new,2025-2026,t20_mumbai,,
14939,Atif Attarwala,Atif Attarwala,exact_name,2019-2026,t20_mumbai,,2019-2019
1453451,Dhanit Raut,Dhanit Raut,new,2025-2026,t20_mumbai,,
1453478,Parth Ankolekar,Parth Ankolekar,new,2025-2025,t20_mumbai,,
13249,Karsh Kothari,Karsh Kothari,new,2019-2026,t20_mumbai,,
1453547,Prince Badiani,Prince Badiani,new,2025-2026,t20_mumbai,,
14948,Rahul Sawant,Rahul Sawant,new,2019-2026,t20_mumbai,,
1453550,Alim Shaikh,Alim Shaikh,new,2025-2025,t20_mumbai,,
1453559,Muzzamil Kadri,Muzzamil Kadri,new,2025-2025,t20_mumbai,,
1453586,Dharsh Murkute,Dharsh Murkute,new,2025-2025,t20_mumbai,,
14936,Swapnil Salvi,Swapnil Salvi,new,2019-2025,t20_mumbai,,
14982,Gaurav Jathar,Gaurav Jathar,new,2019-2026,t20_mumbai,,
14591,Divyaansh Sksena,Divyaansh Sksena,new,2025-2026,t20_mumbai,,
1447301,Ayush Vartak,Ayush Vartak,new,2025-2026,t20_mumbai,,
1453874,Sourabh Singh,Sourabh Singh,new,2025-2026,t20_mumbai,,
1453826,Ajay B Mishra,Ajay B Mishra,new,2025-2026,t20_mumbai,,
15002,Deepak Shetty,Deepak Shetty,new,2019-2026,t20_mumbai,,
1453835,Raza Mirza,Raza Mirza,new,2025-2025,t20_mumbai,,
8205,Akhil Herwadkar,AA Herwadkar,unique_surname,2019-2026,t20_mumbai,,2016-2022
14699,Pragnesh Kanpillewar,Pragnesh Kanpillewar,new,2025-2026,t20_mumbai,,
14970,Onkar Jadhav,Onkar Jadhav,new,2019-2025,t20_mumbai,,
1431849,Himanshu Singh,Himanshu Singh (cb1431849),new,2025-2026,t20_mumbai,,
14953,Shashikant Kadam,Shashikant Kadam,new,2019-2026,t20_mumbai,,
1453862,Tatsat Singh,Tatsat Singh,new,2025-2026,t20_mumbai,,
1454974,Harsh Rane,Harsh Rane,new,2025-2026,t20_mumbai,,
1454987,Arjun Jaiswal,Arjun Jaiswal,new,2025-2025,t20_mumbai,,
1453538,Harshal Jadhav,Harshal Jadhav,new,2025-2026,t20_mumbai,,
1453628,Nikhil Giri,Nikhil Giri,new,2025-2025,t20_mumbai,,
1453520,Yash Chavan,Yash Chavan,new,2025-2025,t20_mumbai,,
14930,Karan More,Karan More,new,2019-2025,t20_mumbai,,
14987,Atharva Poojari,Atharva Poojari,new,2025-2025,t20_mumbai,,
1453763,Sayed Hashim,Sayed Hashim,new,2025-2025,t20_mumbai,,
12621,Siddharth Akre,Siddharth Akre,new,2019-2026,t20_mumbai,,
53482,Shreyas Gurav,Shreyas Gurav,new,2025-2026,t20_mumbai,,
1453676,Shreyanssh Rai,Shreyanssh Rai,new,2025-2026,t20_mumbai,,
1453799,Shivansh Lallan Singh,Shivansh Lallan Singh,new,2025-2026,t20_mumbai,,
1453727,Rohan Rajendra Ghag,Rohan Rajendra Ghag,new,2025-2026,t20_mumbai,,
1453718,Sahil Bhagwanta Jadhav,Sahil Bhagwanta Jadhav,new,2025-2026,t20_mumbai,,
14971,Monil Soni,Monil Soni,new,2025-2026,t20_mumbai,,
1453865,Pratik Mishra,Pratik Mishra,new,2025-2026,t20_mumbai,,
1453565,Pravesh Pal,Pravesh Pal,new,2025-2026,t20_mumbai,,
15004,Khizer Dafedar,Khizer Dafedar,exact_name,2019-2025,t20_mumbai,,2018-2018
8679,Shaikh,Shaikh,new,2019-2025,t20_mumbai,,
1453811,Moin Naushad Ahmed,Moin Naushad Ahmed,new,2025-2026,t20_mumbai,,
1453838,Prasoon Singh,Prasoon Singh,new,2025-2026,t20_mumbai,,
14986,Ankur Singh,Ankur Singh,new,2019-2026,t20_mumbai,,
1453709,Yash Gadia,Yash Gadia,new,2025-2025,t20_mumbai,,
1453817,Siddid Tiwari,Siddid Tiwari,new,2025-2025,t20_mumbai,,
14955,Saksham Jha,Saksham Jha,new,2019-2025,t20_mumbai,,
1453511,Parth Naik,Parth Naik,new,2025-2025,t20_mumbai,,
14973,Shikhar Thakur,Shikhar Thakur,new,2019-2026,t20_mumbai,,
14950,Shivam Nirupam,Shivam Nirupam,new,2025-2025,t20_mumbai,,
1453604,Mahamad Yaseen Saudagar,Mahamad Yaseen Saudagar,new,2025-2025,t20_mumbai,,
15030,Salman Khan,Salman Khan,new,2019-2025,t20_mumbai,,
14945,Prasad Patil,Prasad Patil,new,2019-2025,t20_mumbai,,
1453658,Mayuresh Tandel,Mayuresh Tandel,new,2025-2026,t20_mumbai,,
1472720,Prateek Kumar Yadav,Prateek Kumar Yadav,new,2026-2026,t20_mumbai,,
1473193,Om Keshkamat,Om Keshkamat,new,2026-2026,t20_mumbai,,
1472702,Sairaj Nair,Sairaj Nair,new,2026-2026,t20_mumbai,,
1453757,Amartya Raje,Amartya Raje,new,2026-2026,t20_mumbai,,
1472747,Sumeir Zaveri,Sumeir Zaveri,new,2026-2026,t20_mumbai,,
1453667,Shashwat Jagtap,Shashwat Jagtap,new,2026-2026,t20_mumbai,,
1453460,Naman Pushpak,Naman Pushpak,new,2026-2026,t20_mumbai,,
1472615,Jamshed Alam,Jamshed Alam,new,2026-2026,t20_mumbai,,
1473087,Atharva Bhosale,Atharva Bhosale,new,2026-2026,t20_mumbai,,
1473230,Ayush Zimare,Ayush Zimare,new,2026-2026,t20_mumbai,,
1430473,Abhigyan Kundu,Abhigyan Kundu,new,2026-2026,t20_mumbai,,
1473233,Rohit Pol,Rohit Pol,new,2026-2026,t20_mumbai,,
15013,Sagar Mishra,Sagar Mishra,new,2019-2026,t20_mumbai,,
1473222,Vedant Gurav,Vedant Gurav,new,2026-2026,t20_mumbai,,
1473219,Vedant Murkar,Vedant Murkar,new,2026-2026,t20_mumbai,,
1453781,Nutan Kumar Goel,Nutan Kumar Goel,new,2026-2026,t20_mumbai,,
1473277,Gautam Bharat Waghela,Gautam Bharat Waghela,new,2026-2026,t20_mumbai,,
1473266,Awais Khan,Awais Khan,new,2026-2026,t20_mumbai,,
1473310,Vedant Gore,Vedant Gore,new,2026-2026,t20_mumbai,,
1473307,Kavya Gori,Kavya Gori,new,2026-2026,t20_mumbai,,
1453568,Ayush Jethwa,Ayush Jethwa,new,2026-2026,t20_mumbai,,
12313,Prathamesh Dake,Prathamesh Dake,exact_name,2019-2026,t20_mumbai,,2021-2021
1472709,Aadit Bahutule,Aadit Bahutule,new,2026-2026,t20_mumbai,,
14942,Aashray Sajnani,Aashray Sajnani,new,2026-2026,t20_mumbai,,
1473197,Kevin Gregory,Kevin Gregory,new,2026-2026,t20_mumbai,,
1473116,Om Bangar,Om Bangar,new,2026-2026,t20_mumbai,,
1473655,Jayesh Pokhare,Jayesh Pokhare,new,2026-2026,t20_mumbai,,
1473237,Anish Chaudhary,Anish Chaudhary,new,2026-2026,t20_mumbai,,
1472654,Ashutosh Ghagre,Ashutosh Ghagre,new,2026-2026,t20_mumbai,,
1472731,Shaun Rodrigues,Shaun Rodrigues,new,2026-2026,t20_mumbai,,
1472735,Manan Bhatt,Manan Bhatt,new,2026-2026,t20_mumbai,,
1472764,Anuj Giri,Anuj Giri,new,2026-2026,t20_mumbai,,
1474513,Parth Chandan,Parth Chandan,new,2026-2026,t20_mumbai,,
1453730,Naman Jhawar,Naman Jhawar,new,2026-2026,t20_mumbai,,
1473098,Aryan Patni,Aryan Patni,new,2026-2026,t20_mumbai,,
14047,Parikshit Valasangkar,Parikshit Valasangkar,new,2019-2019,t20_mumbai,,
14934,Kalpesh Sawant,Kalpesh Sawant,new,2019-2019,t20_mumbai,,
15017,Vaibhav Singh,Vaibhav Singh,new,2019-2019,t20_mumbai,,
14924,Nehal Katakdhond,Nehal Katakdhond,new,2019-2019,t20_mumbai,,
14927,Anjdeep Lad,Anjdeep Lad,new,2019-2019,t20_mumbai,,
8196,Kaustubh Pawar,Kaustubh Pawar,new,2019-2019,t20_mumbai,,
14453,Aakarshit Gomel,Aakarshit Gomel,exact_name,2019-2019,t20_mumbai,,2021-2024
9220,D Subramanian,D Subramanian,new,2019-2019,t20_mumbai,,
14923,Yogesh Pawar,Yogesh Pawar,new,2019-2019,t20_mumbai,,
14991,Hersh Tank,Hersh Tank,new,2019-2019,t20_mumbai,,
14993,Mansingh Nigade,Mansingh Nigade,new,2019-2019,t20_mumbai,,
11315,Shubham Ranjane,Shubham Ranjane (cb11315),new,2019-2019,t20_mumbai,,
14989,Vineet Sinha,Vineet Sinha,new,2019-2019,t20_mumbai,,
10233,Kevin Almeida,Kevin Almeida,new,2019-2019,t20_mumbai,,
14983,Kadir Patel,Kadir Patel,new,2019-2019,t20_mumbai,,
14935,Ajinkya Patil,Ajinkya Patil,new,2019-2019,t20_mumbai,,
14958,Karan Nande,Karan Nande,new,2019-2019,t20_mumbai,,
14946,Moondeep Mangela,Moondeep Mangela,new,2019-2019,t20_mumbai,,
8201,Balwinder Sandhu,Balwinder Sandhu,new,2019-2019,t20_mumbai,,
10835,Ankush Jaiswal,Ankush Jaiswal,new,2019-2019,t20_mumbai,,
15015,Asif Shaikh,Asif Shaikh (cb15015),new,2019-2019,t20_mumbai,,
15005,Kaushik Chikhalikar,Kaushik Chikhalikar,new,2019-2019,t20_mumbai,,
15012,Sachin Wagh,Sachin Wagh,new,2019-2019,t20_mumbai,,
15009,Alpesh Ramjani,Alpesh Ramjani,new,2019-2019,t20_mumbai,,
8203,Nikhil Patil,Nikhil Patil,new,2019-2019,t20_mumbai,,
8262,Sujit Nayak,Sujit Nayak,exact_name,2019-2019,t20_mumbai,,2019-2025
1833,Siddharth Chitnis,SD Chitnis,first+surname,2019-2019,t20_mumbai,Siddharth Dilip Chitnis,2008-2016
14952,Sagar Chhabria,Sagar Chhabria,new,2019-2019,t20_mumbai,,
14938,Nikhil Date,Nikhil Date,new,2019-2019,t20_mumbai,,
9424,A Singh,A Singh (cb9424),new,2019-2019,t20_mumbai,,
14981,Azhar Ansari,Azhar Ansari,new,2019-2019,t20_mumbai,,
15016,Prashant Bhoir,Prashant Bhoir,new,2019-2019,t20_mumbai,,
14963,Swapnil Pradhan,Swapnil Pradhan,new,2019-2019,t20_mumbai,,
14962,Rudra Dhanday,Rudra Dhanday,new,2019-2019,t20_mumbai,,
14967,Raunaq Sharma,Raunaq Sharma,new,2019-2019,t20_mumbai,,
11709,Vijay Gohil,Vijay Gohil,new,2019-2019,t20_mumbai,,
12638,Shivam Malhotra,Shivam Malhotra,new,2019-2019,t20_mumbai,,
14988,Salil Agharkar,Salil Agharkar,new,2019-2019,t20_mumbai,,
12336,Rakesh Prabhu,Rakesh Prabhu,new,2019-2019,t20_mumbai,,
14928,Sylvester Dsouza,Sylvester Dsouza,new,2019-2019,t20_mumbai,,
14944,Neil Narvekar,Neil Narvekar,new,2019-2019,t20_mumbai,,
8981,PG Waghela,PG Waghela,new,2019-2019,t20_mumbai,,
10321,S Mangela,S Mangela,new,2019-2019,t20_mumbai,,
14960,Yash Malap,Yash Malap,new,2019-2019,t20_mumbai,,
14933,Vishal Dhagaonkar,Vishal Dhagaonkar,new,2019-2019,t20_mumbai,,
14932,Sumeet Dhekale,Sumeet Dhekale,new,2019-2019,t20_mumbai,,
8680,Bhavin Thakkar,Bhavin Thakkar,new,2019-2019,t20_mumbai,,
14965,Nikhil Patil,Nikhil Patil (cb14965),new,2019-2019,t20_mumbai,,
14969,Varun Joijode,Varun Joijode,new,2019-2019,t20_mumbai,,
14992,Japjeet Randhawa,Japjeet Randhawa,new,2019-2019,t20_mumbai,,
15010,Jaideep Pardeshi,Jaideep Pardeshi,new,2019-2019,t20_mumbai,,
15014,Shrikant Limbole,Shrikant Limbole,new,2019-2019,t20_mumbai,,
14979,Gaurav Bengre,Gaurav Bengre,new,2019-2019,t20_mumbai,,
14976,Atish Gawand,Atish Gawand,new,2019-2019,t20_mumbai,,
14972,Manan Khakhar,Manan Khakhar,new,2019-2019,t20_mumbai,,
14956,Jude Singh,Jude Singh,new,2019-2019,t20_mumbai,,
14974,Siddhant Adhatrao,Siddhant Adhatrao,new,2019-2019,t20_mumbai,,
14943,Uzair Khan,Uzair Khan,exact_name,2019-2019,t20_mumbai,,2025-2025
14968,Arun Yadav,Arun Yadav (cb14968),new,2019-2019,t20_mumbai,,
14980,Jai Kothari,Jai Kothari,new,2019-2019,t20_mumbai,,
14921,Ajay Pandey,Ajay Pandey,new,2019-2019,t20_mumbai,,
14448,Tahlia Wilson,Tahlia Wilson,new,2024-2025,t20_spring_challenge,,
18475,Georgia Voll,Georgia Voll,new,2024-2024,t20_spring_challenge,,
18489,Anika Learoyd,Anika Learoyd,new,2024-2025,t20_spring_challenge,,
21063,Claire Moore,Claire Moore,new,2024-2025,t20_spring_challenge,,
13017,Georgia Adams,Georgia Adams,new,2024-2024,t20_spring_challenge,,
13296,HJ Darlington,HJ Darlington,new,2024-2024,t20_spring_challenge,,
12030,Sammy-Jo Johnson,Sammy-Jo Johnson,new,2024-2024,t20_spring_challenge,,
1432443,Ella Briscoe,Ella Briscoe,new,2024-2025,t20_spring_challenge,,
13465,Taneale Peschel,Taneale Peschel,new,2024-2025,t20_spring_challenge,,
20651,Jade Allen,Jade Allen,new,2024-2024,t20_spring_challenge,,
51452,Ebony Hoskin,Ebony Hoskin,new,2024-2025,t20_spring_challenge,,
33274,Lucy Hamilton,Lucy Hamilton,new,2024-2025,t20_spring_challenge,,
13288,Nicola Hancock,Nicola Hancock,new,2024-2025,t20_spring_challenge,,
38734,Sianna Ginger,Sianna Ginger,new,2024-2025,t20_spring_challenge,,
14378,Charli Knott,Charli Knott,new,2024-2025,t20_spring_challenge,,
1432427,Lilli Hamilton,Lilli Hamilton,new,2024-2024,t20_spring_challenge,,
1431667,Lily Bassingthwaighte,Lily Bassingthwaighte,new,2024-2025,t20_spring_challenge,,
12050,Georgia Redmayne,Georgia Redmayne,new,2024-2025,t20_spring_challenge,,
12047,Laura Harris,Laura Harris,new,2024-2025,t20_spring_challenge,,
1431659,Mikayla Wrigley,Mikayla Wrigley,new,2024-2025,t20_spring_challenge,,
1431675,Lucy Bourke,Lucy Bourke,new,2024-2025,t20_spring_challenge,,
1431681,Ruby Strange,Ruby Strange,new,2024-2025,t20_spring_challenge,,
9653,Lizelle Lee,Lizelle Lee,new,2024-2025,t20_spring_challenge,,
20663,Ruth Johnston,Ruth Johnston,new,2024-2025,t20_spring_challenge,,
11405,Nicola Carey,Nicola Carey,new,2024-2025,t20_spring_challenge,,
9109,Elyse Villani,Elyse Villani,new,2024-2025,t20_spring_challenge,,
12008,Heather Graham,Heather Graham,new,2024-2024,t20_spring_challenge,,
12218,Tabatha Saville,Tabatha Saville,new,2024-2025,t20_spring_challenge,,
12054,Molly Strano,Molly Strano,new,2024-2025,t20_spring_challenge,,
15785,Emma Manix-Geeves,Emma Manix-Geeves,new,2024-2025,t20_spring_challenge,,
14422,Hayley Silver-holmes,Hayley Silver-holmes,new,2024-2025,t20_spring_challenge,,
11995,Lauren Smith,Lauren Smith,new,2024-2025,t20_spring_challenge,,
1431689,Callie Wilson,Callie Wilson,new,2024-2025,t20_spring_challenge,,
18460,Ella Hayward,Ella Hayward,new,2024-2025,t20_spring_challenge,,
38741,Milly Illingworth,Milly Illingworth,new,2024-2025,t20_spring_challenge,,
51588,Sara Kennedy,Sara Kennedy,new,2024-2024,t20_spring_challenge,,
12048,Prestwidge,JA Prestwidge,team_context,2024-2025,t20_spring_challenge,Jack Arthur Prestwidge,2019-2023
9104,Sarah Coyte,Sarah Coyte,new,2024-2025,t20_spring_challenge,,
51651,Emma de Broughe,Emma de Broughe,new,2024-2025,t20_spring_challenge,,
14361,Courtney Webb,Courtney Webb,new,2024-2025,t20_spring_challenge,,
11102,Naomi Stalenberg,Naomi Stalenberg,new,2024-2025,t20_spring_challenge,,
13285,Nicole Faltum,Nicole Faltum,new,2024-2025,t20_spring_challenge,,
1432289,Samara Dulvin,Samara Dulvin,new,2024-2025,t20_spring_challenge,,
20666,Poppy Gardner,Poppy Gardner,new,2024-2024,t20_spring_challenge,,
15643,Alisha Bates,Alisha Bates,new,2024-2024,t20_spring_challenge,,
33388,Paris Bowdler,Paris Bowdler,new,2024-2025,t20_spring_challenge,,
1432329,Grace Lyons,Grace Lyons,new,2024-2025,t20_spring_challenge,,
11992,Carly Leeson,Carly Leeson,new,2024-2025,t20_spring_challenge,,
1432321,Annie Wikman,Annie Wikman,new,2024-2025,t20_spring_challenge,,
20661,Angelina Genford,Angelina Genford,new,2024-2025,t20_spring_challenge,,
1432345,Grace Dignam,Grace Dignam,new,2024-2025,t20_spring_challenge,,
14517,Zoe Cooke,Zoe Cooke,new,2024-2025,t20_spring_challenge,,
1432337,Shivani Mehta,Shivani Mehta,new,2024-2025,t20_spring_challenge,,
9112,H Ferling,H Ferling,new,2024-2025,t20_spring_challenge,,
1432339,Chelsea Moscript,Chelsea Moscript,new,2024-2024,t20_spring_challenge,,
1432627,Courtney Grace Sippel,Courtney Grace Sippel,new,2024-2025,t20_spring_challenge,,
18485,Kate Peterson,Kate Peterson,new,2024-2024,t20_spring_challenge,,
1432635,Frankie Nicklin,Frankie Nicklin,new,2024-2025,t20_spring_challenge,,
1432313,Caoimhe Bray,Caoimhe Bray,new,2024-2025,t20_spring_challenge,,
1432297,Isabella Malgioglio,Isabella Malgioglio,new,2024-2025,t20_spring_challenge,,
12029,Erin Burns,Erin Burns,new,2024-2025,t20_spring_challenge,,
38750,Kate Pelle,Kate Pelle,new,2024-2025,t20_spring_challenge,,
23856,Elsa Hunter,Elsa Hunter,new,2024-2025,t20_spring_challenge,,
12004,M Carmichael,M Carmichael,new,2024-2025,t20_spring_challenge,,
1432305,Eva Ragg,Eva Ragg,new,2024-2025,t20_spring_challenge,,
1432299,Lucy Finn,Lucy Finn,new,2024-2025,t20_spring_challenge,,
21148,Ellie Johnston,Ellie Johnston,new,2024-2025,t20_spring_challenge,,
12005,Katie Mack,Katie Mack,new,2024-2025,t20_spring_challenge,,
15698,Madeline Penna,Madeline Penna,new,2024-2025,t20_spring_challenge,,
39296,Paris Hall,Paris Hall,new,2024-2024,t20_spring_challenge,,
13290,Annie O Neil,Annie O Neil,new,2024-2025,t20_spring_challenge,,
11957,Amanda-Jade Wellington,Amanda-Jade Wellington,new,2024-2025,t20_spring_challenge,,
12024,Jemma Barsby,Jemma Barsby,new,2024-2025,t20_spring_challenge,,
38748,Eleanor Larosa,Eleanor Larosa,new,2024-2025,t20_spring_challenge,,
38729,Maggie Clark,Maggie Clark,new,2024-2025,t20_spring_challenge,,
12552,Anesu Mushangwe,Anesu Mushangwe,new,2024-2025,t20_spring_challenge,,
1431643,Emerson Filsell,Emerson Filsell,new,2024-2025,t20_spring_challenge,,
32891,Charis Bekker,Charis Bekker,new,2024-2025,t20_spring_challenge,,
15642,Lilly Mills,Lilly Mills,new,2024-2025,t20_spring_challenge,,
14380,Stella Campbell,Stella Campbell,new,2024-2025,t20_spring_challenge,,
1432651,Zoe Britcliffe,Zoe Britcliffe,new,2024-2024,t20_spring_challenge,,
1432643,Chloe Bartholomew,Chloe Bartholomew,new,2024-2024,t20_spring_challenge,,
14423,Bhavi M Devchand,Bhavi M Devchand,new,2024-2024,t20_spring_challenge,,
15644,Maddy Darke,Maddy Darke,new,2024-2025,t20_spring_challenge,,
43391,Ines McKeon,Ines McKeon,new,2024-2025,t20_spring_challenge,,
12037,Mikayla Hinkley,Mikayla Hinkley,new,2024-2025,t20_spring_challenge,,
12014,Chloe Piparo,Chloe Piparo,new,2024-2025,t20_spring_challenge,,
1432641,Rebecca McGrath,Rebecca McGrath,new,2024-2025,t20_spring_challenge,,
18528,Gabrielle Sutcliffe,Gabrielle Sutcliffe,new,2024-2025,t20_spring_challenge,,
20631,Rhys McKenna,Rhys McKenna,new,2024-2025,t20_spring_challenge,,
1432673,Zoe Samuel,Zoe Samuel,new,2024-2025,t20_spring_challenge,,
1432681,Holly Spencer,Holly Spencer,new,2024-2024,t20_spring_challenge,,
18455,Sophie Day,Sophie Day,new,2024-2025,t20_spring_challenge,,
12041,Sasha Moloney,Sasha Moloney,new,2024-2025,t20_spring_challenge,,
12039,Maisy Gibson,Maisy Gibson,new,2024-2025,t20_spring_challenge,,
9114,Meg Lanning,Meg Lanning,new,2024-2025,t20_spring_challenge,,
35206,Olivia Henry,Olivia Henry,new,2024-2025,t20_spring_challenge,,
32905,Sophie Reid,Sophie Reid,new,2024-2025,t20_spring_challenge,,
1432665,Mia Perrin,Mia Perrin,new,2024-2025,t20_spring_challenge,,
15640,Tess Flintoff,Tess Flintoff,new,2024-2025,t20_spring_challenge,,
1432307,Lauren Kua,Lauren Kua,new,2024-2025,t20_spring_challenge,,
1432715,Juliette Morton,Juliette Morton,new,2024-2024,t20_spring_challenge,,
1432747,Tia Davidge,Tia Davidge,new,2024-2024,t20_spring_challenge,,
1432753,Bronte Leishman,Bronte Leishman,new,2024-2024,t20_spring_challenge,,
1432761,Shay Manolini,Shay Manolini,new,2024-2025,t20_spring_challenge,,
12019,Bridget Patterson,Bridget Patterson,new,2024-2025,t20_spring_challenge,,
15647,Courtney Neale,Courtney Neale,new,2024-2024,t20_spring_challenge,,
32238,Julia Cavanough,Julia Cavanough,new,2024-2024,t20_spring_challenge,,
1432707,Beth Lane,Beth Lane,new,2024-2024,t20_spring_challenge,,
12063,Samantha Bates,Samantha Bates,new,2024-2025,t20_spring_challenge,,
1432659,Indigo Noble,Indigo Noble,new,2024-2025,t20_spring_challenge,,
1432657,Hasrat Gill,Hasrat Gill,new,2024-2025,t20_spring_challenge,,
1431651,Kira Holmes,Kira Holmes,new,2024-2024,t20_spring_challenge,,
1432913,Morgan Pires,Morgan Pires,new,2024-2024,t20_spring_challenge,,
21311,Ella Wilson,Ella Wilson,new,2024-2025,t20_spring_challenge,,
9537,Jonassen,Jonassen,new,2024-2024,t20_spring_challenge,,
30308,Grace Parsons,Grace Parsons,new,2024-2024,t20_spring_challenge,,
1431635,Sienna Eve,Sienna Eve,new,2024-2024,t20_spring_challenge,,
9420,Lauren Winfield-Hill,Lauren Winfield-Hill,new,2024-2024,t20_spring_challenge,,
13297,Rachel Trenaman,Rachel Trenaman,new,2025-2025,t20_spring_challenge,,
1463770,Ava Curtis,Ava Curtis,new,2025-2025,t20_spring_challenge,,
12051,Maitlan Brown,Maitlan Brown,new,2025-2025,t20_spring_challenge,,
18484,Olivia Porter,Olivia Porter,new,2025-2025,t20_spring_challenge,,
1463803,Alexandra Mavros,Alexandra Mavros,new,2025-2025,t20_spring_challenge,,
1463848,Emily Powell,Emily Powell,new,2025-2025,t20_spring_challenge,,
1463812,Olivia Maxwell,Olivia Maxwell,new,2025-2025,t20_spring_challenge,,
1433161,Bonnie Berry,Bonnie Berry,new,2025-2025,t20_spring_challenge,,
1454743,Ayaka Stafford,Ayaka Stafford,new,2025-2025,t20_spring_challenge,,
1463781,Clodagh Ryall,Clodagh Ryall,new,2025-2025,t20_spring_challenge,,
13034,Danielle Gibson,Danielle Gibson,new,2025-2025,t20_spring_challenge,,
1463815,Jasmine Kamboj,Jasmine Kamboj,new,2025-2025,t20_spring_challenge,,
1463845,Elizabeth Worthley,Elizabeth Worthley,new,2025-2025,t20_spring_challenge,,
38708,Chloe Ainsworth,Chloe Ainsworth,new,2025-2025,t20_spring_challenge,,
20633,Amy Louise Edgar,Amy Louise Edgar,new,2025-2025,t20_spring_challenge,,
1463801,Tara French,Tara French,new,2025-2025,t20_spring_challenge,,
1463762,Mia Barwick,Mia Barwick,new,2025-2025,t20_spring_challenge,,
1463814,Rachel Carroll,Rachel Carroll,new,2025-2025,t20_spring_challenge,,
1463870,Maddie White,Maddie White,new,2025-2025,t20_spring_challenge,,
1463782,Filippa Suesee,Filippa Suesee,new,2025-2025,t20_spring_challenge,,
51410,Jasmine Nevins,Jasmine Nevins,new,2025-2025,t20_spring_challenge,,
1463793,Charli Mclennan,Charli Mclennan,new,2025-2025,t20_spring_challenge,,
1463944,Ira Aery,Ira Aery,new,2025-2025,t20_spring_challenge,,
13006,Paige Scholfield,Paige Scholfield,new,2025-2025,t20_spring_challenge,,
1448973,Amy Hunter,Amy Hunter,new,2025-2025,t20_spring_challenge,,
1463991,Matilda Maitland,Matilda Maitland,new,2025-2025,t20_spring_challenge,,
1464068,Taylor Stumer,Taylor Stumer,new,2025-2025,t20_spring_challenge,,
1464961,Wafi Diamond Kachchhi,Wafi Diamond Kachchhi,new,2026-2026,tg20,,
1475486,GSK Reddy,GSK Reddy,new,2026-2026,tg20,,
1431953,Kodimela Himateja,Kodimela Himateja,new,2026-2026,tg20,,
1475745,Magavath Nayak,Magavath Nayak,new,2026-2026,tg20,,
1475272,Saketh Dhatrak,Saketh Dhatrak,new,2026-2026,tg20,,
1475261,Baddi Yadav,Baddi Yadav,new,2026-2026,tg20,,
1475310,Ved Reddy,Ved Reddy,new,2026-2026,tg20,,
1475266,Vidyananda Reddy,Vidyananda Reddy,new,2026-2026,tg20,,
1475525,Nipun Reddy,Nipun Reddy,new,2026-2026,tg20,,
1475749,Prithvi Reddy,Prithvi Reddy,new,2026-2026,tg20,,
1475536,Jamboju Pardhipan,Jamboju Pardhipan,new,2026-2026,tg20,,
1475444,Budidhi Teja,Budidhi Teja,new,2026-2026,tg20,,
22171,Mohammed Afreedi,Mohammed Afreedi,new,2026-2026,tg20,,
1475389,Vignesh Reddy,Vignesh Reddy,new,2026-2026,tg20,,
13575,PS Chaitanya Reddy,PS Chaitanya Reddy,new,2026-2026,tg20,,
1475422,Pratheek Pawar,Pratheek Pawar,new,2026-2026,tg20,,
1475595,Gaurav Reddy,Gaurav Reddy,new,2026-2026,tg20,,
1475587,Pranav Suryadevara,Pranav Suryadevara,new,2026-2026,tg20,,
1464774,Patkuri Nitish Reddy,Patkuri Nitish Reddy,new,2026-2026,tg20,,
52397,Aelgani Varun Goud,Aelgani Varun Goud,new,2026-2026,tg20,,
1475613,Divesh Singh,Divesh Singh,new,2026-2026,tg20,,
1475629,Harshwardhan Singh,Harshwardhan Singh (cb1475629),new,2026-2026,tg20,,
1475635,Aryan Cariappa,Aryan Cariappa,new,2026-2026,tg20,,
1475646,T Arun Kumar,T Arun Kumar,new,2026-2026,tg20,,
1475591,Nanavath Rakesh,Nanavath Rakesh,new,2026-2026,tg20,,
1464978,Aaron George,Aaron George,new,2026-2026,tg20,,
51767,Aravelly Avanish,Aravelly Avanish,new,2026-2026,tg20,,
1475580,Aditya Javvaji,Aditya Javvaji,new,2026-2026,tg20,,
1465091,Alankrith Rapole,Alankrith Rapole,new,2026-2026,tg20,,
1475602,Gnana Reddy,Gnana Reddy,new,2026-2026,tg20,,
1475353,Harshit Choudhary,Harshit Choudhary,new,2026-2026,tg20,,
51770,Murugan Abhishek,Murugan Abhishek,new,2026-2026,tg20,,
1475376,Anirudh Srivatsa,Anirudh Srivatsa,new,2026-2026,tg20,,
1475386,Adi Mani Kiran,Adi Mani Kiran,new,2026-2026,tg20,,
1475464,Md Asif Mansoori,Md Asif Mansoori,new,2026-2026,tg20,,
1475408,Shaunak Kulkarni,Shaunak Kulkarni,new,2026-2026,tg20,,
1475398,Mudassar Hussain,Mudassar Hussain (cb1475398),new,2026-2026,tg20,,
1475442,Pallepati Kranthi,Pallepati Kranthi,new,2026-2026,tg20,,
1475356,Varun Yerram,Varun Yerram,new,2026-2026,tg20,,
1475378,Madhukar Manne,Madhukar Manne,new,2026-2026,tg20,,
1475367,Ghazi Abbas,Ghazi Abbas,new,2026-2026,tg20,,
1475503,Nimna Surya Teja,Nimna Surya Teja,new,2026-2026,tg20,,
1475763,Kunta Rahul,Kunta Rahul,new,2026-2026,tg20,,
1475301,Shrunjith Reddy,Shrunjith Reddy,new,2026-2026,tg20,,
1475334,Naman Agarwal,Naman Agarwal,new,2026-2026,tg20,,
1475774,Nayani Reddy,Nayani Reddy,new,2026-2026,tg20,,
1475316,Vikram Naik,Vikram Naik,new,2026-2026,tg20,,
1475518,Nishanth Reddy,Nishanth Reddy,new,2026-2026,tg20,,
55736,Rishab Baslas,Rishab Baslas,new,2026-2026,tg20,,
1475679,Yashveer Goud,Yashveer Goud,new,2026-2026,tg20,,
1475727,Sriniketh,Sriniketh,new,2026-2026,tg20,,
1468061,Pranav Varma,Pranav Varma,new,2026-2026,tg20,,
1475697,Shanmukha Ashwin,Shanmukha Ashwin,new,2026-2026,tg20,,
1475712,Akhil Rathod,Akhil Rathod,new,2026-2026,tg20,,
22526,Abhirath Reddy,Abhirath Reddy,new,2026-2026,tg20,,
1475657,Sai Vikas Reddy,Sai Vikas Reddy,new,2026-2026,tg20,,
1475668,Anvith Reddy,Anvith Reddy,new,2026-2026,tg20,,
1475686,Gadugu Ganesh,Gadugu Ganesh,new,2026-2026,tg20,,
1475708,P Arvind,P Arvind,new,2026-2026,tg20,,
1475290,Sai Kakulamarri,Sai Kakulamarri,new,2026-2026,tg20,,
1475338,Bunny Jagan,Bunny Jagan,new,2026-2026,tg20,,
1475510,Ashwin Ram Burgubavi,Ashwin Ram Burgubavi,new,2026-2026,tg20,,
1475620,Tanay Jaddu,Tanay Jaddu,new,2026-2026,tg20,,
1475250,Mayank Gupta,Mayank Gupta (cb1475250),new,2026-2026,tg20,,
1475331,Mahesh Vipparla,Mahesh Vipparla,new,2026-2026,tg20,,
1465544,Mohammed Malik,Mohammed Malik,new,2026-2026,tg20,,
1475540,Ravuri Sharan,Ravuri Sharan,new,2026-2026,tg20,,
19408,Satwik Reddy,Satwik Reddy,new,2026-2026,tg20,,
1475547,Shubham Sharma,Shubham Sharma,exact_name,2026-2026,tg20,,2021-2023
1475554,Harish Thakur,Harish Thakur,new,2026-2026,tg20,,
1475563,Narayana Teja,Narayana Teja,new,2026-2026,tg20,,
1475569,Rathlavath Dinesh,Rathlavath Dinesh,new,2026-2026,tg20,,
1475584,Satish Kumar,Satish Kumar,new,2026-2026,tg20,,
1475349,Ahwinan Ram,Ahwinan Ram,new,2026-2026,tg20,,
1475327,Ishan Sharma,Ishan Sharma,new,2026-2026,tg20,,
1475453,MD Azheruddin,MD Azheruddin,new,2026-2026,tg20,,
1475411,Karan Yadav,Karan Yadav,new,2026-2026,tg20,,
1475431,Shadab Ahmed,Shadab Ahmed,new,2026-2026,tg20,,
1475738,Hari Om Singh,Hari Om Singh,new,2026-2026,tg20,,
1475903,Sahendra Mallu,Sahendra Mallu,new,2026-2026,tg20,,
1475899,Pagadala Lokesh,Pagadala Lokesh,new,2026-2026,tg20,,
1476021,Nithin Nayak,Nithin Nayak,new,2026-2026,tg20,,
15481,Kartikeya Kak,Kartikeya Kak,exact_name,2026-2026,tg20,,2021-2021
1475772,Nomaan Ahmed,Nomaan Ahmed,new,2026-2026,tg20,,
1476273,Jashwath Mote,Jashwath Mote,new,2026-2026,tg20,,
1476281,Vaishnav Reddy A,Vaishnav Reddy A,new,2026-2026,tg20,,
1476321,Akhil Kumar Sankoju,Akhil Kumar Sankoju,new,2026-2026,tg20,,
1476341,Arjun Gorrapalli,Arjun Gorrapalli,new,2026-2026,tg20,,
1476337,Adithya Varma,Adithya Varma,new,2026-2026,tg20,,
1476360,Sunkari Dheeraj,Sunkari Dheeraj,new,2026-2026,tg20,,
1476370,Salman Khan,Salman Khan (cb1476370),new,2026-2026,tg20,,
1476377,Dev Mehta,Dev Mehta,new,2026-2026,tg20,,
1476003,Paras Raj,Paras Raj,new,2026-2026,tg20,,
1476400,Harshith Sai Y,Harshith Sai Y,new,2026-2026,tg20,,
1476417,Urvesh Kakkad,Urvesh Kakkad,new,2026-2026,tg20,,
1476423,Ilyaan Sathani,Ilyaan Sathani,new,2026-2026,tg20,,
1475474,Karri Sai Dhanush,Karri Sai Dhanush,new,2026-2026,tg20,,
1476577,Raghava Pattapu,Raghava Pattapu,new,2026-2026,tg20,,
1476581,Sacheit Binjrajka,Sacheit Binjrajka,new,2026-2026,tg20,,
1475497,Shaik Azhar,Shaik Azhar,new,2026-2026,tg20,,
1476861,Sashanth Budthi,Sashanth Budthi,new,2026-2026,tg20,,
1476430,Ashwad Rajiv,Ashwad Rajiv,new,2026-2026,tg20,,
1476453,Manikanteshwar Reddy,Manikanteshwar Reddy,new,2026-2026,tg20,,
36748,Samhith Reddy,Samhith Reddy,new,2026-2026,tg20,,
1476893,S Venkat Karthik,S Venkat Karthik,new,2026-2026,tg20,,
11644,Vishal Vaidhya,Vishal Vaidhya,new,2016-2025,tnpl,,
12626,Suresh Lokeshwar,Suresh Lokeshwar,new,2018-2026,tnpl,,
46559,Balasubramaniam Sachin,Balasubramaniam Sachin,new,2023-2026,tnpl,,
1427488,Andre Siddarth C,Andre Siddarth C,new,2024-2026,tnpl,,
1454866,Pradheep Vishal,Pradheep Vishal,new,2025-2025,tnpl,,
19866,Jitendra Kumar,Jitendra Kumar,new,2021-2025,tnpl,,
46233,P Bhuvaneswaran,P Bhuvaneswaran,new,2023-2026,tnpl,,
11626,Ramalingam Rohit,Ramalingam Rohit,new,2016-2026,tnpl,,
12636,Jhatavedh Subramanyan,Jhatavedh Subramanyan,new,2023-2026,tnpl,,
1453061,Govinth G,Govinth G,new,2025-2025,tnpl,,
1593,Ravichandran Ashwin,R Ashwin,exact_name,2016-2025,tnpl,Ravichandran Ashwin,2009-2026
10634,DT Chandrasekar,DT Chandrasekar,new,2016-2025,tnpl,,
15277,G Periyaswamy,G Periyaswamy,exact_name,2019-2026,tnpl,,2019-2021
19802,Vimal Khumar,Vimal Khumar,new,2021-2026,tnpl,,
1453073,Hunny Saini,Hunny Saini,new,2025-2026,tnpl,,
11660,Maan Bafna,Maan Bafna,new,2016-2026,tnpl,,
1454998,Aakaash Sharma,Aakaash Sharma,new,2025-2025,tnpl,,
15289,M Karthik Saran,M Karthik Saran,new,2024-2026,tnpl,,
19901,K Rajkumar,K Rajkumar,new,2021-2026,tnpl,,
11596,Uthirasamy Sasidev,Uthirasamy Sasidev,new,2016-2026,tnpl,,
1455031,Prabanjan S,Prabanjan S,new,2025-2025,tnpl,,
19847,M Mathivannan,M Mathivannan,new,2021-2026,tnpl,,
27305,Balu Surya,Balu Surya,new,2022-2025,tnpl,,
1428413,J Prem Kumar,J Prem Kumar,new,2024-2026,tnpl,,
11412,Lokesh Raj,Lokesh Raj,new,2018-2026,tnpl,,
1428116,K Aashiq,K Aashiq,new,2025-2026,tnpl,,
12938,RS Mokit Hariharan,RS Mokit Hariharan,new,2017-2026,tnpl,,
1428154,S Dinesh Raj,S Dinesh Raj,new,2024-2026,tnpl,,
11679,M Silambarasan,M Silambarasan,new,2016-2026,tnpl,,
1453091,N Sunil Krishna,N Sunil Krishna,new,2025-2025,tnpl,,
11642,Sujay,Sujay,new,2016-2025,tnpl,,
13872,Suresh Kumar,Suresh Kumar,exact_name,2021-2026,tnpl,,2019-2019
1428150,Waseem Ahmed,Waseem Ahmed,new,2024-2026,tnpl,,
10916,Jafar Jamal,Jafar Jamal,exact_name,2022-2026,tnpl,,2016-2016
11625,U Mukilesh,U Mukilesh,new,2018-2026,tnpl,,
13857,P Saravana Kumar,P Saravana Kumar,exact_name,2019-2026,tnpl,,2021-2021
10674,Jagatheesan Kousik,J Kousik,unique_surname,2016-2026,tnpl,,2016-2021
15294,N Selva Kumaran,N Selva Kumaran,new,2019-2026,tnpl,,
11613,V Athisayaraj Davidson,V Athisayaraj Davidson,exact_name,2016-2026,tnpl,,2018-2018
11614,M Ganesh Moorthi,M Ganesh Moorthi,new,2016-2026,tnpl,,
46293,Emmanuel Cherian,Emmanuel Cherian,new,2024-2026,tnpl,,
19781,Valliappan Yudheeswaran,Valliappan Yudheeswaran,new,2021-2026,tnpl,,
1428330,Uday Kumar M,Uday Kumar M,new,2025-2026,tnpl,,
12378,Sachin Rathi,Sachin Rathi,new,2024-2026,tnpl,,
15282,NS Harish,NS Harish,new,2019-2026,tnpl,,
1428098,D Santhosh Kumar,D Santhosh Kumar,new,2024-2026,tnpl,,
11599,PS Nirmal Kumar,PS Nirmal Kumar,new,2024-2025,tnpl,,
13869,Muhammed Adnan Khan,Muhammed Adnan Khan,new,2018-2026,tnpl,,
46275,Ram Arvindh,Ram Arvindh,new,2023-2026,tnpl,,
10256,Balchander Anirudh,Balchander Anirudh,new,2018-2026,tnpl,,
11622,NS Chaturved,NS Chaturved,exact_name,2016-2026,tnpl,,2019-2019
19907,P Saravanan,P Saravanan,new,2022-2026,tnpl,,
19791,Atheeq Ur Rahman,Atheeq Ur Rahman,new,2021-2026,tnpl,,
13873,S Ganesh,S Ganesh,new,2019-2026,tnpl,,
1453169,Surya Anand S,Surya Anand S,new,2025-2025,tnpl,,
46230,P Vignesh,P Vignesh,new,2024-2026,tnpl,,
11586,Thamarai Kannan,Thamarai Kannan,new,2016-2026,tnpl,,
11681,ME Yazh Arun Mozhi,ME Yazh Arun Mozhi,new,2016-2026,tnpl,,
12934,M Poiyamozhi,M Poiyamozhi,new,2017-2026,tnpl,,
11582,S Ajith Ram,S Ajith Ram,new,2016-2026,tnpl,,
11653,Harish Kumar,Harish Kumar (cb11653),new,2016-2026,tnpl,,
11671,S Abishiek,S Abishiek,new,2016-2026,tnpl,,
11408,Nidhish Rajagopal,Nidhish Rajagopal,new,2018-2026,tnpl,,
11624,R Kavin,R Kavin,new,2016-2026,tnpl,,
11680,R Vivek,R Vivek,new,2016-2026,tnpl,,
1453064,R K Jayant,R K Jayant,new,2025-2026,tnpl,,
12567,S Radhakrishnan,S Radhakrishnan,new,2021-2026,tnpl,,
46303,J Gowri Sankar,J Gowri Sankar,new,2023-2025,tnpl,,
27331,K Easwaran,K Easwaran,new,2022-2026,tnpl,,
51949,Madhava Prasad,Madhava Prasad,new,2025-2026,tnpl,,
46296,N Kabilan,N Kabilan,new,2024-2025,tnpl,,
1453160,S Rajalingam,S Rajalingam,new,2025-2026,tnpl,,
46219,C Sarath Kumar,C Sarath Kumar,new,2023-2025,tnpl,,
12623,Ferrario,Ferrario,new,2021-2025,tnpl,,
1453055,Guru Raghavendran,Guru Raghavendran,new,2025-2025,tnpl,,
46279,P Vidyuth,P Vidyuth,new,2023-2026,tnpl,,
11650,S Mohan Prasath,S Mohan Prasath,new,2016-2026,tnpl,,
1454884,Eshwar M,Eshwar M,new,2025-2026,tnpl,,
19906,Rocky Bhasker,Rocky Bhasker,new,2021-2026,tnpl,,
11678,S Shyam Sundar,S Shyam Sundar,new,2024-2026,tnpl,,
1428177,Shankar Ganesh,Shankar Ganesh,new,2024-2025,tnpl,,
27338,Karthick Manikandan,Karthick Manikandan,new,2022-2026,tnpl,,
11588,R Alexander,R Alexander,new,2016-2025,tnpl,,
13881,R Divakar,R Divakar,new,2018-2026,tnpl,,
1455097,Athish SR,Athish SR,new,2025-2026,tnpl,,
15276,Dev Rahul,Dev Rahul,new,2019-2026,tnpl,,
1428118,J Ajay Chetan,J Ajay Chetan,new,2024-2025,tnpl,,
8195,Aushik Srinivas,Aushik Srinivas,new,2016-2025,tnpl,,
27289,Ajay Krishna,Ajay Krishna,new,2022-2025,tnpl,,
1455009,Dinesh H,Dinesh H,new,2025-2026,tnpl,,
27368,M Ayush,M Ayush,new,2024-2025,tnpl,,
1428312,V Anovankar,V Anovankar,new,2025-2026,tnpl,,
1457088,Sasidharan R,Sasidharan R,new,2025-2025,tnpl,,
1457229,Bhuvaneshwar V,Bhuvaneshwar V,new,2025-2025,tnpl,,
1453082,Atul Vitkar,Atul Vitkar,new,2025-2026,tnpl,,
1476673,Nirankar Sharma,Nirankar Sharma,new,2026-2026,tnpl,,
1476681,Sakthi Karuppasamy,Sakthi Karuppasamy,new,2026-2026,tnpl,,
1476661,Anuraag Rajesh Nair,Anuraag Rajesh Nair,new,2026-2026,tnpl,,
1453151,Deepesh Devendran,Deepesh Devendran,new,2026-2026,tnpl,,
11648,Shoaib Md Khan,Shoaib Md Khan,new,2016-2026,tnpl,,
1476761,Siddharth Mahadevan,Siddharth Mahadevan,new,2026-2026,tnpl,,
1428325,R Ram Kumar,R Ram Kumar,new,2026-2026,tnpl,,
1476751,Kiran Karthikeyan,Kiran Karthikeyan,new,2026-2026,tnpl,,
1476651,Vignesh M,Vignesh M,new,2026-2026,tnpl,,
15455,Ashwanth Valthapa,Ashwanth Valthapa,new,2026-2026,tnpl,,
1476641,Mohana Prasath,Mohana Prasath,new,2026-2026,tnpl,,
1476731,Abhinav K,Abhinav K,new,2026-2026,tnpl,,
1457020,RS Ambrish,RS Ambrish,new,2026-2026,tnpl,,
12927,K Deeban Lingesh,K Deeban Lingesh,new,2017-2026,tnpl,,
46181,B Iyappan,B Iyappan,new,2026-2026,tnpl,,
19861,G Kishoor,G Kishoor,new,2022-2026,tnpl,,
1464991,BK Kishore,BK Kishore,new,2026-2026,tnpl,,
1453142,Selvaganapathi S,Selvaganapathi S,new,2026-2026,tnpl,,
46205,Rohan Bhutra,Rohan Bhutra,new,2026-2026,tnpl,,
1476801,Bhavan Suriya S,Bhavan Suriya S,new,2026-2026,tnpl,,
13865,Manav Parakh,Manav Parakh,new,2026-2026,tnpl,,
46198,M Viju Arul,M Viju Arul,new,2023-2026,tnpl,,
1465099,VK Vineeth,VK Vineeth,new,2026-2026,tnpl,,
1476781,Sachin Sre Dev,Sachin Sre Dev,new,2026-2026,tnpl,,
1476671,Krish E,Krish E,new,2026-2026,tnpl,,
15295,Sudhan Sanjeevi,Sudhan Sanjeevi,new,2023-2026,tnpl,,
1476741,Hari Ragavendra V,Hari Ragavendra V,new,2026-2026,tnpl,,
1476811,Sai Shriram G,Sai Shriram G,new,2026-2026,tnpl,,
19887,H Prashid Akash,H Prashid Akash,new,2026-2026,tnpl,,
1433356,Pranav Ragavendra,Pranav Ragavendra,new,2026-2026,tnpl,,
1476721,Wafar K,Wafar K,new,2026-2026,tnpl,,
1476691,Bharath M,Bharath M,new,2026-2026,tnpl,,
8200,Kaushik Gandhi,Kaushik Gandhi,new,2016-2023,tnpl,,
11616,Maaruthi Raghav,Maaruthi Raghav,new,2016-2019,tnpl,,
9623,U Sushil,U Sushil,new,2016-2021,tnpl,,
11621,Akash Sumra,Akash Sumra,new,2016-2023,tnpl,,
11619,R Sathyanarayan,R Sathyanarayan,new,2016-2019,tnpl,,
96,Lakshmipathy Balaji,L Balaji,exact_name,2016-2016,tnpl,Lakshmipathy Balaji,2008-2014
11574,Tamil Kumaran,Tamil Kumaran,new,2016-2019,tnpl,,
11598,SI Vasudevan,SI Vasudevan,new,2016-2016,tnpl,,
9236,Thalaivan Sargunam,Thalaivan Sargunam,new,2016-2022,tnpl,,
11575,Vasanth Saravanan,Vasanth Saravanan,new,2016-2019,tnpl,,
11593,Baskaran Rahul,Baskaran Rahul,new,2016-2018,tnpl,,
11645,M Vijay Kumar,M Vijay Kumar,new,2016-2017,tnpl,,
11647,Rajhamany Srinivasan,Rajhamany Srinivasan,new,2016-2021,tnpl,,
6306,Chandrasekar Ganapathy,C Ganapathy,exact_name,2016-2019,tnpl,Chandrasekar Ganapathy,2010-2010
11651,Kiran Akash,Kiran Akash,new,2016-2024,tnpl,,
11638,S Lokeshwar,S Lokeshwar,new,2016-2017,tnpl,,
11646,Suresh Babu,Suresh Babu,new,2016-2019,tnpl,,
11633,Lakshmi Narayanan,Lakshmi Narayanan,new,2016-2018,tnpl,,
11630,GV Vignesh,GV Vignesh,new,2016-2024,tnpl,,
11656,Akshay Srinivasan,Akshay Srinivasan,new,2016-2023,tnpl,,
11584,B Anirudh Sita Ram,B Anirudh Sita Ram,new,2016-2021,tnpl,,
7929,JS Mohammad,JS Mohammad,new,2016-2017,tnpl,,
11655,MK Sivakumar,MK Sivakumar,new,2016-2018,tnpl,,
8798,Ravi Kumar Rohith,Ravi Kumar Rohith,new,2016-2018,tnpl,,
11658,Krishnamoorthy Vignesh,Krishnamoorthy Vignesh,exact_name,2016-2022,tnpl,,2018-2019
11585,B Arun,B Arun,new,2016-2022,tnpl,,
10304,Murthy Prabhu,Murthy Prabhu,new,2016-2017,tnpl,,
11606,Rajamani Jesuraj,Rajamani Jesuraj,new,2016-2018,tnpl,,
8193,Jagannathan Kaushik,Jagannathan Kaushik,new,2016-2019,tnpl,,
11605,L Ganesh,L Ganesh,new,2016-2016,tnpl,,
9294,Alagh Prathiban,Alagh Prathiban,new,2016-2017,tnpl,,
10286,Bharath Shankar,Bharath Shankar,new,2016-2018,tnpl,,
11607,Nilesh Subramanian,Nilesh Subramanian,new,2016-2019,tnpl,,
11601,Adithya Ganesh,Adithya Ganesh,new,2016-2023,tnpl,,
11576,V Subramania Siva,V Subramania Siva,new,2016-2019,tnpl,,
11580,Wilkins Victor,Wilkins Victor,new,2016-2019,tnpl,,
11578,Sunny Kumar Singh,Sunny Kumar Singh,new,2016-2018,tnpl,,
11674,VRS Guru Kedarnath,VRS Guru Kedarnath,new,2016-2016,tnpl,,
11677,MS Sanjay,MS Sanjay,new,2016-2022,tnpl,,
10635,Lakshminarayanan Vignesh,Lakshminarayanan Vignesh,new,2016-2023,tnpl,,
11666,M Raja,M Raja,new,2016-2022,tnpl,,
11663,SV Muruganantham,SV Muruganantham,new,2016-2017,tnpl,,
6294,Ganapathi Vignesh,Ganapathi Vignesh,new,2016-2016,tnpl,,
8291,Singamuthu Thiyagarajan,Singamuthu Thiyagarajan,new,2016-2016,tnpl,,
11670,Shijit Chandran,Shijit Chandran,new,2016-2024,tnpl,,
9013,Suresh Kumar,Suresh Kumar,exact_name,2016-2022,tnpl,,2019-2019
11669,S Aswin Kumar,S Aswin Kumar,new,2016-2016,tnpl,,
11661,Francis Rokins,Francis Rokins,new,2016-2023,tnpl,,
11590,Jothimani Gowjith Subhash,Jothimani Gowjith Subhash,new,2016-2017,tnpl,,
11639,Shajahan,Shajahan,new,2016-2024,tnpl,,
11665,Varun Narender,Varun Narender,new,2016-2016,tnpl,,
11579,Ashwin Venkataraman,Ashwin Venkataraman,new,2016-2022,tnpl,,
11612,Subramanian Anand,Subramanian Anand,exact_name,2016-2022,tnpl,,2019-2021
11673,S Dinesh,S Dinesh,new,2016-2021,tnpl,,
11657,S Tarun Srinivas,S Tarun Srinivas,new,2016-2016,tnpl,,
11664,Pitchaiayan Sakthi,Pitchaiayan Sakthi,new,2016-2016,tnpl,,
1720,Abhinav Mukund,A Mukund,exact_name,2016-2019,tnpl,Abhinav Mukund,2008-2018
11617,SP Nathan,SP Nathan,new,2016-2019,tnpl,,
11609,S Siddharth,S Siddharth,new,2016-2022,tnpl,,
10343,Rangaraj Suthesh,Rangaraj Suthesh,new,2016-2022,tnpl,,
11620,R Vishaal,R Vishaal,new,2016-2018,tnpl,,
11635,Govindaraj,Govindaraj,new,2016-2016,tnpl,,
11627,Samuel,Samuel,new,2016-2016,tnpl,,
11603,Akkil Srinaath,Akkil Srinaath,new,2016-2019,tnpl,,
1715,Palani Amarnath,Palani Amarnath,new,2016-2017,tnpl,,
11668,Edward Kennedy,Edward Kennedy,new,2016-2017,tnpl,,
11611,Krishna Varun Kumar,Krishna Varun Kumar,new,2016-2016,tnpl,,
11654,Murugesan Kamlesh,Murugesan Kamlesh,new,2016-2019,tnpl,,
11659,Anton A Subikshan,Anton A Subikshan,new,2016-2023,tnpl,,
11706,S Raghunath,S Raghunath,new,2016-2016,tnpl,,
11592,Ashwath Mukumthan,Ashwath Mukumthan,new,2016-2021,tnpl,,
11672,Adithya Arun,Adithya Arun,new,2016-2019,tnpl,,
11676,D Prashanth Prabhu,D Prashanth Prabhu,new,2016-2017,tnpl,,
11662,C Madhu,C Madhu,new,2016-2016,tnpl,,
11610,Trilok Nag,Trilok Nag,new,2016-2023,tnpl,,
11602,B Aditya,B Aditya,new,2016-2017,tnpl,,
11410,S Kishan Kumar,S Kishan Kumar,new,2017-2022,tnpl,,
12943,R Rajan,R Rajan,new,2017-2024,tnpl,,
11591,S Karthik,S Karthik,exact_name,2017-2023,tnpl,,2019-2021
12936,PS Sivaramakrishnan,PS Sivaramakrishnan,new,2017-2017,tnpl,,
12935,S Senthilnathan,S Senthilnathan,new,2017-2019,tnpl,,
11581,Adhithya Giridhar,Adhithya Giridhar,new,2017-2019,tnpl,,
12937,J Jabez Moses,J Jabez Moses,new,2017-2019,tnpl,,
9240,Ravi Karthikeyan,Ravi Karthikeyan,new,2017-2023,tnpl,,
11573,Joel Joseph,Joel Joseph,new,2017-2017,tnpl,,
11643,Swaminathan,Swaminathan,new,2017-2021,tnpl,,
11615,V Lakshman,V Lakshman,new,2017-2019,tnpl,,
11628,Santosh Shiv,Santosh Shiv,new,2017-2023,tnpl,,
11636,S Arun,S Arun,new,2017-2023,tnpl,,
11604,Anthony Mannays,Anthony Mannays,new,2017-2017,tnpl,,
13001,T Ajith Kumar,T Ajith Kumar,new,2017-2021,tnpl,,
13002,N Ganesh,N Ganesh,new,2017-2017,tnpl,,
12942,Ashwin Kumar,Ashwin Kumar,new,2017-2019,tnpl,,
13004,S Aravind,S Aravind,exact_name,2017-2023,tnpl,,2011-2018
12933,Mani Bharathi,Mani Bharathi,new,2017-2023,tnpl,,
11686,Arun Kumar,Arun Kumar (cb11686),new,2017-2022,tnpl,,
13016,Aditya,Aditya,exact_name,2017-2019,tnpl,,2019-2019
12932,Murugan Ganesh,Murugan Ganesh,new,2017-2017,tnpl,,
11652,Mohan Abhinav,Mohan Abhinav,new,2018-2022,tnpl,,
13862,D Rohit,D Rohit,new,2018-2018,tnpl,,
13861,SS Karnavar,SS Karnavar,new,2018-2019,tnpl,,
13870,Prasanth Rajesh,Prasanth Rajesh,new,2018-2018,tnpl,,
13879,S Ashwath,S Ashwath,new,2018-2018,tnpl,,
13867,S Manigandan,S Manigandan,new,2018-2023,tnpl,,
13864,A Aarif,A Aarif,new,2018-2019,tnpl,,
13856,Govinda Raajan,Govinda Raajan,new,2018-2018,tnpl,,
13880,S Chandrashekar,S Chandrashekar,new,2018-2018,tnpl,,
13882,C Shriram,C Shriram,new,2018-2018,tnpl,,
13853,Varun Totadri,Varun Totadri,new,2018-2018,tnpl,,
11632,Samruddh Bhat,Samruddh Bhat,new,2018-2018,tnpl,,
13883,U Vishal,U Vishal,new,2018-2018,tnpl,,
13868,R Mithun,R Mithun,new,2018-2024,tnpl,,
13871,Sumant Jain,Sumant Jain,new,2019-2021,tnpl,,
11589,Aditya Barooah,Aditya Barooah,new,2019-2019,tnpl,,
13877,Shubham Mehta,Shubham Mehta,new,2019-2019,tnpl,,
15280,Rajendran Karthikeyan,Rajendran Karthikeyan,new,2019-2023,tnpl,,
15278,M Sathya Raj,M Sathya Raj,new,2019-2019,tnpl,,
13875,S Boopalan,S Boopalan,new,2019-2023,tnpl,,
15279,A Sarath Raj,A Sarath Raj,new,2019-2019,tnpl,,
15281,N Mohammed Ashik,N Mohammed Ashik,new,2019-2021,tnpl,,
11682,K Mukunth,K Mukunth,new,2019-2022,tnpl,,
13878,A Venkatesh,A Venkatesh (cb13878),new,2019-2019,tnpl,,
15288,B Praanesh,B Praanesh,new,2019-2022,tnpl,,
15284,Ashwin Balaji,Ashwin Balaji,new,2019-2019,tnpl,,
13859,MS Promoth,MS Promoth,new,2019-2019,tnpl,,
15342,Karthik Shanmugam,Karthik Shanmugam,new,2019-2019,tnpl,,
15300,Akash Sivan,Akash Sivan,new,2019-2019,tnpl,,
15283,P Sugendhiran,P Sugendhiran,new,2019-2023,tnpl,,
19777,Elangovan Srinivasan,Elangovan Srinivasan,new,2021-2021,tnpl,,
14297,Sharun Kumar,Sharun Kumar,new,2021-2021,tnpl,,
19882,Sri Neranjan,Sri Neranjan,new,2021-2023,tnpl,,
15794,Arjun Murthy,Arjun Murthy,new,2021-2024,tnpl,,
11406,S Abishiek,S Abishiek (cb11406),new,2021-2023,tnpl,,
19857,M Suganesh,M Suganesh,new,2021-2021,tnpl,,
15292,M Rooban Raj,M Rooban Raj,new,2021-2022,tnpl,,
19817,Alliraj Karuppusamy,Alliraj Karuppusamy,new,2021-2024,tnpl,,
11407,P Praveen Kumar,P Praveen Kumar,new,2021-2021,tnpl,,
19911,Sugenthiran,Sugenthiran,new,2021-2021,tnpl,,
19896,V Gowtham,V Gowtham,new,2021-2023,tnpl,,
15291,AVR Rathnam,AVR Rathnam,new,2021-2021,tnpl,,
19822,Affan Khader,Affan Khader,new,2021-2021,tnpl,,
15293,T Veeramani,T Veeramani,new,2021-2023,tnpl,,
8663,AG Pradeep,AG Pradeep,new,2022-2022,tnpl,,
9212,K Monish,K Monish,new,2022-2023,tnpl,,
27436,Manoj Kumar,Manoj Kumar (cb27436),new,2022-2022,tnpl,,
27366,V Aaditya,V Aaditya,new,2022-2023,tnpl,,
27324,Arya Yohan Menon,Arya Yohan Menon,new,2022-2022,tnpl,,
19827,L Sathiyannaarayan,L Sathiyannaarayan,new,2022-2022,tnpl,,
28038,VP Diran,VP Diran,new,2022-2024,tnpl,,
27408,Pranav Kumar,Pranav Kumar,new,2022-2022,tnpl,,
27298,N Niranjan,N Niranjan,new,2022-2022,tnpl,,
27375,Vignesh Iyer,Vignesh Iyer,new,2022-2022,tnpl,,
27291,S Gokul Moorthi,S Gokul Moorthi,new,2022-2022,tnpl,,
19852,R Ganesh,R Ganesh,new,2022-2022,tnpl,,
12928,Manish Ravi,Manish Ravi,new,2022-2022,tnpl,,
19812,Advaith Sharma,Advaith Sharma,new,2022-2022,tnpl,,
46317,Sachin Rathi,Sachin Rathi (cb46317),new,2023-2023,tnpl,,
46573,Lakshay Jain S,Lakshay Jain S,new,2023-2024,tnpl,,
46286,SJ Arun Kumar,SJ Arun Kumar,new,2023-2024,tnpl,,
46104,G Godson,G Godson,new,2023-2024,tnpl,,
46338,S Sri Abisek,S Sri Abisek,new,2023-2024,tnpl,,
46730,Rahul,Rahul,new,2023-2023,tnpl,,
46118,SP Vinod,SP Vinod,new,2023-2024,tnpl,,
46188,S Madhan Kumar,S Madhan Kumar,new,2023-2023,tnpl,,
46114,T Saran,T Saran,new,2023-2023,tnpl,,
46709,Gohulmoorthi S,Gohulmoorthi S,new,2023-2024,tnpl,,
27326,Krish Jain,Krish Jain,new,2023-2023,tnpl,,
46195,R Sibi,R Sibi,new,2023-2023,tnpl,,
46226,ME Tamil Dhileepan,ME Tamil Dhileepan,new,2024-2024,tnpl,,
1428172,R Kirubakar,R Kirubakar,new,2024-2024,tnpl,,
1428181,Akram Khan,Akram Khan,new,2024-2024,tnpl,,
46734,S Guru Sayee,S Guru Sayee,new,2024-2024,tnpl,,
1428161,J Rohan,J Rohan,new,2024-2024,tnpl,,
7971,Baard,SJ Baard,team_context,2021-2021,uae_summer_t20_bash,Stephan Julian Baard,2019-2022
9890,Zane Green,ZE Green,team_context,2021-2021,uae_summer_t20_bash,Zane Edward Green,2019-2026
7970,Craig Williams,CG Williams,team_context,2021-2021,uae_summer_t20_bash,Craig George Williams,2019-2022
7982,Pikky Ya France,Pikky Ya France,new,2021-2021,uae_summer_t20_bash,,
13096,Karl Birkenstock,K Birkenstock,team_context,2021-2021,uae_summer_t20_bash,Karl Johan Birkenstock,2019-2021
1461528,Akshay Dubey,Akshay Dubey,new,2025-2025,uppl,,
52911,Rituraj Sharma,Rituraj Sharma,new,2025-2025,uppl,,
1461509,Ritik Vats,Ritik Vats,new,2025-2025,uppl,,
52460,Sahab Yuvraj,Sahab Yuvraj,new,2025-2025,uppl,,
1461520,Vishal Chaudhary,Vishal Chaudhary,new,2025-2025,uppl,,
10946,Zeeshan Ansari,Zeeshan Ansari,exact_name,2025-2025,uppl,Zeeshan Ansari,2019-2025
1461543,Yash Garg,Yash Garg,new,2025-2025,uppl,,
1431803,Vijay Kumar,Vijay Kumar (cb1431803),new,2025-2025,uppl,,
1461484,Shubham Mishra,Shubham Mishra,new,2025-2025,uppl,,
14658,Bobby Yadav,Bobby Yadav,exact_name,2025-2025,uppl,,2019-2019
1461473,Priyanshu Gautam,Priyanshu Gautam,new,2025-2025,uppl,,
1461466,Mukesh Kumar,Mukesh Kumar,exact_name,2025-2025,uppl,Mukesh Kumar,2016-2026
1461429,Inzamam Hussain,Inzamam Hussain,new,2025-2025,uppl,,
1461454,Shaurya Singh,Shaurya Singh,new,2025-2025,uppl,,
51746,Adarsh Singh,Adarsh Singh,new,2025-2025,uppl,,
1461465,Shubhanker Shukla,Shubhanker Shukla,new,2025-2025,uppl,,
19182,Abhishek Pandey,Abhishek Pandey,exact_name,2025-2025,uppl,,2021-2021
15508,Uvais Ahmad,Uvais Ahmad,exact_name,2025-2025,uppl,,2019-2019
24236,Yashovardhan Singh,Yashovardhan Singh,new,2025-2025,uppl,,
1461697,Aranav Baliyan,Aranav Baliyan,new,2025-2025,uppl,,
1461785,Sunil Kumar,Sunil Kumar (cb1461785),new,2025-2025,uppl,,
22611,Vasu Vats,Vasu Vats,new,2025-2025,uppl,,
1461616,Abdul Rehman,Abdul Rehman,new,2025-2025,uppl,,
14672,Ankit Chaudhary,Ankit Chaudhary,exact_name,2025-2025,uppl,,2019-2019
1450656,Anchit Yadav,Anchit Yadav,new,2025-2025,uppl,,
1461605,Siddharth Yadav,Siddharth Yadav,new,2025-2025,uppl,,
51091,Nishant Kushwaha,Nishant Kushwaha,new,2025-2025,uppl,,
15725,Hardeep Singh,Hardeep Singh (cb15725),new,2025-2025,uppl,,
1461817,Abhay Prathap Singh,Abhay Prathap Singh,new,2025-2025,uppl,,
1431819,Kritagya Singh,Kritagya Singh,new,2025-2025,uppl,,
1461686,Parv Singh,Parv Singh,new,2025-2025,uppl,,
1461630,Akshu Bajwa,Akshu Bajwa,new,2025-2025,uppl,,
1461641,Kishan Kumar Singh,Kishan Kumar Singh,new,2025-2025,uppl,,
1461587,Kunal Tyagi,Kunal Tyagi,new,2025-2025,uppl,,
1461594,Mohammed Sharim,Mohammed Sharim,new,2025-2025,uppl,,
1461553,Anivesh Choudhary,Anivesh Choudhary,new,2025-2025,uppl,,
1446929,Aaditya Sharma,Aaditya Sharma,new,2025-2025,uppl,,
1461564,Priyanshu Pandey,Priyanshu Pandey,new,2025-2025,uppl,,
1461719,Rishabh Rajput,Rishabh Rajput,new,2025-2025,uppl,,
1461443,Yashu Pradhan,Yashu Pradhan,new,2025-2025,uppl,,
1450618,Vaibhav Chaudhary,Vaibhav Chaudhary,new,2025-2025,uppl,,
1461840,Karan Chaudhary,Karan Chaudhary,new,2025-2025,uppl,,
14610,Nalin Mishra,Nalin Mishra,exact_name,2025-2025,uppl,,2021-2021
1461902,Abhishek Yadav,Abhishek Yadav,exact_name,2025-2025,uppl,,2016-2021
1461924,Kartik Siddhu,Kartik Siddhu,new,2025-2025,uppl,,
1461565,Rahul Rajpal,Rahul Rajpal,new,2025-2025,uppl,,
1461939,Satyam Sangu,Satyam Sangu,new,2025-2025,uppl,,
1461971,Teerath Singh,Teerath Singh,new,2025-2025,uppl,,
1461729,Saksham Rai,Saksham Rai,new,2025-2025,uppl,,
19382,Vipin Dhaka,Vipin Dhaka,exact_name,2025-2025,uppl,,2021-2021
1461495,Divyansh Rajput,Divyansh Rajput,new,2025-2025,uppl,,
1461583,Ajay Kumar,Ajay Kumar (cb1461583),new,2025-2025,uppl,,
1462059,Deepak Rana,Deepak Rana,new,2025-2025,uppl,,
1447073,Abhinandan Singh,Abhinandan Singh,exact_name,2025-2025,uppl,,2026-2026
52411,Shoaib Siddiqui,Shoaib Siddiqui,new,2025-2025,uppl,,
10643,Almas Shaukat,Almas Shaukat,new,2025-2025,uppl,,
1462067,Bhaskar Bhardwaj,Bhaskar Bhardwaj,new,2025-2025,uppl,,
1461561,Kavya Teotia,Kavya Teotia,new,2025-2025,uppl,,
1462089,Mohd Shibli,Mohd Shibli,new,2025-2025,uppl,,
1462144,Deepak Rajput,Deepak Rajput,new,2025-2025,uppl,,
1462133,Shubh Khanna,Shubh Khanna,new,2025-2025,uppl,,
1462155,Ankur Sharma,Ankur Sharma (cb1462155),new,2025-2025,uppl,,
1462181,Nadeem,Nadeem,new,2025-2025,uppl,,
1461627,Vishal Nishad,Vishal Nishad,new,2025-2025,uppl,,
1462213,Aryan Chaudhary,Aryan Chaudhary,new,2025-2025,uppl,,
52313,Mohamed Amaan,Mohamed Amaan,new,2025-2025,uppl,,
1462258,Anshuman Singh,Anshuman Singh,new,2025-2025,uppl,,
1461576,Mohammed Aashiyan,Mohammed Aashiyan,new,2025-2025,uppl,,
1461671,Navneet Kumar,Navneet Kumar,new,2025-2025,uppl,,
1461737,Bhavy Goyal,Bhavy Goyal,new,2025-2025,uppl,,
1462408,Ashsih Yadav,Ashsih Yadav,new,2025-2025,uppl,,
1462467,Ansh Dwivedi,Ansh Dwivedi,new,2025-2025,uppl,,
1462529,Satyam Pandey,Satyam Pandey,new,2025-2025,uppl,,
1449835,Ansh Yadav,Ansh Yadav (cb1449835),new,2025-2025,uppl,,
1462606,Prashanth Chaudhary,Prashanth Chaudhary,new,2025-2025,uppl,,
